lake,date,source,water_km2,valid_percent,window,clear,mndwi_km2,scl_water_km2,mndwi_gt_minus0.1_km2,cloud_pct,pct_of_jrc_max,seconds,items
Darbandikhan,2008-06-10,landsat-5 path 168,40.59,99.93,Landsat,1,40.00,,,0.00,41.1,0.0,LT05_L2SP_168035_20080610_02_T1|LT05_L2SP_168036_20080610_02_T1
Darbandikhan,2008-06-26,landsat-5 path 168,37.72,100.00,Landsat,1,37.00,,,0.00,38.2,0.0,LT05_L2SP_168035_20080626_02_T1|LT05_L2SP_168036_20080626_02_T1
Darbandikhan,2013-06-08,landsat-8 path 168,49.19,100.00,Landsat,1,54.67,,,0.58,49.8,0.0,LC08_L2SP_168035_20130608_02_T1|LC08_L2SP_168036_20130608_02_T1
Darbandikhan,2013-06-24,landsat-8 path 168,63.47,81.25,Landsat,0,62.92,,,0.10,64.3,0.0,LC08_L2SP_168036_20130624_02_T1
Darbandikhan,2017-05-29,Sentinel-2 2A R092,98.36,100.00,late-May/Jun,1,96.16,70.18,99.68,0.05,99.6,0.0,S2A_MSIL2A_20170529T073611_R092_T38SNE_20210209T185629|S2A_MSIL2A_20170529T073611_R092_T38SND_20210209T185633
Darbandikhan,2017-06-18,Sentinel-2 2A R092,121.51,100.00,late-May/Jun,0,160.52,54.35,205.52,10.30,123.1,0.0,S2A_MSIL2A_20170618T073611_R092_T38SNE_20210209T235121|S2A_MSIL2A_20170618T073611_R092_T38SND_20210209T235115
Darbandikhan,2017-09-06,Sentinel-2 2A R092,61.32,100.00,Sep/Oct,1,59.06,49.01,61.15,0.01,62.1,0.0,S2A_MSIL2A_20170906T073611_R092_T38SNE_20210201T193735|S2A_MSIL2A_20170906T073611_R092_T38SND_20210201T193734
Darbandikhan,2017-09-21,Sentinel-2 2B R092,58.11,100.00,Sep/Oct,1,55.80,46.96,58.33,0.03,58.9,0.0,S2B_MSIL2A_20170921T073559_R092_T38SNE_20210202T073450|S2B_MSIL2A_20170921T073559_R092_T38SND_20210202T073451
Darbandikhan,2017-10-16,Sentinel-2 2A R092,56.22,100.00,Sep/Oct,1,48.71,49.07,53.23,0.02,57.0,0.0,S2A_MSIL2A_20171016T073911_R092_T38SNE_20201015T001250|S2A_MSIL2A_20171016T073911_R092_T38SND_20201015T001411
Darbandikhan,2018-06-08,Sentinel-2 2B R092,48.69,100.00,late-May/Jun,1,37.51,39.54,48.01,0.16,49.3,0.0,S2B_MSIL2A_20180608T073609_R092_T38SNE_20201026T192440|S2B_MSIL2A_20180608T073609_R092_T38SND_20201026T192438
Darbandikhan,2018-06-13,Sentinel-2 2A R092,51.38,100.00,late-May/Jun,1,46.70,42.58,50.00,0.04,52.1,0.0,S2A_MSIL2A_20180613T073611_R092_T38SNE_20201026T233627|S2A_MSIL2A_20180613T073611_R092_T38SND_20201026T233631
Darbandikhan,2018-06-18,Sentinel-2 2B R092,40.39,100.00,late-May/Jun,1,30.68,42.44,45.95,0.03,40.9,0.0,S2B_MSIL2A_20180618T073609_R092_T38SNE_20201011T234034|S2B_MSIL2A_20180618T073609_R092_T38SND_20201011T234032
Darbandikhan,2018-09-21,Sentinel-2 2A R092,40.16,100.00,Sep/Oct,1,36.92,36.11,39.03,0.03,40.7,0.0,S2A_MSIL2A_20180921T073611_R092_T38SNE_20201009T032000|S2A_MSIL2A_20180921T073611_R092_T38SND_20201009T032003
Darbandikhan,2018-09-26,Sentinel-2 2B R092,39.75,100.00,Sep/Oct,1,37.93,38.74,39.59,0.03,40.3,0.0,S2B_MSIL2A_20180926T073639_R092_T38SNE_20201009T051233|S2B_MSIL2A_20180926T073639_R092_T38SND_20201009T051236
Darbandikhan,2018-10-01,Sentinel-2 2A R092,39.73,100.00,Sep/Oct,1,36.11,35.54,38.55,0.05,40.3,0.0,S2A_MSIL2A_20181001T073721_R092_T38SNE_20201030T220710|S2A_MSIL2A_20181001T073721_R092_T38SND_20201009T065023
Darbandikhan,2019-05-24,Sentinel-2 2B R092,99.38,100.00,late-May/Jun,1,95.00,53.59,102.06,0.05,100.7,0.0,S2B_MSIL2A_20190524T073619_R092_T38SNE_20201006T175414|S2B_MSIL2A_20190524T073619_R092_T38SND_20201006T175411
Darbandikhan,2019-05-24,landsat-8 path 168,91.94,100.00,Landsat,1,101.14,,,0.85,93.1,0.0,LC08_L2SP_168035_20190524_02_T1|LC08_L2SP_168036_20190524_02_T1
Darbandikhan,2019-05-29,Sentinel-2 2A R092,103.77,100.00,late-May/Jun,1,102.06,90.86,105.85,0.09,105.1,0.0,S2A_MSIL2A_20190529T073621_R092_T38SNE_20201006T194021|S2A_MSIL2A_20190529T073621_R092_T38SND_20201006T194020
Darbandikhan,2019-06-03,Sentinel-2 2B R092,102.93,100.00,late-May/Jun,1,101.87,85.88,104.49,0.08,104.3,0.0,S2B_MSIL2A_20190603T073619_R092_T38SNE_20201005T214115|S2B_MSIL2A_20190603T073619_R092_T38SND_20201005T214115
Darbandikhan,2019-06-09,landsat-8 path 168,98.77,95.17,Landsat,0,101.40,,,2.60,100.1,0.0,LC08_L2SP_168036_20190609_02_T1
Darbandikhan,2019-09-21,Sentinel-2 2B R092,60.41,100.00,Sep/Oct,1,58.94,48.84,61.33,0.03,61.2,0.0,S2B_MSIL2A_20190921T073609_R092_T38SNE_20201004T154734|S2B_MSIL2A_20190921T073609_R092_T38SND_20201004T154735
Darbandikhan,2019-10-01,Sentinel-2 2B R092,54.77,100.00,Sep/Oct,1,51.74,52.99,54.23,0.22,55.5,0.0,S2B_MSIL2A_20191001T073719_R092_T38SNE_20201003T212810|S2B_MSIL2A_20191001T073719_R092_T38SND_20201003T212808
Darbandikhan,2019-10-11,Sentinel-2 2B R092,52.07,100.00,Sep/Oct,1,49.18,49.31,51.84,0.13,52.8,0.0,S2B_MSIL2A_20191011T073829_R092_T38SNE_20201004T011117|S2B_MSIL2A_20191011T073829_R092_T38SND_20201004T011115
Darbandikhan,2020-06-07,Sentinel-2 2B R092,71.13,100.00,late-May/Jun,1,63.98,57.30,68.38,0.30,72.1,0.0,S2B_MSIL2A_20200607T073619_R092_T38SNE_20200909T162327|S2B_MSIL2A_20200607T073619_R092_T38SND_20200909T162320
Darbandikhan,2020-06-12,Sentinel-2 2A R092,67.80,100.00,late-May/Jun,1,59.67,52.61,66.52,0.04,68.7,0.0,S2A_MSIL2A_20200612T073621_R092_T38SNE_20200909T162328|S2A_MSIL2A_20200612T073621_R092_T38SND_20200827T015937
Darbandikhan,2020-06-17,Sentinel-2 2B R092,68.47,100.00,late-May/Jun,1,65.72,55.28,69.17,0.02,69.4,0.0,S2B_MSIL2A_20200617T073619_R092_T38SNE_20200823T025521|S2B_MSIL2A_20200617T073619_R092_T38SND_20200919T080410
Darbandikhan,2020-09-20,Sentinel-2 2A R092,49.58,100.00,Sep/Oct,1,47.24,41.81,49.37,0.03,50.2,0.0,S2A_MSIL2A_20200920T073621_R092_T38SNE_20201027T220104|S2A_MSIL2A_20200920T073621_R092_T38SND_20201027T220106
Darbandikhan,2020-09-25,Sentinel-2 2B R092,49.12,100.00,Sep/Oct,1,47.21,46.56,49.28,0.01,49.8,0.0,S2B_MSIL2A_20200925T073649_R092_T38SNE_20200926T232159|S2B_MSIL2A_20200925T073649_R092_T38SND_20200926T232037
Darbandikhan,2020-10-10,Sentinel-2 2A R092,46.67,100.00,Sep/Oct,1,41.41,45.29,44.40,0.04,47.3,0.0,S2A_MSIL2A_20201010T073831_R092_T38SNE_20201012T042715|S2A_MSIL2A_20201010T073831_R092_T38SND_20201012T042723
Darbandikhan,2021-05-28,Sentinel-2 2A R092,41.67,100.00,late-May/Jun,1,37.62,36.82,41.08,0.08,42.2,0.0,S2A_MSIL2A_20210528T073611_R092_T38SNE_20210529T003953|S2A_MSIL2A_20210528T073611_R092_T38SND_20210528T223635
Darbandikhan,2021-06-02,Sentinel-2 2B R092,38.50,100.00,late-May/Jun,1,34.75,36.05,37.78,0.05,39.0,0.0,S2B_MSIL2A_20210602T073619_R092_T38SNE_20210602T222058|S2B_MSIL2A_20210602T073619_R092_T38SND_20210602T235239
Darbandikhan,2021-06-07,Sentinel-2 2A R092,40.20,100.00,late-May/Jun,1,36.87,35.77,40.52,0.13,40.7,0.0,S2A_MSIL2A_20210607T073611_R092_T38SNE_20210610T033044|S2A_MSIL2A_20210607T073611_R092_T38SND_20210610T025804
Darbandikhan,2021-09-30,Sentinel-2 2B R092,36.30,99.99,Sep/Oct,1,34.28,33.68,37.20,0.05,36.8,0.0,S2B_MSIL2A_20210930T073719_R092_T38SNE_20210930T180458|S2B_MSIL2A_20210930T073719_R092_T38SND_20210930T184654
Darbandikhan,2021-10-05,Sentinel-2 2A R092,35.80,99.99,Sep/Oct,1,32.86,33.38,37.51,0.18,36.3,0.0,S2A_MSIL2A_20211005T073751_R092_T38SNE_20211005T180939|S2A_MSIL2A_20211005T073751_R092_T38SND_20211005T173920
Darbandikhan,2021-10-10,Sentinel-2 2B R092,33.62,99.89,Sep/Oct,1,32.22,32.89,35.78,0.09,34.1,0.0,S2B_MSIL2A_20211010T073829_R092_T38SNE_20211010T160408|S2B_MSIL2A_20211010T073829_R092_T38SND_20211010T161241
Darbandikhan,2022-05-28,Sentinel-2 2B R092,44.47,100.00,late-May/Jun,1,31.99,38.29,50.60,0.00,45.1,0.0,S2B_MSIL2A_20220528T073609_R092_T38SNE_20240628T232112|S2B_MSIL2A_20220528T073609_R092_T38SND_20240628T232112
Darbandikhan,2022-06-02,Sentinel-2 2A R092,43.18,100.00,late-May/Jun,1,40.07,37.91,46.44,0.00,43.7,0.0,S2A_MSIL2A_20220602T073621_R092_T38SNE_20220603T025148|S2A_MSIL2A_20220602T073621_R092_T38SND_20220603T033253
Darbandikhan,2022-06-12,Sentinel-2 2A R092,44.68,100.00,late-May/Jun,1,35.85,38.09,48.34,0.00,45.3,0.0,S2A_MSIL2A_20220612T073621_R092_T38SNE_20240629T215807|S2A_MSIL2A_20220612T073621_R092_T38SND_20240629T215807
Darbandikhan,2022-09-25,Sentinel-2 2B R092,37.17,100.00,Sep/Oct,1,34.22,34.87,44.01,0.00,37.7,0.0,S2B_MSIL2A_20220925T073639_R092_T38SNE_20240731T114914|S2B_MSIL2A_20220925T073639_R092_T38SND_20240731T114914
Darbandikhan,2022-09-30,Sentinel-2 2A R092,36.66,100.00,Sep/Oct,1,34.87,34.13,41.98,0.01,37.1,0.0,S2A_MSIL2A_20220930T073721_R092_T38SNE_20240726T041736|S2A_MSIL2A_20220930T073721_R092_T38SND_20240726T041736
Darbandikhan,2022-10-05,Sentinel-2 2B R092,35.79,100.00,Sep/Oct,1,25.15,33.60,41.28,0.01,36.3,0.0,S2B_MSIL2A_20221005T073739_R092_T38SNE_20240724T214808|S2B_MSIL2A_20221005T073739_R092_T38SND_20240724T214808
Darbandikhan,2023-06-12,Sentinel-2 2B R092,73.42,100.00,late-May/Jun,1,56.32,53.56,80.12,0.00,74.4,0.0,S2B_MSIL2A_20230612T073619_R092_T38SNE_20240910T224356|S2B_MSIL2A_20230612T073619_R092_T38SND_20240910T224356
Darbandikhan,2023-06-17,Sentinel-2 2A R092,73.53,100.00,late-May/Jun,1,68.18,53.28,77.16,0.01,74.5,0.0,S2A_MSIL2A_20230617T073621_R092_T38SNE_20230617T134251|S2A_MSIL2A_20230617T073621_R092_T38SND_20230617T123128
Darbandikhan,2023-06-22,Sentinel-2 2B R092,73.61,100.00,late-May/Jun,1,69.82,62.27,79.28,0.00,74.6,0.0,S2B_MSIL2A_20230622T073619_R092_T38SNE_20240926T204043|S2B_MSIL2A_20230622T073619_R092_T38SND_20240926T204043
Darbandikhan,2023-09-10,Sentinel-2 2B R092,64.31,100.00,Sep/Oct,1,36.16,51.19,68.67,0.01,65.2,0.0,S2B_MSIL2A_20230910T073619_R092_T38SNE_20241024T021332|S2B_MSIL2A_20230910T073619_R092_T38SND_20241024T021332
Darbandikhan,2023-09-15,Sentinel-2 2A R092,65.07,100.00,Sep/Oct,1,47.80,51.16,70.78,0.00,65.9,0.0,S2A_MSIL2A_20230915T073621_R092_T38SNE_20241105T021941|S2A_MSIL2A_20230915T073621_R092_T38SND_20241105T021941
Darbandikhan,2023-09-20,Sentinel-2 2B R092,63.97,100.00,Sep/Oct,1,60.04,58.01,70.83,0.00,64.8,0.0,S2B_MSIL2A_20230920T073619_R092_T38SNE_20241027T041153|S2B_MSIL2A_20230920T073619_R092_T38SND_20241027T041153
Darbandikhan,2024-05-27,Sentinel-2 2B R092,108.55,100.00,late-May/Jun,1,104.60,97.48,120.37,0.00,110.0,0.0,S2B_MSIL2A_20240527T073609_R092_T38SNE_20240527T104134|S2B_MSIL2A_20240527T073609_R092_T38SND_20240527T104132
Darbandikhan,2024-06-01,Sentinel-2 2A R092,107.37,100.00,late-May/Jun,1,101.03,94.89,116.90,0.00,108.8,0.0,S2A_MSIL2A_20240601T073621_R092_T38SNE_20240601T121440|S2A_MSIL2A_20240601T073621_R092_T38SND_20240601T121515
Darbandikhan,2024-06-06,Sentinel-2 2B R092,106.51,100.00,late-May/Jun,1,103.40,69.64,113.02,0.00,107.9,0.0,S2B_MSIL2A_20240606T073619_R092_T38SNE_20240606T114211|S2B_MSIL2A_20240606T073619_R092_T38SND_20240606T114131
Darbandikhan,2024-09-29,Sentinel-2 2A R092,78.68,100.00,Sep/Oct,1,75.46,71.47,86.86,0.00,79.7,0.0,S2A_MSIL2A_20240929T073721_R092_T38SNE_20240929T111553|S2A_MSIL2A_20240929T073721_R092_T38SND_20240929T111553
Darbandikhan,2024-10-04,Sentinel-2 2B R092,77.02,100.00,Sep/Oct,1,74.71,70.02,85.70,0.00,78.0,0.0,S2B_MSIL2A_20241004T073659_R092_T38SNE_20241004T100348|S2B_MSIL2A_20241004T073659_R092_T38SND_20241004T100348
Darbandikhan,2024-10-09,Sentinel-2 2A R092,74.88,100.00,Sep/Oct,1,71.92,63.36,81.54,0.00,75.9,0.0,S2A_MSIL2A_20241009T073821_R092_T38SNE_20241009T104747|S2A_MSIL2A_20241009T073821_R092_T38SND_20241009T104747
Darbandikhan,2025-05-27,ERROR,,,late-May/Jun,,,,,,,,request failed after retries: https://planetarycomputer.microsoft.com/api/data/v1/item/statistics?collection=sentinel-2-l2a&item=S2C_MSIL2A_20250527T073631_R092_T38SNE_20250527T113212&coord_ -> HTTP Error 500: Internal Server Error
Darbandikhan,2025-05-29,Sentinel-2 2A R092,50.52,100.00,late-May/Jun,1,40.56,47.71,72.71,0.44,51.2,0.0,S2A_MSIL2A_20250529T074031_R092_T38SNE_20250529T112038|S2A_MSIL2A_20250529T074031_R092_T38SND_20250529T112038
Darbandikhan,2025-06-06,Sentinel-2 2C R092,66.24,100.00,late-May/Jun,1,63.69,53.72,71.14,0.00,67.1,0.0,S2C_MSIL2A_20250606T073631_R092_T38SNE_20250606T102812|S2C_MSIL2A_20250606T073631_R092_T38SND_20250606T102812
Darbandikhan,2025-06-08,Sentinel-2 2A R092,66.08,100.00,late-May/Jun,1,62.93,52.46,70.40,0.00,67.0,0.0,S2A_MSIL2A_20250608T074921_R092_T38SNE_20250608T092411|S2A_MSIL2A_20250608T074921_R092_T38SND_20250608T092411
Darbandikhan,2025-09-29,Sentinel-2 2B R092,47.98,100.00,Sep/Oct,1,45.36,45.33,55.48,0.00,48.6,0.0,S2B_MSIL2A_20250929T073619_R092_T38SNE_20250929T100859|S2B_MSIL2A_20250929T073619_R092_T38SND_20250929T100859
Darbandikhan,2025-10-04,Sentinel-2 2C R092,47.26,100.00,Sep/Oct,1,45.08,43.24,54.39,0.00,47.9,0.0,S2C_MSIL2A_20251004T073801_R092_T38SNE_20251004T114116|S2C_MSIL2A_20251004T073801_R092_T38SND_20251004T114116
Darbandikhan,2025-10-06,Sentinel-2 2A R092,47.18,100.00,Sep/Oct,1,44.74,42.28,53.96,0.00,47.8,0.0,S2A_MSIL2A_20251006T074031_R092_T38SNE_20251006T110219|S2A_MSIL2A_20251006T074031_R092_T38SND_20251006T110219
Darbandikhan,2026-06-01,Sentinel-2 2C R092,111.78,100.00,late-May/Jun,1,108.00,96.74,125.02,0.00,113.3,0.0,S2C_MSIL2A_20260601T073611_R092_T38SNE_20260601T111009|S2C_MSIL2A_20260601T073611_R092_T38SND_20260601T111009
Darbandikhan,2026-06-11,Sentinel-2 2C R092,109.82,100.00,late-May/Jun,1,99.12,86.94,118.60,0.00,111.3,0.0,S2C_MSIL2A_20260611T073611_R092_T38SNE_20260611T110708|S2C_MSIL2A_20260611T073611_R092_T38SND_20260611T110708
Darbandikhan,2026-06-13,Sentinel-2 2A R092,109.67,100.00,late-May/Jun,1,97.90,85.33,117.91,0.07,111.1,0.0,S2A_MSIL2A_20260613T074031_R092_T38SNE_20260613T112314|S2A_MSIL2A_20260613T074031_R092_T38SND_20260613T112314
Darbandikhan,2026-09-09,Sentinel-2 2C R092,72.27,100.00,Sep/Oct,1,38.24,65.14,76.21,0.00,73.2,0.0,S2C_MSIL2A_20260909T073611_R092_T38SNE_20260909T111212|S2C_MSIL2A_20260909T073611_R092_T38SND_20260909T111212
Darbandikhan,2026-09-14,Sentinel-2 2B R092,71.37,100.00,Sep/Oct,1,68.23,56.11,77.17,0.00,72.3,0.0,S2B_MSIL2A_20260914T073609_R092_T38SNE_20260914T113922|S2B_MSIL2A_20260914T073609_R092_T38SND_20260914T113922
Darbandikhan,2026-09-21,Sentinel-2 2A R092,69.99,100.00,Sep/Oct,1,64.91,63.38,77.52,0.00,70.9,0.0,S2A_MSIL2A_20260921T074021_R092_T38SNE_20260921T112412|S2A_MSIL2A_20260921T074021_R092_T38SND_20260921T112412
Dukan,2008-06-01,landsat-5 path 169,135.46,100.00,Landsat,1,135.66,,,0.00,49.2,0.0,LT05_L2SP_169035_20080601_02_T1
Dukan,2008-06-10,landsat-5 path 168,132.52,84.64,Landsat,0,133.12,,,0.00,48.1,0.0,LT05_L2SP_168035_20080610_02_T1
Dukan,2008-06-17,landsat-5 path 169,129.58,100.00,Landsat,1,130.49,,,1.00,47.1,0.0,LT05_L2SP_169035_20080617_02_T1
Dukan,2008-06-26,landsat-5 path 168,125.97,83.99,Landsat,0,126.80,,,0.00,45.8,0.0,LT05_L2SP_168035_20080626_02_T1
Dukan,2013-06-08,landsat-8 path 168,184.60,76.23,Landsat,0,185.48,,,0.36,67.1,0.0,LC08_L2SP_168035_20130608_02_T1
Dukan,2013-06-15,landsat-8 path 169,196.15,100.00,Landsat,1,196.12,,,0.01,71.2,0.0,LC08_L2SP_169035_20130615_02_T1
Dukan,2017-05-22,Sentinel-2 2A R135,225.78,100.00,late-May/Jun,0,225.59,149.84,233.61,0.72,82.0,0.0,S2A_MSIL2A_20170522T074611_R135_T38SNF_20210209T171710|S2A_MSIL2A_20170522T074611_R135_T38SNE_20210209T171656|S2A_MSIL2A_20170522T074611_R135_T38SMF_20210209T171659|S2A_MSIL2A_20170522T074611_R135_T38SME_20210209T171710
Dukan,2017-06-01,Sentinel-2 2A R135,224.72,100.00,late-May/Jun,0,226.74,143.53,240.83,2.47,81.6,0.0,S2A_MSIL2A_20170601T074941_R135_T38SNF_20210209T193945|S2A_MSIL2A_20170601T074941_R135_T38SNE_20210209T193941|S2A_MSIL2A_20170601T074941_R135_T38SMF_20210209T193955|S2A_MSIL2A_20170601T074941_R135_T38SME_20210209T193947
Dukan,2017-06-11,Sentinel-2 2A R135,224.13,100.00,late-May/Jun,0,222.50,95.66,231.86,5.96,81.4,0.0,S2A_MSIL2A_20170611T074611_R135_T38SNF_20210209T220651|S2A_MSIL2A_20170611T074611_R135_T38SNE_20210209T220648|S2A_MSIL2A_20170611T074611_R135_T38SMF_20210209T220700|S2A_MSIL2A_20170611T074611_R135_T38SME_20210209T220711
Dukan,2017-06-21,Sentinel-2 2A R135,222.94,100.00,late-May/Jun,0,220.94,66.92,229.26,4.17,81.0,0.0,S2A_MSIL2A_20170621T074941_R135_T38SNF_20210210T003554|S2A_MSIL2A_20170621T074941_R135_T38SNE_20210210T003549|S2A_MSIL2A_20170621T074941_R135_T38SMF_20210210T003555|S2A_MSIL2A_20170621T074941_R135_T38SME_20210210T003601
Dukan,2017-09-24,Sentinel-2 2B R135,200.92,100.00,Sep/Oct,0,197.44,195.02,205.72,0.93,73.0,0.0,S2B_MSIL2A_20170924T074629_R135_T38SNF_20210202T091749|S2B_MSIL2A_20170924T074629_R135_T38SNE_20210202T091745|S2B_MSIL2A_20170924T074629_R135_T38SMF_20210202T091754|S2B_MSIL2A_20170924T074629_R135_T38SME_20210202T091752
Dukan,2017-09-29,Sentinel-2 2A R135,199.53,100.00,Sep/Oct,1,194.15,191.44,202.48,0.09,72.5,0.0,S2A_MSIL2A_20170929T074941_R135_T38SNF_20210202T113021|S2A_MSIL2A_20170929T074941_R135_T38SNE_20210202T113018|S2A_MSIL2A_20170929T074941_R135_T38SMF_20210202T113028|S2A_MSIL2A_20170929T074941_R135_T38SME_20210202T113029
Dukan,2017-10-14,Sentinel-2 2B R135,197.42,100.00,Sep/Oct,1,193.45,192.30,201.89,0.37,71.7,0.0,S2B_MSIL2A_20171014T074849_R135_T38SNF_20201019T212835|S2B_MSIL2A_20171014T074849_R135_T38SNE_20201015T000550|S2B_MSIL2A_20171014T074849_R135_T38SMF_20201019T213042|S2B_MSIL2A_20171014T074849_R135_T38SME_20201015T001058
Dukan,2017-10-19,Sentinel-2 2A R135,196.35,100.00,Sep/Oct,1,190.09,190.65,199.91,0.23,71.3,0.0,S2A_MSIL2A_20171019T074941_R135_T38SNF_20201015T005058|S2A_MSIL2A_20171019T074941_R135_T38SNE_20201015T005056|S2A_MSIL2A_20171019T074941_R135_T38SMF_20201015T005103|S2A_MSIL2A_20171019T074941_R135_T38SME_20201015T005101
Dukan,2018-05-27,Sentinel-2 2A R135,221.58,100.00,late-May/Jun,0,219.76,149.91,231.23,0.62,80.5,0.0,S2A_MSIL2A_20180527T074731_R135_T38SNF_20201026T105836|S2A_MSIL2A_20180527T074731_R135_T38SNE_20201026T105832|S2A_MSIL2A_20180527T074731_R135_T38SMF_20201012T144454|S2A_MSIL2A_20180527T074731_R135_T38SME_20201012T144452
Dukan,2018-06-01,Sentinel-2 2B R135,228.76,100.00,late-May/Jun,0,238.89,154.11,283.44,13.20,83.1,0.0,S2B_MSIL2A_20180601T074609_R135_T38SNF_20201103T045221|S2B_MSIL2A_20180601T074609_R135_T38SNE_20201026T113224|S2B_MSIL2A_20180601T074609_R135_T38SMF_20201026T113235|S2B_MSIL2A_20180601T074609_R135_T38SME_20201026T113233
Dukan,2018-06-06,Sentinel-2 2A R135,220.77,100.00,late-May/Jun,0,216.70,93.66,226.45,3.35,80.2,0.0,S2A_MSIL2A_20180606T075011_R135_T38SNF_20201026T170739|S2A_MSIL2A_20180606T075011_R135_T38SNE_20201026T170736|S2A_MSIL2A_20180606T075011_R135_T38SMF_20201026T170745|S2A_MSIL2A_20180606T075011_R135_T38SME_20201026T170744
Dukan,2018-06-11,Sentinel-2 2B R135,219.27,100.00,late-May/Jun,1,216.90,181.71,223.74,0.40,79.6,0.0,S2B_MSIL2A_20180611T074609_R135_T38SNF_20201026T221336|S2B_MSIL2A_20180611T074609_R135_T38SNE_20201026T221329|S2B_MSIL2A_20180611T074609_R135_T38SMF_20201026T221337|S2B_MSIL2A_20180611T074609_R135_T38SME_20201026T221338
Dukan,2018-06-21,Sentinel-2 2B R135,217.07,100.00,late-May/Jun,0,214.38,148.53,221.73,1.76,78.8,0.0,S2B_MSIL2A_20180621T074609_R135_T38SNF_20201012T004804|S2B_MSIL2A_20180621T074609_R135_T38SNE_20201012T004800|S2B_MSIL2A_20180621T074609_R135_T38SMF_20201012T004809|S2B_MSIL2A_20180621T074609_R135_T38SME_20201012T004809
Dukan,2018-06-26,Sentinel-2 2A R135,213.85,100.00,late-May/Jun,0,210.88,130.77,219.27,2.08,77.7,0.0,S2A_MSIL2A_20180626T074731_R135_T38SNF_20201012T023229|S2A_MSIL2A_20180626T074731_R135_T38SNE_20201012T023223|S2A_MSIL2A_20180626T074731_R135_T38SMF_20201012T023233|S2A_MSIL2A_20180626T074731_R135_T38SME_20201012T023234
Dukan,2018-09-14,Sentinel-2 2A R135,182.09,100.00,Sep/Oct,1,179.92,165.71,188.43,0.08,66.1,0.0,S2A_MSIL2A_20180914T074611_R135_T38SNF_20201009T010316|S2A_MSIL2A_20180914T074611_R135_T38SNE_20201009T010311|S2A_MSIL2A_20180914T074611_R135_T38SMF_20201009T010320|S2A_MSIL2A_20180914T074611_R135_T38SME_20201009T010321
Dukan,2018-09-24,Sentinel-2 2A R135,178.36,100.00,Sep/Oct,1,175.34,170.23,183.60,0.15,64.8,0.0,S2A_MSIL2A_20180924T074631_R135_T38SNF_20201009T041747|S2A_MSIL2A_20180924T074631_R135_T38SNE_20201009T041742|S2A_MSIL2A_20180924T074631_R135_T38SMF_20201009T041751|S2A_MSIL2A_20180924T074631_R135_T38SME_20201009T041750
Dukan,2018-09-29,Sentinel-2 2B R135,175.61,100.00,Sep/Oct,1,173.12,169.96,180.76,0.06,63.8,0.0,S2B_MSIL2A_20180929T074709_R135_T38SNF_20201009T061807|S2B_MSIL2A_20180929T074709_R135_T38SNE_20201009T061804|S2B_MSIL2A_20180929T074709_R135_T38SMF_20201009T061814|S2B_MSIL2A_20180929T074709_R135_T38SME_20201030T215946
Dukan,2019-05-24,landsat-8 path 168,222.49,71.50,Landsat,0,239.74,,,0.85,80.8,0.0,LC08_L2SP_168035_20190524_02_T1
Dukan,2019-05-31,landsat-8 path 169,271.89,100.00,Landsat,1,276.01,,,1.22,98.8,0.0,LC08_L2SP_169035_20190531_02_T1
Dukan,2019-06-01,Sentinel-2 2A R135,275.90,100.00,late-May/Jun,0,278.38,182.29,287.78,5.18,100.2,0.0,S2A_MSIL2A_20190601T074611_R135_T38SNF_20201005T204001|S2A_MSIL2A_20190601T074611_R135_T38SNE_20201005T203946|S2A_MSIL2A_20190601T074611_R135_T38SMF_20201005T203959|S2A_MSIL2A_20190601T074611_R135_T38SME_20201005T203958
Dukan,2019-06-06,Sentinel-2 2B R135,276.79,100.00,late-May/Jun,0,275.63,114.45,281.91,6.32,100.5,0.0,S2B_MSIL2A_20190606T074619_R135_T38SNF_20201005T225511|S2B_MSIL2A_20190606T074619_R135_T38SNE_20201005T225507|S2B_MSIL2A_20190606T074619_R135_T38SMF_20201005T225516|S2B_MSIL2A_20190606T074619_R135_T38SME_20201005T225517
Dukan,2019-06-16,Sentinel-2 2B R135,275.48,100.00,late-May/Jun,0,274.50,143.84,280.47,1.55,100.1,0.0,S2B_MSIL2A_20190616T074619_R135_T38SNF_20201006T030139|S2B_MSIL2A_20190616T074619_R135_T38SNE_20201006T030136|S2B_MSIL2A_20190616T074619_R135_T38SMF_20201006T030145|S2B_MSIL2A_20190616T074619_R135_T38SME_20201006T030146
Dukan,2019-06-16,landsat-8 path 169,270.35,100.00,Landsat,1,272.79,,,1.37,98.2,0.0,LC08_L2SP_169035_20190616_02_T1
Dukan,2019-06-21,Sentinel-2 2A R135,276.96,100.00,late-May/Jun,0,287.23,158.40,321.54,7.01,100.6,0.0,S2A_MSIL2A_20190621T074621_R135_T38SNF_20201006T045136|S2A_MSIL2A_20190621T074621_R135_T38SNE_20201006T045132|S2A_MSIL2A_20190621T074621_R135_T38SMF_20201006T045139|S2A_MSIL2A_20190621T074621_R135_T38SME_20201006T045142
Dukan,2019-06-26,Sentinel-2 2B R135,237.22,100.00,late-May/Jun,0,256.70,151.63,276.60,1.14,86.2,0.0,S2B_MSIL2A_20190626T074619_R135_T38SNF_20201006T064250|S2B_MSIL2A_20190626T074619_R135_T38SNE_20201006T064247|S2B_MSIL2A_20190626T074619_R135_T38SMF_20201006T064257|S2B_MSIL2A_20190626T074619_R135_T38SME_20201006T064255
Dukan,2019-09-14,Sentinel-2 2B R135,232.90,100.00,Sep/Oct,1,231.36,221.74,240.00,0.05,84.6,0.0,S2B_MSIL2A_20190914T074609_R135_T38SNF_20201004T130925|S2B_MSIL2A_20190914T074609_R135_T38SNE_20201004T130920|S2B_MSIL2A_20190914T074609_R135_T38SMF_20201004T130932|S2B_MSIL2A_20190914T074609_R135_T38SME_20201004T130931
Dukan,2019-09-19,Sentinel-2 2A R135,230.45,100.00,Sep/Oct,0,228.82,223.52,238.05,0.53,83.7,0.0,S2A_MSIL2A_20190919T074611_R135_T38SNF_20201004T145039|S2A_MSIL2A_20190919T074611_R135_T38SNE_20201004T145037|S2A_MSIL2A_20190919T074611_R135_T38SMF_20201004T145049|S2A_MSIL2A_20190919T074611_R135_T38SME_20201004T145049
Dukan,2019-09-24,Sentinel-2 2B R135,227.97,100.00,Sep/Oct,0,227.03,221.36,235.66,1.21,82.8,0.0,S2B_MSIL2A_20190924T074639_R135_T38SNF_20201004T164218|S2B_MSIL2A_20190924T074639_R135_T38SNE_20201004T164213|S2B_MSIL2A_20190924T074639_R135_T38SMF_20201004T164220|S2B_MSIL2A_20190924T074639_R135_T38SME_20201004T164223
Dukan,2019-09-29,Sentinel-2 2A R135,225.25,100.00,Sep/Oct,1,224.23,208.71,233.21,0.06,81.8,0.0,S2A_MSIL2A_20190929T074711_R135_T38SNF_20201004T182011|S2A_MSIL2A_20190929T074711_R135_T38SNE_20201004T182008|S2A_MSIL2A_20190929T074711_R135_T38SMF_20201004T182021|S2A_MSIL2A_20190929T074711_R135_T38SME_20201004T182018
Dukan,2019-10-04,Sentinel-2 2B R135,223.19,100.00,Sep/Oct,1,220.72,210.65,229.99,0.06,81.1,0.0,S2B_MSIL2A_20191004T074749_R135_T38SNF_20201003T223453|S2B_MSIL2A_20191004T074749_R135_T38SNE_20201003T223447|S2B_MSIL2A_20191004T074749_R135_T38SMF_20201003T223455|S2B_MSIL2A_20191004T074749_R135_T38SME_20201003T223456
Dukan,2020-05-21,Sentinel-2 2B R135,231.04,100.00,late-May/Jun,1,231.00,197.63,238.47,0.12,83.9,0.0,S2B_MSIL2A_20200521T074609_R135_T38SNF_20200910T114302|S2B_MSIL2A_20200521T074609_R135_T38SNE_20200910T114300|S2B_MSIL2A_20200521T074609_R135_T38SMF_20200910T114305|S2B_MSIL2A_20200521T074609_R135_T38SME_20200919T080239
Dukan,2020-05-26,Sentinel-2 2A R135,232.13,100.00,late-May/Jun,0,230.70,144.03,240.19,2.07,84.3,0.0,S2A_MSIL2A_20200526T074621_R135_T38SNF_20200911T003445|S2A_MSIL2A_20200526T074621_R135_T38SNE_20200911T003438|S2A_MSIL2A_20200526T074621_R135_T38SMF_20200911T003448|S2A_MSIL2A_20200526T074621_R135_T38SME_20200911T003444
Dukan,2020-05-31,Sentinel-2 2B R135,231.11,100.00,late-May/Jun,0,231.46,129.83,238.84,2.79,83.9,0.0,S2B_MSIL2A_20200531T074619_R135_T38SNF_20200911T161139|S2B_MSIL2A_20200531T074619_R135_T38SNE_20200911T161135|S2B_MSIL2A_20200531T074619_R135_T38SMF_20200919T080254|S2B_MSIL2A_20200531T074619_R135_T38SME_20200919T080242
Dukan,2020-06-05,Sentinel-2 2A R135,231.57,100.00,late-May/Jun,0,229.96,121.04,238.71,1.75,84.1,0.0,S2A_MSIL2A_20200605T074621_R135_T38SNF_20200826T051717|S2A_MSIL2A_20200605T074621_R135_T38SNE_20200826T051712|S2A_MSIL2A_20200605T074621_R135_T38SMF_20200826T051721|S2A_MSIL2A_20200605T074621_R135_T38SME_20200908T214406
Dukan,2020-06-20,Sentinel-2 2B R135,229.92,100.00,late-May/Jun,0,228.54,124.08,236.04,1.86,83.5,0.0,S2B_MSIL2A_20200620T074619_R135_T38SNF_20200919T080428|S2B_MSIL2A_20200620T074619_R135_T38SNE_20200823T112009|S2B_MSIL2A_20200620T074619_R135_T38SMF_20200823T112018|S2B_MSIL2A_20200620T074619_R135_T38SME_20200919T080240
Dukan,2020-06-25,Sentinel-2 2A R135,224.50,100.00,late-May/Jun,0,222.41,144.00,232.80,2.13,81.5,0.0,S2A_MSIL2A_20200625T074621_R135_T38SNF_20200919T080429|S2A_MSIL2A_20200625T074621_R135_T38SNE_20200824T005726|S2A_MSIL2A_20200625T074621_R135_T38SMF_20200824T005729|S2A_MSIL2A_20200625T074621_R135_T38SME_20200919T080241
Dukan,2020-09-23,Sentinel-2 2A R135,192.08,100.00,Sep/Oct,1,190.45,184.84,200.02,0.08,69.8,0.0,S2A_MSIL2A_20200923T074641_R135_T38SNF_20200926T104410|S2A_MSIL2A_20200923T074641_R135_T38SNE_20200926T104458|S2A_MSIL2A_20200923T074641_R135_T38SMF_20200926T104412|S2A_MSIL2A_20200923T074641_R135_T38SME_20200926T104502
Dukan,2020-10-13,Sentinel-2 2A R135,186.61,100.00,Sep/Oct,1,182.78,181.30,195.03,0.11,67.8,0.0,S2A_MSIL2A_20201013T074901_R135_T38SNF_20201021T000937|S2A_MSIL2A_20201013T074901_R135_T38SNE_20201015T052056|S2A_MSIL2A_20201013T074901_R135_T38SMF_20201020T002330|S2A_MSIL2A_20201013T074901_R135_T38SME_20201021T001031
Dukan,2020-10-18,Sentinel-2 2B R135,185.35,100.00,Sep/Oct,1,184.12,178.83,193.69,0.13,67.3,0.0,S2B_MSIL2A_20201018T074929_R135_T38SNF_20201020T000505|S2B_MSIL2A_20201018T074929_R135_T38SNE_20201020T000356|S2B_MSIL2A_20201018T074929_R135_T38SMF_20201020T000645|S2B_MSIL2A_20201018T074929_R135_T38SME_20201020T000141
Dukan,2021-05-26,Sentinel-2 2B R135,187.63,100.00,late-May/Jun,0,185.94,105.26,196.11,2.01,68.2,0.0,S2B_MSIL2A_20210526T074609_R135_T38SNF_20210606T093742|S2B_MSIL2A_20210526T074609_R135_T38SNE_20210605T201153|S2B_MSIL2A_20210526T074609_R135_T38SMF_20210605T191336|S2B_MSIL2A_20210526T074609_R135_T38SME_20210606T043031
Dukan,2021-05-31,Sentinel-2 2A R135,186.30,100.00,late-May/Jun,0,184.61,94.97,195.10,3.32,67.7,0.0,S2A_MSIL2A_20210531T074611_R135_T38SNF_20210606T060719|S2A_MSIL2A_20210531T074611_R135_T38SNE_20210605T181029|S2A_MSIL2A_20210531T074611_R135_T38SMF_20210606T050854|S2A_MSIL2A_20210531T074611_R135_T38SME_20210605T154054
Dukan,2021-06-05,Sentinel-2 2B R135,185.54,100.00,late-May/Jun,0,182.90,91.46,191.72,3.31,67.4,0.0,S2B_MSIL2A_20210605T074609_R135_T38SNF_20210606T142949|S2B_MSIL2A_20210605T074609_R135_T38SNE_20210606T144253|S2B_MSIL2A_20210605T074609_R135_T38SMF_20210606T143828|S2B_MSIL2A_20210605T074609_R135_T38SME_20210606T143344
Dukan,2021-06-10,Sentinel-2 2A R135,184.67,99.99,late-May/Jun,0,180.99,72.97,193.04,3.63,67.1,0.0,S2A_MSIL2A_20210610T074611_R135_T38SNF_20210623T142339|S2A_MSIL2A_20210610T074611_R135_T38SNE_20210623T230712|S2A_MSIL2A_20210610T074611_R135_T38SMF_20210624T053159|S2A_MSIL2A_20210610T074611_R135_T38SME_20210623T134924
Dukan,2021-06-15,Sentinel-2 2B R135,183.38,99.99,late-May/Jun,1,180.16,143.19,189.93,0.40,66.6,0.0,S2B_MSIL2A_20210615T074609_R135_T38SNF_20210624T071605|S2B_MSIL2A_20210615T074609_R135_T38SNE_20210623T185901|S2B_MSIL2A_20210615T074609_R135_T38SMF_20210623T223651|S2B_MSIL2A_20210615T074609_R135_T38SME_20210623T182237
Dukan,2021-06-20,Sentinel-2 2A R135,172.52,100.00,late-May/Jun,0,171.97,86.68,186.72,2.49,62.7,0.0,S2A_MSIL2A_20210620T074611_R135_T38SNF_20210623T170729|S2A_MSIL2A_20210620T074611_R135_T38SNE_20210624T032107|S2A_MSIL2A_20210620T074611_R135_T38SMF_20210623T215544|S2A_MSIL2A_20210620T074611_R135_T38SME_20210623T171605
Dukan,2021-06-25,Sentinel-2 2B R135,181.74,99.99,late-May/Jun,1,178.41,151.16,187.72,0.20,66.0,0.0,S2B_MSIL2A_20210625T074609_R135_T38SNF_20210626T080352|S2B_MSIL2A_20210625T074609_R135_T38SNE_20210626T084321|S2B_MSIL2A_20210625T074609_R135_T38SMF_20210626T080505|S2B_MSIL2A_20210625T074609_R135_T38SME_20210626T082353
Dukan,2021-09-08,Sentinel-2 2A R135,161.21,100.00,Sep/Oct,1,157.49,144.84,169.23,0.15,58.6,0.0,S2A_MSIL2A_20210908T074611_R135_T38SNF_20210908T235250|S2A_MSIL2A_20210908T074611_R135_T38SNE_20210908T221457|S2A_MSIL2A_20210908T074611_R135_T38SMF_20210908T232253|S2A_MSIL2A_20210908T074611_R135_T38SME_20210908T234451
Dukan,2021-09-13,Sentinel-2 2B R135,159.67,99.99,Sep/Oct,1,156.58,151.17,168.68,0.08,58.0,0.0,S2B_MSIL2A_20210913T074609_R135_T38SNF_20210913T230427|S2B_MSIL2A_20210913T074609_R135_T38SNE_20210913T233439|S2B_MSIL2A_20210913T074609_R135_T38SMF_20210913T235056|S2B_MSIL2A_20210913T074609_R135_T38SME_20210913T203200
Dukan,2021-09-28,Sentinel-2 2A R135,151.96,99.83,Sep/Oct,0,148.58,147.62,162.41,1.47,55.2,0.0,S2A_MSIL2A_20210928T074711_R135_T38SNF_20210929T004712|S2A_MSIL2A_20210928T074711_R135_T38SNE_20210929T012022|S2A_MSIL2A_20210928T074711_R135_T38SMF_20210929T011920|S2A_MSIL2A_20210928T074711_R135_T38SME_20210929T015118
Dukan,2021-10-08,Sentinel-2 2A R135,149.65,99.87,Sep/Oct,1,148.11,145.08,163.36,0.38,54.4,0.0,S2A_MSIL2A_20211008T074821_R135_T38SNF_20211008T220948|S2A_MSIL2A_20211008T074821_R135_T38SNE_20211008T204305|S2A_MSIL2A_20211008T074821_R135_T38SMF_20211008T210137|S2A_MSIL2A_20211008T074821_R135_T38SME_20211008T211623
Dukan,2022-05-21,Sentinel-2 2B R135,171.33,100.00,late-May/Jun,1,174.66,143.33,192.02,0.26,62.2,0.0,S2B_MSIL2A_20220521T074609_R135_T38SNF_20220522T111801|S2B_MSIL2A_20220521T074609_R135_T38SNE_20220522T130247|S2B_MSIL2A_20220521T074609_R135_T38SMF_20220522T110256|S2B_MSIL2A_20220521T074609_R135_T38SME_20220522T115143
Dukan,2022-05-26,Sentinel-2 2A R135,175.50,100.00,late-May/Jun,1,172.38,145.91,199.06,0.46,63.7,0.0,S2A_MSIL2A_20220526T074621_R135_T38SNF_20240614T132640|S2A_MSIL2A_20220526T074621_R135_T38SNE_20240614T132640|S2A_MSIL2A_20220526T074621_R135_T38SMF_20240614T132640|S2A_MSIL2A_20220526T074621_R135_T38SME_20240614T132640
Dukan,2022-05-31,Sentinel-2 2B R135,175.79,100.00,late-May/Jun,1,174.58,150.18,195.12,0.41,63.9,0.0,S2B_MSIL2A_20220531T074609_R135_T38SNF_20240613T195105|S2B_MSIL2A_20220531T074609_R135_T38SNE_20240613T195105|S2B_MSIL2A_20220531T074609_R135_T38SMF_20240613T195105|S2B_MSIL2A_20220531T074609_R135_T38SME_20240613T195105
Dukan,2022-06-10,Sentinel-2 2B R135,175.69,100.00,late-May/Jun,0,170.56,105.34,192.70,1.70,63.8,0.0,S2B_MSIL2A_20220610T074619_R135_T38SNF_20240629T225009|S2B_MSIL2A_20220610T074619_R135_T38SNE_20240629T225009|S2B_MSIL2A_20220610T074619_R135_T38SMF_20240629T225009|S2B_MSIL2A_20220610T074619_R135_T38SME_20240629T225009
Dukan,2022-06-15,Sentinel-2 2A R135,175.91,100.00,late-May/Jun,0,170.23,124.73,193.96,1.16,63.9,0.0,S2A_MSIL2A_20220615T074621_R135_T38SNF_20240620T030916|S2A_MSIL2A_20220615T074621_R135_T38SNE_20240620T030916|S2A_MSIL2A_20220615T074621_R135_T38SMF_20240620T030916|S2A_MSIL2A_20220615T074621_R135_T38SME_20240620T030916
Dukan,2022-06-20,Sentinel-2 2B R135,172.75,100.00,late-May/Jun,0,160.31,116.68,187.35,1.10,62.7,0.0,S2B_MSIL2A_20220620T074619_R135_T38SNF_20240628T044223|S2B_MSIL2A_20220620T074619_R135_T38SNE_20240628T044223|S2B_MSIL2A_20220620T074619_R135_T38SMF_20240628T044223|S2B_MSIL2A_20220620T074619_R135_T38SME_20240628T044223
Dukan,2022-09-28,Sentinel-2 2B R135,145.90,100.00,Sep/Oct,1,143.16,141.92,168.81,0.00,53.0,0.0,S2B_MSIL2A_20220928T074709_R135_T38SNF_20240730T204143|S2B_MSIL2A_20220928T074709_R135_T38SNE_20240730T204143|S2B_MSIL2A_20220928T074709_R135_T38SMF_20240730T204143|S2B_MSIL2A_20220928T074709_R135_T38SME_20240730T204143
Dukan,2022-10-03,Sentinel-2 2A R135,144.54,100.00,Sep/Oct,1,136.27,138.86,166.49,0.01,52.5,0.0,S2A_MSIL2A_20221003T074751_R135_T38SNF_20240723T042351|S2A_MSIL2A_20221003T074751_R135_T38SNE_20240723T042351|S2A_MSIL2A_20221003T074751_R135_T38SMF_20240723T042351|S2A_MSIL2A_20221003T074751_R135_T38SME_20240723T042351
Dukan,2022-10-08,Sentinel-2 2B R135,142.39,100.00,Sep/Oct,1,126.44,134.34,162.36,0.02,51.7,0.0,S2B_MSIL2A_20221008T074809_R135_T38SNF_20240802T111258|S2B_MSIL2A_20221008T074809_R135_T38SNE_20240802T111258|S2B_MSIL2A_20221008T074809_R135_T38SMF_20240802T111258|S2B_MSIL2A_20221008T074809_R135_T38SME_20240802T111258
Dukan,2023-05-26,Sentinel-2 2B R135,165.90,100.00,late-May/Jun,0,158.90,122.71,207.01,1.93,60.3,0.0,S2B_MSIL2A_20230526T074619_R135_T38SNF_20240907T052520|S2B_MSIL2A_20230526T074619_R135_T38SNE_20240907T052520|S2B_MSIL2A_20230526T074619_R135_T38SMF_20240907T052520|S2B_MSIL2A_20230526T074619_R135_T38SME_20240907T052520
Dukan,2023-06-15,Sentinel-2 2B R135,175.81,100.00,late-May/Jun,0,168.02,134.36,194.37,0.96,63.9,0.0,S2B_MSIL2A_20230615T074619_R135_T38SNF_20240912T131759|S2B_MSIL2A_20230615T074619_R135_T38SNE_20240912T131759|S2B_MSIL2A_20230615T074619_R135_T38SMF_20240912T131759|S2B_MSIL2A_20230615T074619_R135_T38SME_20240912T131759
Dukan,2023-06-20,Sentinel-2 2A R135,175.76,100.00,late-May/Jun,0,164.99,96.24,192.43,2.05,63.8,0.0,S2A_MSIL2A_20230620T074621_R135_T38SNF_20241002T092216|S2A_MSIL2A_20230620T074621_R135_T38SNE_20241002T092216|S2A_MSIL2A_20230620T074621_R135_T38SMF_20241002T092216|S2A_MSIL2A_20230620T074621_R135_T38SME_20241002T092216
Dukan,2023-06-25,Sentinel-2 2B R135,174.52,100.00,late-May/Jun,1,174.10,143.98,192.73,0.36,63.4,0.0,S2B_MSIL2A_20230625T074619_R135_T38SNF_20240926T194253|S2B_MSIL2A_20230625T074619_R135_T38SNE_20240926T194253|S2B_MSIL2A_20230625T074619_R135_T38SMF_20240926T194253|S2B_MSIL2A_20230625T074619_R135_T38SME_20240926T194253
Dukan,2023-09-18,Sentinel-2 2A R135,138.28,100.00,Sep/Oct,1,131.04,132.94,159.52,0.01,50.2,0.0,S2A_MSIL2A_20230918T074611_R135_T38SNF_20241103T141952|S2A_MSIL2A_20230918T074611_R135_T38SNE_20241103T141952|S2A_MSIL2A_20230918T074611_R135_T38SMF_20241103T141952|S2A_MSIL2A_20230918T074611_R135_T38SME_20241103T141952
Dukan,2023-09-23,Sentinel-2 2B R135,134.69,100.00,Sep/Oct,1,125.39,128.78,156.67,0.01,48.9,0.0,S2B_MSIL2A_20230923T074629_R135_T38SNF_20241026T120504|S2B_MSIL2A_20230923T074629_R135_T38SNE_20241026T120504|S2B_MSIL2A_20230923T074629_R135_T38SMF_20241026T120504|S2B_MSIL2A_20230923T074629_R135_T38SME_20241026T120504
Dukan,2023-09-28,Sentinel-2 2A R135,132.15,100.00,Sep/Oct,1,125.00,129.99,156.04,0.00,48.0,0.0,S2A_MSIL2A_20230928T074711_R135_T38SNF_20230928T133901|S2A_MSIL2A_20230928T074711_R135_T38SNE_20241026T141456|S2A_MSIL2A_20230928T074711_R135_T38SMF_20241026T141456|S2A_MSIL2A_20230928T074711_R135_T38SME_20241026T141456
Dukan,2024-06-04,Sentinel-2 2A R135,208.58,100.00,late-May/Jun,1,207.14,146.12,231.65,0.24,75.8,0.0,S2A_MSIL2A_20240604T074621_R135_T38SNF_20240604T122106|S2A_MSIL2A_20240604T074621_R135_T38SNE_20240604T122100|S2A_MSIL2A_20240604T074621_R135_T38SMF_20240604T123621|S2A_MSIL2A_20240604T074621_R135_T38SME_20240604T122113
Dukan,2024-06-14,Sentinel-2 2A R135,208.08,100.00,late-May/Jun,1,205.83,153.19,225.26,0.44,75.6,0.0,S2A_MSIL2A_20240614T074621_R135_T38SNF_20240614T123719|S2A_MSIL2A_20240614T074621_R135_T38SNE_20240614T121524|S2A_MSIL2A_20240614T074621_R135_T38SMF_20240614T121538|S2A_MSIL2A_20240614T074621_R135_T38SME_20240614T121536
Dukan,2024-06-19,Sentinel-2 2B R135,205.65,100.00,late-May/Jun,0,204.10,96.71,222.22,3.17,74.7,0.0,S2B_MSIL2A_20240619T074619_R135_T38SNF_20240619T114839|S2B_MSIL2A_20240619T074619_R135_T38SNE_20240619T111634|S2B_MSIL2A_20240619T074619_R135_T38SMF_20240619T114453|S2B_MSIL2A_20240619T074619_R135_T38SME_20240619T114623
Dukan,2024-06-29,Sentinel-2 2B R135,204.19,100.00,late-May/Jun,0,202.24,123.95,221.02,1.33,74.2,0.0,S2B_MSIL2A_20240629T074619_R135_T38SNF_20240629T113342|S2B_MSIL2A_20240629T074619_R135_T38SNE_20240629T113358|S2B_MSIL2A_20240629T074619_R135_T38SMF_20240629T113711|S2B_MSIL2A_20240629T074619_R135_T38SME_20240629T113738
Dukan,2024-09-07,Sentinel-2 2B R135,184.26,100.00,Sep/Oct,1,182.26,162.20,204.66,0.04,66.9,0.0,S2B_MSIL2A_20240907T074619_R135_T38SNF_20240907T105547|S2B_MSIL2A_20240907T074619_R135_T38SNE_20240907T105547|S2B_MSIL2A_20240907T074619_R135_T38SMF_20240907T105547|S2B_MSIL2A_20240907T074619_R135_T38SME_20240907T105547
Dukan,2024-09-12,Sentinel-2 2A R135,183.69,100.00,Sep/Oct,1,175.01,173.76,200.96,0.00,66.7,0.0,S2A_MSIL2A_20240912T074721_R135_T38SNF_20240912T120248|S2A_MSIL2A_20240912T074721_R135_T38SNE_20240912T120248|S2A_MSIL2A_20240912T074721_R135_T38SMF_20240912T120248|S2A_MSIL2A_20240912T074721_R135_T38SME_20240912T120248
Dukan,2024-10-27,Sentinel-2 2B R135,169.80,100.00,Sep/Oct,1,170.06,163.39,202.75,0.00,61.7,0.0,S2B_MSIL2A_20241027T074929_R135_T38SNF_20241027T092053|S2B_MSIL2A_20241027T074929_R135_T38SNE_20241027T092053|S2B_MSIL2A_20241027T074929_R135_T38SMF_20241027T092053|S2B_MSIL2A_20241027T074929_R135_T38SME_20241027T092053
Dukan,2025-05-20,Sentinel-2 2C R135,121.10,100.00,late-May/Jun,0,114.25,114.32,155.17,1.36,44.0,0.0,S2C_MSIL2A_20250520T074631_R135_T38SNF_20250520T103938|S2C_MSIL2A_20250520T074631_R135_T38SNE_20250520T103938|S2C_MSIL2A_20250520T074631_R135_T38SMF_20250520T103938|S2C_MSIL2A_20250520T074631_R135_T38SME_20250520T103938
Dukan,2025-05-22,Sentinel-2 2A R135,122.07,100.00,late-May/Jun,1,121.10,119.60,154.96,0.05,44.3,0.0,S2A_MSIL2A_20250522T075811_R135_T38SNF_20250522T095014|S2A_MSIL2A_20250522T075811_R135_T38SNE_20250522T095014|S2A_MSIL2A_20250522T075811_R135_T38SMF_20250522T095014|S2A_MSIL2A_20250522T075811_R135_T38SME_20250522T095014
Dukan,2025-05-25,Sentinel-2 2B R135,122.27,100.00,late-May/Jun,0,122.55,108.20,153.41,0.59,44.4,0.0,S2B_MSIL2A_20250525T074609_R135_T38SNF_20250525T084305|S2B_MSIL2A_20250525T074609_R135_T38SNE_20250525T084305|S2B_MSIL2A_20250525T074609_R135_T38SMF_20250525T084305|S2B_MSIL2A_20250525T074609_R135_T38SME_20250525T084305
Dukan,2025-06-14,Sentinel-2 2B R135,112.85,100.00,late-May/Jun,1,107.55,109.60,136.05,0.48,41.0,0.0,S2B_MSIL2A_20250614T074609_R135_T38SNF_20250614T094648|S2B_MSIL2A_20250614T074609_R135_T38SNE_20250614T094648|S2B_MSIL2A_20250614T074609_R135_T38SMF_20250614T094648|S2B_MSIL2A_20250614T074609_R135_T38SME_20250614T094648
Dukan,2025-06-19,Sentinel-2 2C R135,112.40,100.00,late-May/Jun,0,112.24,98.39,136.12,0.83,40.8,0.0,S2C_MSIL2A_20250619T074631_R135_T38SNF_20250619T101902|S2C_MSIL2A_20250619T074631_R135_T38SNE_20250619T101902|S2C_MSIL2A_20250619T074631_R135_T38SMF_20250619T101902|S2C_MSIL2A_20250619T074631_R135_T38SME_20250619T101902
Dukan,2025-06-21,Sentinel-2 2A R135,111.70,100.00,late-May/Jun,1,105.93,108.94,137.36,0.34,40.6,0.0,S2A_MSIL2A_20250621T075021_R135_T38SNF_20250621T112401|S2A_MSIL2A_20250621T075021_R135_T38SNE_20250621T112401|S2A_MSIL2A_20250621T075021_R135_T38SMF_20250621T112401|S2A_MSIL2A_20250621T075021_R135_T38SME_20250621T112401
Dukan,2025-09-29,Sentinel-2 2A R135,83.42,100.00,Sep/Oct,1,77.36,103.09,115.76,0.00,30.3,0.0,S2A_MSIL2A_20250929T075021_R135_T38SNF_20250929T112816|S2A_MSIL2A_20250929T075021_R135_T38SNE_20250929T112816|S2A_MSIL2A_20250929T075021_R135_T38SMF_20250929T112816|S2A_MSIL2A_20250929T075021_R135_T38SME_20250929T112816
Dukan,2025-10-02,Sentinel-2 2B R135,82.72,100.00,Sep/Oct,1,81.94,104.05,119.56,0.00,30.0,0.0,S2B_MSIL2A_20251002T074639_R135_T38SNF_20251002T100742|S2B_MSIL2A_20251002T074639_R135_T38SNE_20251002T100742|S2B_MSIL2A_20251002T074639_R135_T38SMF_20251002T100742|S2B_MSIL2A_20251002T074639_R135_T38SME_20251002T100742
Dukan,2025-10-07,Sentinel-2 2C R135,81.60,100.00,Sep/Oct,1,78.77,103.42,112.36,0.00,29.6,0.0,S2C_MSIL2A_20251007T074831_R135_T38SNF_20251007T110013|S2C_MSIL2A_20251007T074831_R135_T38SNE_20251007T110013|S2C_MSIL2A_20251007T074831_R135_T38SMF_20251007T110013|S2C_MSIL2A_20251007T074831_R135_T38SME_20251007T110013
Dukan,2026-05-25,Sentinel-2 2C R135,274.13,100.00,late-May/Jun,0,254.19,149.50,297.53,1.58,99.6,0.0,S2C_MSIL2A_20260525T074611_R135_T38SNF_20260525T105209|S2C_MSIL2A_20260525T074611_R135_T38SNE_20260525T105209|S2C_MSIL2A_20260525T074611_R135_T38SMF_20260525T105209|S2C_MSIL2A_20260525T074611_R135_T38SME_20260525T105209
Dukan,2026-05-27,Sentinel-2 2A R135,272.90,100.00,late-May/Jun,1,263.63,214.49,298.28,0.27,99.1,0.0,S2A_MSIL2A_20260527T075811_R135_T38SNF_20260527T123217|S2A_MSIL2A_20260527T075811_R135_T38SNE_20260527T123217|S2A_MSIL2A_20260527T075811_R135_T38SMF_20260527T123217|S2A_MSIL2A_20260527T075811_R135_T38SME_20260527T123217
Dukan,2026-06-09,Sentinel-2 2B R135,276.85,100.00,late-May/Jun,0,259.11,202.92,296.04,0.53,100.6,0.0,S2B_MSIL2A_20260609T074609_R135_T38SNF_20260609T100341|S2B_MSIL2A_20260609T074609_R135_T38SNE_20260609T100341|S2B_MSIL2A_20260609T074609_R135_T38SMF_20260609T100341|S2B_MSIL2A_20260609T074609_R135_T38SME_20260609T100341
Dukan,2026-06-14,Sentinel-2 2C R135,277.15,100.00,late-May/Jun,0,236.94,126.78,305.04,7.41,100.7,0.0,S2C_MSIL2A_20260614T074611_R135_T38SNF_20260614T105514|S2C_MSIL2A_20260614T074611_R135_T38SNE_20260614T105514|S2C_MSIL2A_20260614T074611_R135_T38SMF_20260614T105514|S2C_MSIL2A_20260614T074611_R135_T38SME_20260614T105514
Dukan,2026-06-16,Sentinel-2 2A R135,297.58,100.00,late-May/Jun,0,290.43,113.61,345.31,10.20,108.1,0.0,S2A_MSIL2A_20260616T075811_R135_T38SNF_20260616T123313|S2A_MSIL2A_20260616T075811_R135_T38SNE_20260616T123313|S2A_MSIL2A_20260616T075811_R135_T38SMF_20260616T123313|S2A_MSIL2A_20260616T075811_R135_T38SME_20260616T123313
Dukan,2026-06-19,Sentinel-2 2B R135,275.60,100.00,late-May/Jun,0,271.61,181.60,295.05,0.82,100.1,0.0,S2B_MSIL2A_20260619T074609_R135_T38SNF_20260619T094705|S2B_MSIL2A_20260619T074609_R135_T38SNE_20260619T094705|S2B_MSIL2A_20260619T074609_R135_T38SMF_20260619T094705|S2B_MSIL2A_20260619T074609_R135_T38SME_20260619T094705
Dukan,2026-06-24,Sentinel-2 2C R135,276.27,100.00,late-May/Jun,0,244.74,143.38,290.83,1.00,100.3,0.0,S2C_MSIL2A_20260624T074611_R135_T38SNF_20260624T112009|S2C_MSIL2A_20260624T074611_R135_T38SNE_20260624T112009|S2C_MSIL2A_20260624T074611_R135_T38SMF_20260624T112009|S2C_MSIL2A_20260624T074611_R135_T38SME_20260624T112009
Dukan,2026-06-26,Sentinel-2 2A R135,294.15,100.00,late-May/Jun,0,208.05,91.54,288.90,6.86,106.8,0.0,S2A_MSIL2A_20260626T075021_R135_T38SNF_20260626T112810|S2A_MSIL2A_20260626T075021_R135_T38SNE_20260626T112810|S2A_MSIL2A_20260626T075021_R135_T38SMF_20260626T112810|S2A_MSIL2A_20260626T075021_R135_T38SME_20260626T112810
Dukan,2026-09-22,Sentinel-2 2C R135,249.49,100.00,Sep/Oct,1,163.65,129.40,263.34,0.03,90.6,0.0,S2C_MSIL2A_20260922T074621_R135_T38SNF_20260922T105613|S2C_MSIL2A_20260922T074621_R135_T38SNE_20260922T105613|S2C_MSIL2A_20260922T074621_R135_T38SMF_20260922T105613|S2C_MSIL2A_20260922T074621_R135_T38SME_20260922T105613
Dukan,2026-09-24,Sentinel-2 2A R135,250.64,100.00,Sep/Oct,1,247.31,238.58,271.72,0.01,91.0,0.0,S2A_MSIL2A_20260924T075811_R135_T38SNF_20260924T105607|S2A_MSIL2A_20260924T075811_R135_T38SNE_20260924T105607|S2A_MSIL2A_20260924T075811_R135_T38SMF_20260924T105607|S2A_MSIL2A_20260924T075811_R135_T38SME_20260924T105607
Dukan,2026-09-27,Sentinel-2 2B R135,249.13,100.00,Sep/Oct,1,247.72,231.40,270.56,0.02,90.5,0.0,S2B_MSIL2A_20260927T074609_R135_T38SNF_20260927T101558|S2B_MSIL2A_20260927T074609_R135_T38SNE_20260927T101558|S2B_MSIL2A_20260927T074609_R135_T38SMF_20260927T101558|S2B_MSIL2A_20260927T074609_R135_T38SME_20260927T101558
