lake,year,window,date,source,water_km2,valid_percent,clear,error
Dukan,1988,March,1988-03-06,landsat-5 path 169,327.43,100.0,1,
Dukan,1988,March,1988-03-15,landsat-5 path 168,300.55,70.8,0,
Dukan,1989,March,1989-02-14,landsat-5 path 168,1525.07,85.6,0,
Dukan,1989,March,1989-02-05,landsat-5 path 169,231.63,100.0,1,
Dukan,1990,March,1990-03-21,landsat-5 path 168,192.79,83.8,0,
Dukan,1990,March,1990-03-28,landsat-5 path 169,187.96,100.0,1,
Dukan,1991,March,,,,,0,no scene <5% cloud
Dukan,1992,March,1992-03-17,landsat-5 path 169,326.99,100.0,1,
Dukan,1992,March,1992-02-23,landsat-5 path 168,110.01,80.7,0,
Dukan,1992,March,1992-03-10,landsat-5 path 168,467.54,84.5,0,
Dukan,1992,March,1992-03-26,landsat-5 path 168,353.36,84.4,0,
Dukan,1993,March,1993-03-13,landsat-5 path 168,182.82,76.2,0,
Dukan,1993,March,1993-02-16,landsat-5 path 169,310.77,100.0,1,
Dukan,1993,March,1993-03-20,landsat-5 path 169,170.31,100.0,1,
Dukan,1994,March,1994-02-19,landsat-5 path 169,234.42,100.0,1,
Dukan,1994,March,1994-02-03,landsat-5 path 169,285.84,100.0,1,
Dukan,1995,March,1995-03-10,landsat-5 path 169,192.89,100.0,1,
Dukan,1996,March,1996-03-05,landsat-5 path 168,160.33,60.8,0,
Dukan,1997,March,1997-03-08,landsat-5 path 168,262.59,58.7,0,
Dukan,1997,March,1997-02-11,landsat-5 path 169,930.70,100.0,1,
Dukan,1998,March,1998-03-11,landsat-5 path 168,188.57,62.3,0,
Dukan,1998,March,1998-03-02,landsat-5 path 169,253.75,100.0,1,
Dukan,1998,March,1998-02-23,landsat-5 path 168,314.83,63.6,0,
Dukan,1999,March,1999-03-05,landsat-5 path 169,163.47,100.0,1,
Dukan,1999,March,1999-02-26,landsat-5 path 168,189.94,84.7,0,
Dukan,1999,March,1999-03-14,landsat-5 path 168,156.35,79.0,0,
Dukan,1999,March,1999-02-01,landsat-5 path 169,175.76,100.0,1,
Dukan,2000,March,2000-03-16,landsat-5 path 168,90.63,56.9,0,
Dukan,2000,March,2000-02-04,landsat-5 path 169,251.21,98.9,0,
Dukan,2001,March,2001-03-19,landsat-5 path 168,118.37,74.7,0,
Dukan,2001,March,2001-02-06,landsat-5 path 169,154.26,100.0,1,
Dukan,2002,March,2002-03-29,landsat-5 path 169,623.51,100.0,1,
Dukan,2002,March,2002-02-09,landsat-5 path 169,605.90,100.0,1,
Dukan,2003,March,,,,,0,no scene <5% cloud
Dukan,2004,March,2004-03-18,landsat-5 path 169,159.87,100.0,1,
Dukan,2005,March,2005-02-26,landsat-5 path 168,219.21,76.6,0,
Dukan,2005,March,2005-03-14,landsat-5 path 168,199.54,78.1,0,
Dukan,2005,March,2005-02-10,landsat-5 path 168,1429.00,72.7,0,
Dukan,2005,March,2005-03-21,landsat-5 path 169,199.84,100.0,1,
Dukan,2006,March,,,,,0,no scene <5% cloud
Dukan,2007,March,2007-03-11,landsat-5 path 169,143.73,99.8,1,
Dukan,2007,March,2007-02-23,landsat-5 path 169,159.52,99.9,1,
Dukan,2008,March,,,,,0,no scene <5% cloud
Dukan,2009,March,2009-02-12,landsat-5 path 169,38.51,100.0,1,
Dukan,2010,March,2010-02-08,landsat-5 path 168,106.85,79.1,0,
Dukan,2011,March,2011-03-06,landsat-5 path 169,101.72,100.0,1,
Dukan,2012,March,,,,,0,no usable Landsat (2012)
Dukan,2013,March,,,,,0,no scene <5% cloud
Dukan,2014,March,2014-03-23,landsat-8 path 168,150.51,77.2,0,
Dukan,2014,March,2014-02-10,landsat-8 path 169,146.95,100.0,1,
Dukan,2014,March,2014-03-07,landsat-8 path 168,116.14,75.7,0,
Dukan,2015,March,2015-02-06,landsat-8 path 168,135.48,66.6,0,
Dukan,2015,March,2015-02-13,landsat-8 path 169,125.22,100.0,1,
Dukan,2015,March,2015-03-10,landsat-8 path 168,147.18,74.9,0,
Dukan,2015,March,2015-03-01,landsat-8 path 169,87.08,100.0,1,
Dukan,2016,March,2016-02-16,landsat-8 path 169,193.64,100.0,1,
Dukan,2016,March,2016-03-19,landsat-8 path 169,219.07,100.0,1,
Dukan,2017,March,2017-02-18,landsat-8 path 169,998.97,100.0,1,
Dukan,2017,March,2017-03-06,landsat-8 path 169,215.73,100.0,1,
Dukan,2018,March,2018-03-18,landsat-8 path 168,188.03,71.1,0,
Dukan,2019,March,2019-02-24,landsat-8 path 169,279.34,100.0,1,
Dukan,2019,March,2019-03-05,landsat-8 path 168,263.15,69.1,0,
Dukan,2019,March,2019-03-21,landsat-8 path 168,260.19,69.8,0,
Dukan,2020,March,2020-02-27,landsat-8 path 169,214.45,100.0,1,
Dukan,2021,March,2021-02-13,landsat-8 path 169,188.64,100.0,1,
Dukan,2021,March,2021-03-26,landsat-8 path 168,174.49,71.8,0,
Dukan,2021,March,2021-03-01,landsat-8 path 169,200.50,100.0,1,
Dukan,2022,March,2022-02-16,landsat-8 path 169,185.21,100.0,1,
Dukan,2023,March,2023-02-19,landsat-8 path 169,190.61,100.0,1,
Dukan,2023,March,2023-03-23,landsat-8 path 169,119.98,100.0,1,
Dukan,2024,March,2024-02-22,landsat-8 path 169,182.14,100.0,1,
Dukan,2025,March,2025-03-12,landsat-8 path 169,143.52,100.0,1,
Dukan,2025,March,2025-03-28,landsat-8 path 169,123.41,100.0,1,
Dukan,2026,March,2026-02-20,landsat-8 path 168,170.63,76.5,0,
Darbandikhan,1988,March,1988-03-15,landsat-5 path 168,127.24,100.0,1,
Darbandikhan,1989,March,1989-02-07,,,,0,request failed after retries: https://planetarycomputer.microsoft.com/api/data/v1/item/statistics?collection=landsat-c2-
Darbandikhan,1989,March,1989-02-14,landsat-5 path 168,291.61,66.0,0,
Darbandikhan,1989,March,1989-03-02,landsat-5 path 168,32.32,81.7,0,
Darbandikhan,1989,March,1989-02-23,,,,0,request failed after retries: https://planetarycomputer.microsoft.com/api/data/v1/item/statistics?collection=landsat-c2-
Darbandikhan,1990,March,1990-03-21,landsat-5 path 168,56.97,100.0,1,
Darbandikhan,1990,March,1990-02-26,,,,0,request failed after retries: https://planetarycomputer.microsoft.com/api/data/v1/item/statistics?collection=landsat-c2-
Darbandikhan,1991,March,1991-03-08,landsat-5 path 168,39.43,81.1,0,
Darbandikhan,1992,March,1992-02-23,landsat-5 path 168,90.28,100.0,1,
Darbandikhan,1992,March,1992-03-03,,,,0,request failed after retries: https://planetarycomputer.microsoft.com/api/data/v1/item/statistics?collection=landsat-c2-
Darbandikhan,1992,March,1992-03-10,landsat-5 path 168,306.32,100.0,1,
Darbandikhan,1993,March,1993-03-13,landsat-5 path 168,66.60,100.0,1,
Darbandikhan,1993,March,1993-02-09,landsat-5 path 168,49.38,82.7,0,
Darbandikhan,1994,March,1994-03-25,,,,0,request failed after retries: https://planetarycomputer.microsoft.com/api/data/v1/item/statistics?collection=landsat-c2-
Darbandikhan,1994,March,1994-03-16,landsat-5 path 168,91.96,84.8,0,
Darbandikhan,1995,March,,,,,0,no scene <5% cloud
Darbandikhan,1996,March,1996-03-05,landsat-5 path 168,50.50,100.0,1,
Darbandikhan,1997,March,1997-03-08,landsat-5 path 168,129.31,100.0,1,
Darbandikhan,1998,March,1998-03-11,landsat-5 path 168,98.55,100.0,1,
Darbandikhan,1998,March,1998-02-23,landsat-5 path 168,134.64,100.0,1,
Darbandikhan,1999,March,1999-02-26,landsat-5 path 168,52.12,100.0,1,
Darbandikhan,1999,March,1999-03-07,,,,0,request failed after retries: https://planetarycomputer.microsoft.com/api/data/v1/item/statistics?collection=landsat-c2-
Darbandikhan,1999,March,1999-03-14,landsat-5 path 168,40.20,100.0,1,
Darbandikhan,2000,March,2000-02-22,,,,0,request failed after retries: https://planetarycomputer.microsoft.com/api/data/v1/item/statistics?collection=landsat-c2-
Darbandikhan,2000,March,2000-03-16,landsat-5 path 168,34.16,100.0,1,
Darbandikhan,2000,March,2000-02-06,,,,0,request failed after retries: https://planetarycomputer.microsoft.com/api/data/v1/item/statistics?collection=landsat-c2-
Darbandikhan,2001,March,2001-03-19,landsat-5 path 168,31.48,100.0,1,
Darbandikhan,2001,March,2001-02-08,,,,0,request failed after retries: https://planetarycomputer.microsoft.com/api/data/v1/item/statistics?collection=landsat-c2-
Darbandikhan,2002,March,2002-02-18,landsat-5 path 168,22.06,82.1,0,
Darbandikhan,2002,March,2002-03-06,landsat-5 path 168,44.72,100.0,1,
Darbandikhan,2002,March,2002-02-02,landsat-5 path 168,524.09,100.0,1,
Darbandikhan,2003,March,,,,,0,no scene <5% cloud
Darbandikhan,2004,March,,,,,0,no scene <5% cloud
Darbandikhan,2005,March,2005-02-26,landsat-5 path 168,61.71,100.0,1,
Darbandikhan,2005,March,2005-03-14,landsat-5 path 168,84.63,100.0,1,
Darbandikhan,2006,March,,,,,0,no scene <5% cloud
Darbandikhan,2007,March,2007-02-09,,,,0,request failed after retries: https://planetarycomputer.microsoft.com/api/data/v1/item/statistics?collection=landsat-c2-
Darbandikhan,2008,March,2008-03-22,landsat-5 path 168,37.73,78.6,0,
Darbandikhan,2008,March,2008-03-06,landsat-5 path 168,36.07,77.7,0,
Darbandikhan,2009,March,2009-02-05,landsat-5 path 168,21.14,79.2,0,
Darbandikhan,2009,March,2009-03-25,landsat-5 path 168,39.99,79.8,0,
Darbandikhan,2009,March,2009-02-21,landsat-5 path 168,15.54,79.4,0,
Darbandikhan,2010,March,2010-02-08,landsat-5 path 168,6.65,65.3,0,
Darbandikhan,2010,March,2010-03-05,,,,0,request failed after retries: https://planetarycomputer.microsoft.com/api/data/v1/item/statistics?collection=landsat-c2-
Darbandikhan,2011,March,,,,,0,no scene <5% cloud
Darbandikhan,2012,March,,,,,0,no usable Landsat (2012)
Darbandikhan,2013,March,,,,,0,no scene <5% cloud
Darbandikhan,2014,March,2014-03-23,landsat-8 path 168,47.01,100.0,1,
Darbandikhan,2014,March,2014-02-19,landsat-8 path 168,34.30,94.6,0,
Darbandikhan,2014,March,2014-03-07,landsat-8 path 168,23.76,100.0,1,
Darbandikhan,2015,March,2015-02-06,landsat-8 path 168,42.84,100.0,1,
Darbandikhan,2015,March,2015-03-10,landsat-8 path 168,47.86,100.0,1,
Darbandikhan,2016,March,2016-02-09,landsat-8 path 168,76.58,95.3,0,
Darbandikhan,2016,March,2016-03-12,landsat-8 path 168,75.75,100.0,1,
Darbandikhan,2016,March,2016-02-25,landsat-8 path 168,25.66,100.0,1,
Darbandikhan,2017,March,2017-03-15,landsat-8 path 168,60.45,95.2,0,
Darbandikhan,2017,March,2017-02-27,landsat-8 path 168,71.56,100.0,1,
Darbandikhan,2018,March,2018-03-18,landsat-8 path 168,47.84,100.0,1,
Darbandikhan,2018,March,2018-03-02,landsat-8 path 168,50.27,95.5,0,
Darbandikhan,2018,March,2018-02-14,landsat-8 path 168,81.00,95.5,0,
Darbandikhan,2019,March,2019-03-05,landsat-8 path 168,94.76,100.0,1,
Darbandikhan,2019,March,2019-03-21,landsat-8 path 168,89.94,100.0,1,
Darbandikhan,2020,March,2020-03-23,landsat-8 path 168,52.51,95.2,0,
Darbandikhan,2021,March,2021-03-26,landsat-8 path 168,43.52,100.0,1,
Darbandikhan,2021,March,2021-02-22,landsat-8 path 168,35.44,95.4,0,
Darbandikhan,2022,March,2022-03-13,landsat-8 path 168,43.36,94.7,0,
Darbandikhan,2022,March,2022-02-09,landsat-8 path 168,30.46,95.3,0,
Darbandikhan,2023,March,,,,,0,no scene <5% cloud
Darbandikhan,2024,March,2024-03-02,landsat-8 path 168,71.40,94.1,0,
Darbandikhan,2025,March,,,,,0,no scene <5% cloud
Darbandikhan,2026,March,2026-02-20,landsat-8 path 168,75.99,100.0,1,
