zone,season,cut,rain_pct,soil_pct,temp_anom,et0_pct,last_rain_pct,last_green,green_now,label,peak
Slemani,1999,Dec,45.282,79.772,0.806,111.031,49.442,,,1,0.432
Slemani,2000,Dec,85.748,102.604,-0.237,99.947,62.483,84.238,,1,0.461
Slemani,2001,Dec,97.406,100.929,0.789,102.454,77.637,89.782,,0,0.560
Slemani,2002,Dec,137.376,117.407,0.171,98.633,114.472,109.162,,0,0.496
Slemani,2003,Dec,116.086,111.646,0.176,100.378,119.176,96.587,,0,0.467
Slemani,2004,Dec,103.167,108.609,-0.380,96.131,128.034,91.007,,0,0.462
Slemani,2005,Dec,57.615,88.640,1.089,110.763,105.918,90.109,,0,0.476
Slemani,2006,Dec,136.206,107.213,-1.558,94.200,120.638,92.681,,0,0.541
Slemani,2007,Dec,39.926,82.810,0.788,112.599,111.852,105.493,,1,0.304
Slemani,2008,Dec,54.509,78.201,-0.213,101.357,47.430,59.321,,0,0.531
Slemani,2009,Dec,165.239,114.230,0.437,94.802,66.101,103.556,,0,0.585
Slemani,2010,Dec,37.585,79.179,2.209,118.673,128.251,114.063,,1,0.460
Slemani,2011,Dec,69.003,92.410,-1.643,100.256,97.191,89.719,,1,0.458
Slemani,2012,Dec,102.402,109.587,1.130,96.752,83.006,89.255,,1,0.439
Slemani,2013,Dec,103.662,108.888,-1.056,100.931,93.818,85.588,,0,0.560
Slemani,2014,Dec,162.088,116.604,-0.626,86.267,80.966,109.181,,0,0.598
Slemani,2015,Dec,192.291,113.427,-0.645,88.928,107.047,116.593,,0,0.570
Slemani,2016,Dec,87.098,102.046,0.206,109.961,140.539,111.133,,0,0.519
Slemani,2017,Dec,44.562,67.623,0.105,101.511,67.578,101.148,,0,0.507
Slemani,2018,Dec,158.172,110.739,-0.151,84.463,83.528,98.852,,0,0.584
Slemani,2019,Dec,60.091,101.068,-0.321,97.083,130.292,113.769,,0,0.607
Slemani,2020,Dec,58.155,101.243,-0.256,100.210,77.695,118.207,,0,0.529
Slemani,2021,Dec,60.811,90.804,0.189,105.827,39.832,103.127,,1,0.404
Slemani,2022,Dec,76.205,82.111,0.606,100.024,61.383,78.817,,0,0.588
Slemani,2023,Dec,64.052,89.827,0.858,93.982,84.931,114.672,,0,0.618
Slemani,2024,Dec,60.226,84.974,-1.134,98.465,84.555,120.433,,0,0.503
Slemani,2025,Dec,141.022,111.646,0.710,102.436,48.183,98.068,,,
Slemani,1999,Jan,81.604,102.827,0.404,108.005,49.442,,,1,0.432
Slemani,2000,Jan,74.117,96.174,-0.156,101.825,62.483,84.238,,1,0.461
Slemani,2001,Jan,117.914,110.190,0.271,100.164,77.637,89.782,,0,0.560
Slemani,2002,Jan,119.498,107.962,0.378,99.762,114.472,109.162,,0,0.496
Slemani,2003,Jan,147.256,110.481,0.489,98.140,119.176,96.587,,0,0.467
Slemani,2004,Jan,107.750,109.544,-0.377,96.264,128.034,91.007,,0,0.462
Slemani,2005,Jan,82.813,108.511,0.686,106.363,105.918,90.109,,0,0.476
Slemani,2006,Jan,108.182,104.539,-1.510,95.843,120.638,92.681,,0,0.541
Slemani,2007,Jan,49.728,81.997,-0.264,111.158,111.852,105.493,,1,0.304
Slemani,2008,Jan,47.252,74.084,-0.183,104.144,47.430,59.321,,0,0.531
Slemani,2009,Jan,129.259,108.769,1.297,97.761,66.101,103.556,,0,0.585
Slemani,2010,Jan,72.735,94.915,1.617,114.909,128.251,114.063,,1,0.460
Slemani,2011,Jan,82.410,102.536,-1.221,99.123,97.191,89.719,,1,0.458
Slemani,2012,Jan,125.977,108.963,1.111,97.003,83.006,89.255,,1,0.439
Slemani,2013,Jan,89.782,103.796,-0.506,102.338,93.818,85.588,,0,0.560
Slemani,2014,Jan,136.515,106.864,-0.249,89.330,80.966,109.181,,0,0.598
Slemani,2015,Jan,173.257,110.578,-0.262,88.890,107.047,116.593,,0,0.570
Slemani,2016,Jan,67.667,68.723,-0.056,110.286,140.539,111.133,,0,0.519
Slemani,2017,Jan,47.540,69.628,0.313,102.743,67.578,101.148,,0,0.507
Slemani,2018,Jan,146.162,109.964,-0.106,85.247,83.528,98.852,,0,0.584
Slemani,2019,Jan,62.081,101.341,-0.311,96.046,130.292,113.769,,0,0.607
Slemani,2020,Jan,48.145,90.555,-0.147,102.732,77.695,118.207,,0,0.529
Slemani,2021,Jan,79.675,99.048,-0.201,103.432,39.832,103.127,,1,0.404
Slemani,2022,Jan,66.890,82.255,0.363,99.969,61.383,78.817,,0,0.588
Slemani,2023,Jan,69.568,90.975,1.237,95.488,84.931,114.672,,0,0.618
Slemani,2024,Jan,43.710,72.631,-0.780,101.090,84.555,120.433,,0,0.503
Slemani,2025,Jan,136.256,109.544,0.224,100.550,48.183,98.068,,,
Slemani,1999,Feb,74.750,100.668,0.214,108.490,49.442,,44.034,1,0.432
Slemani,2000,Feb,75.322,104.056,-0.093,102.390,62.483,84.238,46.688,1,0.461
Slemani,2001,Feb,102.255,99.549,0.433,102.307,77.637,89.782,63.964,0,0.560
Slemani,2002,Feb,125.212,105.455,0.217,97.467,114.472,109.162,69.419,0,0.496
Slemani,2003,Feb,139.768,99.549,0.385,96.842,119.176,96.587,72.549,0,0.467
Slemani,2004,Feb,116.939,103.590,-0.637,95.471,128.034,91.007,73.115,0,0.462
Slemani,2005,Feb,128.914,103.155,0.740,104.175,105.918,90.109,47.732,0,0.476
Slemani,2006,Feb,109.788,103.061,-1.025,95.977,120.638,92.681,72.600,0,0.541
Slemani,2007,Feb,53.783,96.255,-0.519,109.652,111.852,105.493,48.383,1,0.304
Slemani,2008,Feb,55.856,88.143,0.202,104.841,47.430,59.321,63.814,0,0.531
Slemani,2009,Feb,123.075,101.974,1.595,98.675,66.101,103.556,85.011,0,0.585
Slemani,2010,Feb,77.099,103.528,1.379,112.196,128.251,114.063,49.798,1,0.460
Slemani,2011,Feb,82.833,102.533,-1.249,99.206,97.191,89.719,51.128,1,0.458
Slemani,2012,Feb,111.311,102.067,1.444,99.411,83.006,89.255,79.866,1,0.439
Slemani,2013,Feb,72.169,96.068,-0.256,106.023,93.818,85.588,76.244,0,0.560
Slemani,2014,Feb,120.028,104.305,0.060,92.505,80.966,109.181,99.510,0,0.598
Slemani,2015,Feb,143.005,97.716,0.220,92.316,107.047,116.593,91.027,0,0.570
Slemani,2016,Feb,64.700,73.225,-0.536,109.921,140.539,111.133,54.664,0,0.519
Slemani,2017,Feb,93.327,102.626,0.568,100.158,67.578,101.148,92.299,0,0.507
Slemani,2018,Feb,125.127,103.465,-0.156,86.419,83.528,98.852,90.401,0,0.584
Slemani,2019,Feb,71.450,103.590,-0.401,93.559,130.292,113.769,87.704,0,0.607
Slemani,2020,Feb,49.594,92.121,0.136,104.501,77.695,118.207,93.684,0,0.529
Slemani,2021,Feb,71.280,99.984,0.016,104.184,39.832,103.127,48.637,1,0.404
Slemani,2022,Feb,64.256,86.154,-0.043,100.718,61.383,78.817,89.900,0,0.588
Slemani,2023,Feb,74.793,99.984,1.139,95.394,84.931,114.672,118.313,0,0.618
Slemani,2024,Feb,44.749,78.135,-1.072,100.308,84.555,120.433,92.108,0,0.503
Slemani,2025,Feb,119.732,98.834,0.875,101.554,48.183,98.068,,,
Slemani,1999,Mar,69.332,98.230,0.047,109.379,49.442,,71.596,1,0.432
Slemani,2000,Mar,82.318,105.574,0.395,104.442,62.483,84.238,79.003,1,0.461
Slemani,2001,Mar,107.810,105.926,0.539,103.004,77.637,89.782,87.127,0,0.560
Slemani,2002,Mar,126.929,109.198,-0.143,95.417,114.472,109.162,96.400,0,0.496
Slemani,2003,Mar,117.986,83.349,0.809,102.835,119.176,96.587,85.729,0,0.467
Slemani,2004,Mar,113.857,92.650,-0.444,97.153,128.034,91.007,90.109,0,0.462
Slemani,2005,Mar,111.425,92.425,0.913,106.786,105.918,90.109,63.985,0,0.476
Slemani,2006,Mar,101.814,103.842,-0.950,95.497,120.638,92.681,91.331,0,0.541
Slemani,2007,Mar,54.667,95.279,0.199,114.015,111.852,105.493,53.648,1,0.304
Slemani,2008,Mar,57.340,93.548,0.194,103.849,47.430,59.321,89.078,0,0.531
Slemani,2009,Mar,118.586,100.154,1.832,100.959,66.101,103.556,94.617,0,0.585
Slemani,2010,Mar,75.225,98.743,1.168,111.267,128.251,114.063,78.424,1,0.460
Slemani,2011,Mar,93.179,105.413,-1.553,97.998,97.191,89.719,72.166,1,0.458
Slemani,2012,Mar,99.141,97.492,1.426,102.556,83.006,89.255,85.588,1,0.439
Slemani,2013,Mar,87.543,103.104,0.037,104.295,93.818,85.588,109.181,0,0.560
Slemani,2014,Mar,118.072,106.824,0.150,94.306,80.966,109.181,116.593,0,0.598
Slemani,2015,Mar,152.386,108.749,0.373,93.021,107.047,116.593,96.327,0,0.570
Slemani,2016,Mar,71.953,76.615,-0.585,105.613,140.539,111.133,87.100,0,0.519
Slemani,2017,Mar,80.416,88.833,0.923,101.355,67.578,101.148,98.852,0,0.507
Slemani,2018,Mar,136.060,113.944,-0.611,82.922,83.528,98.852,107.179,0,0.584
Slemani,2019,Mar,78.018,107.049,-0.313,93.178,130.292,113.769,118.207,0,0.607
Slemani,2020,Mar,46.478,83.446,0.140,103.829,77.695,118.207,103.127,0,0.529
Slemani,2021,Mar,66.762,93.323,-0.318,100.758,39.832,103.127,77.812,1,0.404
Slemani,2022,Mar,83.825,103.746,0.185,99.285,61.383,78.817,113.718,0,0.588
Slemani,2023,Mar,77.521,103.842,0.795,95.350,84.931,114.672,119.407,0,0.618
Slemani,2024,Mar,43.018,66.898,-0.683,101.669,84.555,120.433,98.068,0,0.503
Slemani,2025,Mar,150.759,114.136,0.346,95.387,48.183,98.068,,,
Makhmour,1999,Dec,25.051,70.500,0.626,107.886,32.213,,,1,0.163
Makhmour,2000,Dec,105.679,97.779,-0.537,97.275,47.805,38.825,,0,0.427
Makhmour,2001,Dec,70.508,87.074,0.250,104.085,86.344,101.599,,0,0.460
Makhmour,2002,Dec,87.015,103.879,0.365,101.782,110.997,109.400,,0,0.464
Makhmour,2003,Dec,130.399,114.296,-0.225,96.248,89.109,110.511,,0,0.447
Makhmour,2004,Dec,81.624,94.556,-0.703,96.576,121.293,106.302,,0,0.414
Makhmour,2005,Dec,41.310,80.168,0.590,111.668,92.963,98.401,,1,0.286
Makhmour,2006,Dec,131.809,101.577,-1.944,93.667,114.027,68.134,,0,0.336
Makhmour,2007,Dec,13.106,71.535,0.479,115.121,99.612,79.946,,1,0.169
Makhmour,2008,Dec,71.670,73.953,-0.559,99.278,36.567,40.150,,1,0.120
Makhmour,2009,Dec,151.551,98.872,0.436,94.755,55.572,28.548,,1,0.263
Makhmour,2010,Dec,32.766,75.161,2.346,121.616,124.117,62.583,,0,0.308
Makhmour,2011,Dec,42.471,72.284,-1.796,99.825,87.727,73.323,,1,0.179
Makhmour,2012,Dec,124.094,101.519,0.722,94.809,52.865,42.597,,0,0.522
Makhmour,2013,Dec,93.071,93.117,-0.961,99.957,111.968,124.235,,0,0.349
Makhmour,2014,Dec,164.989,114.929,-0.822,82.654,75.253,83.067,,0,0.515
Makhmour,2015,Dec,219.405,128.511,-0.555,87.076,93.904,122.535,,0,0.491
Makhmour,2016,Dec,73.163,99.793,-0.176,108.828,148.829,116.944,,0,0.496
Makhmour,2017,Dec,31.521,64.227,2.014,109.191,80.872,118.057,,1,0.272
Makhmour,2018,Dec,232.760,135.762,1.232,91.745,73.635,64.673,,0,0.697
Makhmour,2019,Dec,69.762,88.052,1.850,103.842,194.693,165.903,,0,0.667
Makhmour,2020,Dec,63.706,112.972,2.182,110.271,103.642,158.758,,0,0.436
Makhmour,2021,Dec,68.766,103.994,2.067,111.764,53.365,103.838,,0,0.312
Makhmour,2022,Dec,63.706,101.232,2.589,105.027,64.044,74.321,,0,0.470
Makhmour,2023,Dec,92.490,73.032,2.352,95.562,105.554,111.775,,0,0.618
Makhmour,2024,Dec,43.881,95.994,0.617,100.458,105.172,147.027,,0,0.401
Makhmour,2025,Dec,128.076,81.262,1.927,102.388,52.100,95.518,,,
Makhmour,1999,Jan,64.040,83.418,0.274,106.308,32.213,,,1,0.163
Makhmour,2000,Jan,86.252,90.649,-0.353,97.824,47.805,38.825,,0,0.427
Makhmour,2001,Jan,84.144,95.207,-0.069,102.758,86.344,101.599,,0,0.460
Makhmour,2002,Jan,81.712,96.255,0.492,102.112,110.997,109.400,,0,0.464
Makhmour,2003,Jan,138.294,128.847,0.096,94.536,89.109,110.511,,0,0.447
Makhmour,2004,Jan,105.491,109.931,-0.613,96.754,121.293,106.302,,0,0.414
Makhmour,2005,Jan,73.876,93.950,0.354,108.893,92.963,98.401,,1,0.286
Makhmour,2006,Jan,104.086,94.526,-2.008,95.091,114.027,68.134,,0,0.336
Makhmour,2007,Jan,28.372,68.327,-0.547,114.444,99.612,79.946,,1,0.169
Makhmour,2008,Jan,51.935,64.397,-0.774,102.322,36.567,40.150,,1,0.120
Makhmour,2009,Jan,118.137,96.517,1.110,98.290,55.572,28.548,,1,0.263
Makhmour,2010,Jan,61.338,73.986,1.738,118.214,124.117,62.583,,0,0.308
Makhmour,2011,Jan,54.745,72.624,-1.507,98.802,87.727,73.323,,1,0.179
Makhmour,2012,Jan,153.426,105.163,0.600,95.025,52.865,42.597,,0,0.522
Makhmour,2013,Jan,83.171,91.068,-0.488,99.730,111.968,124.235,,0,0.349
Makhmour,2014,Jan,127.702,103.539,-0.585,85.816,75.253,83.067,,0,0.515
Makhmour,2015,Jan,177.691,130.524,-0.490,88.008,93.904,122.535,,0,0.491
Makhmour,2016,Jan,66.094,90.963,-0.118,107.998,148.829,116.944,,0,0.496
Makhmour,2017,Jan,38.478,60.048,2.211,112.190,80.872,118.057,,1,0.272
Makhmour,2018,Jan,192.121,130.000,1.096,92.014,73.635,64.673,,0,0.697
Makhmour,2019,Jan,90.629,97.618,1.576,101.689,194.693,165.903,,0,0.667
Makhmour,2020,Jan,70.039,82.527,2.253,112.735,103.642,158.758,,0,0.436
Makhmour,2021,Jan,71.444,111.503,1.477,108.532,53.365,103.838,,0,0.312
Makhmour,2022,Jan,67.175,80.903,2.452,107.433,64.044,74.321,,0,0.470
Makhmour,2023,Jan,82.469,72.833,2.539,96.925,105.554,111.775,,0,0.618
Makhmour,2024,Jan,33.668,87.033,1.014,103.647,105.172,147.027,,0,0.401
Makhmour,2025,Jan,112.678,88.920,1.411,101.620,52.100,95.518,,,
Makhmour,1999,Feb,53.457,75.731,0.059,106.644,32.213,,31.657,1,0.163
Makhmour,2000,Feb,82.119,87.232,-0.221,98.604,47.805,38.825,45.476,0,0.427
Makhmour,2001,Feb,75.437,86.187,0.102,104.043,86.344,101.599,61.102,0,0.460
Makhmour,2002,Feb,88.633,102.667,0.208,99.671,110.997,109.400,72.601,0,0.464
Makhmour,2003,Feb,140.536,127.911,-0.053,94.083,89.109,110.511,75.727,0,0.447
Makhmour,2004,Feb,108.512,113.472,-0.722,95.932,121.293,106.302,53.635,0,0.414
Makhmour,2005,Feb,113.975,116.310,0.393,106.657,92.963,98.401,39.841,1,0.286
Makhmour,2006,Feb,112.714,104.659,-1.627,95.029,114.027,68.134,49.803,0,0.336
Makhmour,2007,Feb,37.319,71.747,-0.754,112.672,99.612,79.946,30.709,1,0.169
Makhmour,2008,Feb,46.901,60.346,-0.196,107.040,36.567,40.150,24.555,1,0.120
Makhmour,2009,Feb,113.597,90.220,1.217,98.705,55.572,28.548,42.109,1,0.263
Makhmour,2010,Feb,62.955,85.987,1.337,115.608,124.117,62.583,46.593,0,0.308
Makhmour,2011,Feb,55.685,76.428,-1.498,99.834,87.727,73.323,29.536,1,0.179
Makhmour,2012,Feb,140.578,117.903,0.798,95.728,52.865,42.597,92.843,0,0.522
Makhmour,2013,Feb,69.764,81.457,-0.309,103.287,111.968,124.235,48.283,0,0.349
Makhmour,2014,Feb,112.336,98.684,-0.361,88.783,75.253,83.067,111.930,0,0.515
Makhmour,2015,Feb,165.625,120.940,-0.039,90.660,93.904,122.535,97.832,0,0.491
Makhmour,2016,Feb,60.392,83.050,-0.235,107.876,148.829,116.944,54.110,0,0.496
Makhmour,2017,Feb,68.419,79.515,2.426,109.266,80.872,118.057,48.758,1,0.272
Makhmour,2018,Feb,177.309,130.400,1.053,91.452,73.635,64.673,154.318,0,0.697
Makhmour,2019,Feb,98.930,99.381,1.243,99.022,194.693,165.903,113.525,0,0.667
Makhmour,2020,Feb,62.115,57.059,2.414,112.882,103.642,158.758,103.694,0,0.436
Makhmour,2021,Feb,70.268,93.605,1.649,108.416,53.365,103.838,60.088,0,0.312
Makhmour,2022,Feb,72.159,83.597,1.983,106.944,64.044,74.321,65.687,0,0.470
Makhmour,2023,Feb,83.842,83.349,2.393,96.477,105.554,111.775,151.209,0,0.618
Makhmour,2024,Feb,40.765,58.603,0.606,103.083,105.172,147.027,72.890,0,0.401
Makhmour,2025,Feb,107.839,63.184,1.918,103.389,52.100,95.518,,,
Makhmour,1999,Mar,50.365,74.305,-0.118,108.003,32.213,,38.825,1,0.163
Makhmour,2000,Mar,93.289,96.408,0.179,98.629,47.805,38.825,97.465,0,0.427
Makhmour,2001,Mar,101.316,111.142,0.241,104.447,86.344,101.599,109.400,0,0.460
Makhmour,2002,Mar,90.981,107.353,-0.247,96.561,110.997,109.400,107.947,0,0.464
Makhmour,2003,Mar,117.438,106.301,0.257,99.407,89.109,110.511,106.302,0,0.447
Makhmour,2004,Mar,98.663,104.985,-0.631,96.606,121.293,106.302,98.401,0,0.414
Makhmour,2005,Mar,94.977,100.986,0.546,108.579,92.963,98.401,65.710,1,0.286
Makhmour,2006,Mar,98.422,96.355,-1.472,95.071,114.027,68.134,79.946,0,0.336
Makhmour,2007,Mar,41.959,70.780,-0.118,115.973,99.612,79.946,40.150,1,0.169
Makhmour,2008,Mar,55.533,64.886,-0.120,107.665,36.567,40.150,24.555,1,0.120
Makhmour,2009,Mar,126.120,102.512,1.360,99.352,55.572,28.548,58.075,1,0.263
Makhmour,2010,Mar,56.015,77.884,1.107,114.254,124.117,62.583,73.323,0,0.308
Makhmour,2011,Mar,59.804,75.147,-1.732,99.471,87.727,73.323,42.597,1,0.179
Makhmour,2012,Mar,120.849,102.880,0.804,99.001,52.865,42.597,124.235,0,0.522
Makhmour,2013,Mar,83.264,91.513,-0.033,102.895,111.968,124.235,83.067,0,0.349
Makhmour,2014,Mar,105.140,92.355,-0.261,91.348,75.253,83.067,122.535,0,0.515
Makhmour,2015,Mar,156.607,118.299,0.068,91.859,93.904,122.535,116.944,0,0.491
Makhmour,2016,Mar,79.372,86.619,-0.131,103.778,148.829,116.944,114.073,0,0.496
Makhmour,2017,Mar,59.735,70.411,2.782,110.961,80.872,118.057,64.242,1,0.272
Makhmour,2018,Mar,196.362,148.453,0.633,86.658,73.635,64.673,165.903,0,0.697
Makhmour,2019,Mar,113.270,106.985,1.292,97.376,194.693,165.903,158.758,0,0.667
Makhmour,2020,Mar,62.354,48.993,2.322,112.579,103.642,158.758,103.838,0,0.436
Makhmour,2021,Mar,66.419,81.199,1.086,104.308,53.365,103.838,74.321,0,0.312
Makhmour,2022,Mar,86.847,77.726,2.095,104.736,64.044,74.321,111.775,0,0.470
Makhmour,2023,Mar,94.047,89.040,2.094,97.031,105.554,111.775,151.209,0,0.618
Makhmour,2024,Mar,45.370,54.045,1.133,105.820,105.172,147.027,95.518,0,0.401
Makhmour,2025,Mar,181.893,117.089,1.388,96.600,52.100,95.518,,,
Erbil,1999,Dec,27.614,79.240,0.739,108.250,40.659,,,1,0.327
Erbil,2000,Dec,91.633,98.176,-0.339,99.078,54.467,52.853,,1,0.419
Erbil,2001,Dec,70.614,92.313,0.542,106.036,81.085,67.715,,0,0.627
Erbil,2002,Dec,91.427,102.618,0.407,102.194,112.073,101.297,,0,0.647
Erbil,2003,Dec,148.578,117.840,-0.026,97.331,96.776,104.639,,0,0.601
Erbil,2004,Dec,72.812,96.719,-0.394,98.499,129.299,97.127,,0,0.633
Erbil,2005,Dec,45.679,87.979,0.968,114.084,98.264,102.288,,0,0.556
Erbil,2006,Dec,160.874,110.411,-1.627,96.190,112.445,89.802,,0,0.647
Erbil,2007,Dec,21.088,81.971,0.617,114.860,105.633,104.637,,1,0.347
Erbil,2008,Dec,67.042,84.884,-0.364,99.886,42.588,56.039,,1,0.305
Erbil,2009,Dec,171.452,108.226,0.670,96.828,57.815,49.267,,0,0.611
Erbil,2010,Dec,30.155,82.044,2.713,124.052,125.324,98.703,,0,0.572
Erbil,2011,Dec,35.994,80.988,-1.513,102.214,88.129,92.396,,1,0.364
Erbil,2012,Dec,127.147,105.531,0.834,95.323,53.723,58.911,,0,0.656
Erbil,2013,Dec,96.030,95.190,-0.740,101.949,113.072,105.993,,0,0.683
Erbil,2014,Dec,179.901,115.145,-0.605,84.749,78.481,110.327,,0,0.663
Erbil,2015,Dec,191.991,114.417,-0.416,89.707,102.797,107.228,,0,0.654
Erbil,2016,Dec,77.827,102.946,-0.203,108.297,147.803,105.645,,0,0.641
Erbil,2017,Dec,37.574,94.316,0.422,97.989,72.181,103.570,,1,0.521
Erbil,2018,Dec,219.124,126.470,0.493,83.295,81.550,84.198,,0,0.741
Erbil,2019,Dec,66.767,89.691,0.963,99.537,186.021,119.772,,0,0.733
Erbil,2020,Dec,57.906,97.884,1.232,104.290,103.309,118.433,,1,0.546
Erbil,2021,Dec,51.655,100.324,1.032,103.842,51.166,88.303,,0,0.591
Erbil,2022,Dec,73.774,94.061,1.996,103.814,62.534,95.495,,0,0.659
Erbil,2023,Dec,103.998,97.557,1.142,88.563,94.893,106.483,,0,0.748
Erbil,2024,Dec,37.917,74.761,-0.571,95.529,127.904,120.944,,0,0.560
Erbil,2025,Dec,103.860,83.209,1.004,99.707,38.357,90.559,,,
Erbil,1999,Jan,72.868,93.011,0.440,106.537,40.659,,,1,0.327
Erbil,2000,Jan,73.523,93.681,-0.136,100.145,54.467,52.853,,1,0.419
Erbil,2001,Jan,86.542,100.284,0.138,104.077,81.085,67.715,,0,0.627
Erbil,2002,Jan,85.319,99.680,0.582,102.746,112.073,101.297,,0,0.647
Erbil,2003,Jan,158.755,115.635,0.291,95.545,96.776,104.639,,0,0.601
Erbil,2004,Jan,94.580,105.177,-0.309,98.882,129.299,97.127,,0,0.633
Erbil,2005,Jan,69.810,95.457,0.714,110.935,98.264,102.288,,0,0.556
Erbil,2006,Jan,120.573,104.708,-1.839,97.178,112.445,89.802,,0,0.647
Erbil,2007,Jan,32.808,77.123,-0.540,113.755,105.633,104.637,,1,0.347
Erbil,2008,Jan,49.278,78.632,-0.605,102.776,42.588,56.039,,1,0.305
Erbil,2009,Jan,133.242,106.552,1.440,100.851,57.815,49.267,,0,0.611
Erbil,2010,Jan,52.423,80.341,2.071,120.315,125.324,98.703,,0,0.572
Erbil,2011,Jan,53.341,84.430,-1.210,100.817,88.129,92.396,,1,0.364
Erbil,2012,Jan,164.871,110.406,0.739,95.077,53.723,58.911,,0,0.656
Erbil,2013,Jan,86.192,94.351,-0.259,102.034,113.072,105.993,,0,0.683
Erbil,2014,Jan,137.217,106.518,-0.298,88.195,78.481,110.327,,0,0.663
Erbil,2015,Jan,176.142,113.322,-0.345,89.768,102.797,107.228,,0,0.654
Erbil,2016,Jan,64.000,106.149,-0.354,106.967,147.803,105.645,,0,0.641
Erbil,2017,Jan,51.549,90.162,0.816,100.948,72.181,103.570,,1,0.521
Erbil,2018,Jan,189.946,114.730,0.475,85.134,81.550,84.198,,0,0.741
Erbil,2019,Jan,82.523,95.122,0.777,97.514,186.021,119.772,,0,0.733
Erbil,2020,Jan,65.660,90.631,1.191,105.922,103.309,118.433,,1,0.546
Erbil,2021,Jan,69.330,103.736,0.564,101.869,51.166,88.303,,0,0.591
Erbil,2022,Jan,59.413,78.900,1.839,105.266,62.534,95.495,,0,0.659
Erbil,2023,Jan,104.366,103.904,1.442,90.128,94.893,106.483,,0,0.748
Erbil,2024,Jan,28.046,71.224,-0.205,98.478,127.904,120.944,,0,0.560
Erbil,2025,Jan,105.283,96.463,0.625,99.218,38.357,90.559,,,
Erbil,1999,Feb,61.159,88.933,0.231,106.851,40.659,,36.151,1,0.327
Erbil,2000,Feb,75.419,97.287,0.003,100.675,54.467,52.853,30.529,1,0.419
Erbil,2001,Feb,78.733,96.287,0.313,105.297,81.085,67.715,73.156,0,0.627
Erbil,2002,Feb,95.437,107.545,0.327,100.260,112.073,101.297,57.342,0,0.647
Erbil,2003,Feb,152.211,109.964,0.157,95.068,96.776,104.639,57.253,0,0.601
Erbil,2004,Feb,105.145,108.384,-0.447,97.736,129.299,97.127,52.245,0,0.633
Erbil,2005,Feb,114.518,106.609,0.737,108.642,98.264,102.288,34.305,0,0.556
Erbil,2006,Feb,120.008,105.739,-1.462,96.854,112.445,89.802,42.336,0,0.647
Erbil,2007,Feb,45.794,87.481,-0.709,112.452,105.633,104.637,24.387,1,0.347
Erbil,2008,Feb,47.032,75.836,-0.074,106.335,42.588,56.039,28.151,1,0.305
Erbil,2009,Feb,125.130,100.739,1.579,101.211,57.815,49.267,83.573,0,0.611
Erbil,2010,Feb,58.548,90.804,1.656,117.579,125.324,98.703,50.838,0,0.572
Erbil,2011,Feb,54.230,90.094,-1.183,101.707,88.129,92.396,30.879,1,0.364
Erbil,2012,Feb,146.420,105.706,0.960,96.053,53.723,58.911,80.330,0,0.656
Erbil,2013,Feb,71.436,90.352,-0.078,105.424,113.072,105.993,72.462,0,0.683
Erbil,2014,Feb,121.012,103.835,-0.040,91.278,78.481,110.327,93.896,0,0.663
Erbil,2015,Feb,162.756,107.416,0.117,92.451,102.797,107.228,84.976,0,0.654
Erbil,2016,Feb,57.376,101.803,-0.710,106.053,147.803,105.645,52.488,0,0.641
Erbil,2017,Feb,72.340,103.513,1.025,98.766,72.181,103.570,56.541,1,0.521
Erbil,2018,Feb,175.711,108.996,0.404,85.195,81.550,84.198,103.128,0,0.741
Erbil,2019,Feb,90.684,97.287,0.598,95.982,186.021,119.772,84.939,0,0.733
Erbil,2020,Feb,58.849,79.094,1.315,106.437,103.309,118.433,75.096,1,0.546
Erbil,2021,Feb,70.331,88.642,0.793,103.247,51.166,88.303,72.381,0,0.591
Erbil,2022,Feb,70.733,84.997,1.318,105.052,62.534,95.495,70.196,0,0.659
Erbil,2023,Feb,101.831,105.868,1.385,91.027,94.893,106.483,112.915,0,0.748
Erbil,2024,Feb,30.831,65.901,-0.521,98.735,127.904,120.944,62.086,0,0.560
Erbil,2025,Feb,106.618,88.481,1.218,100.892,38.357,90.559,,,
Erbil,1999,Mar,58.046,87.343,-0.043,107.409,40.659,,52.853,1,0.327
Erbil,2000,Mar,87.138,102.978,0.388,100.988,54.467,52.853,60.508,1,0.419
Erbil,2001,Mar,102.325,109.449,0.453,105.460,81.085,67.715,83.694,0,0.627
Erbil,2002,Mar,99.157,109.515,-0.076,97.603,112.073,101.297,98.673,0,0.647
Erbil,2003,Mar,126.500,96.441,0.478,100.713,96.776,104.639,97.127,0,0.601
Erbil,2004,Mar,100.495,101.894,-0.376,97.885,129.299,97.127,101.995,0,0.633
Erbil,2005,Mar,95.797,96.146,0.837,110.008,98.264,102.288,75.798,0,0.556
Erbil,2006,Mar,106.450,101.139,-1.319,96.405,112.445,89.802,86.590,0,0.647
Erbil,2007,Mar,49.442,87.113,-0.097,115.323,105.633,104.637,56.039,1,0.347
Erbil,2008,Mar,54.714,80.609,-0.013,106.649,42.588,56.039,44.404,1,0.305
Erbil,2009,Mar,131.663,101.599,1.729,102.158,57.815,49.267,98.703,0,0.611
Erbil,2010,Mar,55.260,87.671,1.377,115.721,125.324,98.703,92.396,0,0.572
Erbil,2011,Mar,60.314,90.562,-1.467,100.665,88.129,92.396,57.091,1,0.364
Erbil,2012,Mar,124.260,96.277,0.981,99.795,53.723,58.911,105.993,0,0.656
Erbil,2013,Mar,86.510,99.398,0.208,104.643,113.072,105.993,110.327,0,0.683
Erbil,2014,Mar,113.689,100.515,0.034,93.106,78.481,110.327,107.228,0,0.663
Erbil,2015,Mar,155.537,108.530,0.233,93.339,102.797,107.228,105.645,0,0.654
Erbil,2016,Mar,72.578,107.281,-0.595,102.444,147.803,105.645,103.059,0,0.641
Erbil,2017,Mar,61.843,94.635,1.447,101.896,72.181,103.570,84.198,1,0.521
Erbil,2018,Mar,187.606,117.037,0.037,81.893,81.550,84.198,109.585,0,0.741
Erbil,2019,Mar,108.226,103.931,0.704,94.623,186.021,119.772,118.433,0,0.733
Erbil,2020,Mar,59.467,84.189,1.238,105.957,103.309,118.433,88.303,1,0.546
Erbil,2021,Mar,64.657,84.222,0.312,99.707,51.166,88.303,95.495,0,0.591
Erbil,2022,Mar,75.884,81.167,1.509,103.869,62.534,95.495,106.483,0,0.659
Erbil,2023,Mar,110.684,108.891,1.110,92.251,94.893,106.483,119.589,0,0.748
Erbil,2024,Mar,35.156,61.294,0.078,103.239,127.904,120.944,87.142,0,0.560
Erbil,2025,Mar,148.244,113.785,0.748,94.379,38.357,90.559,,,
Chamchamal,1999,Dec,29.013,65.678,0.615,108.663,39.010,,,1,0.251
Chamchamal,2000,Dec,71.049,90.154,-0.564,98.833,51.045,56.931,,0,0.508
Chamchamal,2001,Dec,95.270,100.245,0.273,103.552,76.640,115.403,,0,0.558
Chamchamal,2002,Dec,122.252,122.658,0.059,98.025,118.463,126.793,,0,0.397
Chamchamal,2003,Dec,106.730,111.786,0.013,100.381,100.909,90.221,,0,0.432
Chamchamal,2004,Dec,85.634,100.970,-0.709,96.066,119.988,98.088,,0,0.410
Chamchamal,2005,Dec,45.994,79.059,0.746,112.427,97.769,93.115,,0,0.365
Chamchamal,2006,Dec,136.368,108.943,-1.757,93.802,117.664,83.016,,0,0.533
Chamchamal,2007,Dec,20.523,63.559,0.357,113.862,109.205,120.998,,1,0.215
Chamchamal,2008,Dec,72.664,72.480,-0.511,99.293,36.051,48.912,,1,0.261
Chamchamal,2009,Dec,175.904,128.178,0.205,93.402,54.367,59.207,,0,0.513
Chamchamal,2010,Dec,32.608,64.786,2.334,120.481,131.642,116.500,,1,0.352
Chamchamal,2011,Dec,59.746,70.696,-1.894,98.889,96.008,79.956,,1,0.301
Chamchamal,2012,Dec,125.221,117.529,0.793,95.814,58.832,68.315,,0,0.449
Chamchamal,2013,Dec,98.604,102.085,-1.079,100.657,104.758,101.912,,0,0.469
Chamchamal,2014,Dec,156.527,128.512,-0.827,83.300,75.805,106.654,,0,0.517
Chamchamal,2015,Dec,210.751,137.991,-0.754,86.396,99.675,117.562,,0,0.496
Chamchamal,2016,Dec,77.977,101.416,-0.282,109.555,153.352,112.619,,0,0.421
Chamchamal,2017,Dec,59.590,38.470,1.866,107.819,76.694,95.767,,1,0.339
Chamchamal,2018,Dec,194.083,127.453,1.196,89.507,99.675,76.924,,0,0.585
Chamchamal,2019,Dec,83.915,84.188,1.805,105.808,178.420,132.828,,0,0.492
Chamchamal,2020,Dec,55.579,96.398,2.071,109.095,99.167,111.743,,0,0.464
Chamchamal,2021,Dec,60.840,89.541,2.049,112.295,43.838,105.375,,1,0.302
Chamchamal,2022,Dec,72.403,87.979,2.550,107.747,72.737,68.705,,0,0.609
Chamchamal,2023,Dec,85.686,75.379,2.830,95.618,114.197,138.486,,0,0.551
Chamchamal,2024,Dec,47.245,107.661,0.930,99.497,108.080,125.234,,0,0.409
Chamchamal,2025,Dec,142.567,111.173,2.700,104.372,60.194,92.974,,,
Chamchamal,1999,Jan,64.490,86.057,0.246,106.423,39.010,,,1,0.251
Chamchamal,2000,Jan,65.377,84.208,-0.512,99.929,51.045,56.931,,0,0.508
Chamchamal,2001,Jan,121.546,121.523,-0.027,101.359,76.640,115.403,,0,0.558
Chamchamal,2002,Jan,108.006,113.605,0.221,98.475,118.463,126.793,,0,0.397
Chamchamal,2003,Jan,138.086,132.144,0.309,97.782,100.909,90.221,,0,0.432
Chamchamal,2004,Jan,98.867,115.596,-0.642,96.298,119.988,98.088,,0,0.410
Chamchamal,2005,Jan,73.425,99.380,0.417,108.675,97.769,93.115,,0,0.365
Chamchamal,2006,Jan,107.290,101.609,-1.755,95.523,117.664,83.016,,0,0.533
Chamchamal,2007,Jan,33.285,59.932,-0.625,112.629,109.205,120.998,,1,0.215
Chamchamal,2008,Jan,53.713,62.777,-0.634,102.663,36.051,48.912,,1,0.261
Chamchamal,2009,Jan,136.176,119.816,1.014,97.571,54.367,59.207,,0,0.513
Chamchamal,2010,Jan,61.489,75.247,1.696,116.359,131.642,116.500,,1,0.352
Chamchamal,2011,Jan,62.478,74.915,-1.608,97.497,96.008,79.956,,1,0.301
Chamchamal,2012,Jan,141.155,117.825,0.683,95.809,58.832,68.315,,0,0.449
Chamchamal,2013,Jan,86.555,93.975,-0.586,101.097,104.758,101.912,,0,0.469
Chamchamal,2014,Jan,130.413,113.083,-0.518,86.668,75.805,106.654,,0,0.517
Chamchamal,2015,Jan,184.876,131.433,-0.619,86.665,99.675,117.562,,0,0.496
Chamchamal,2016,Jan,65.377,61.923,-0.065,110.095,153.352,112.619,,0,0.421
Chamchamal,2017,Jan,55.896,38.311,1.906,109.793,76.694,95.767,,1,0.339
Chamchamal,2018,Jan,184.296,126.786,1.089,89.378,99.675,76.924,,0,0.585
Chamchamal,2019,Jan,84.782,92.363,1.476,103.332,178.420,132.828,,0,0.492
Chamchamal,2020,Jan,47.950,78.850,2.121,112.813,99.167,111.743,,0,0.464
Chamchamal,2021,Jan,74.312,94.639,1.471,109.086,43.838,105.375,,1,0.302
Chamchamal,2022,Jan,76.870,87.859,2.346,109.168,72.737,68.705,,0,0.609
Chamchamal,2023,Jan,84.373,74.962,3.013,97.160,114.197,138.486,,0,0.551
Chamchamal,2024,Jan,41.061,95.730,1.322,102.520,108.080,125.234,,0,0.409
Chamchamal,2025,Jan,132.220,122.187,2.168,102.588,60.194,92.974,,,
Chamchamal,1999,Feb,59.305,84.626,0.005,106.801,39.010,,45.872,1,0.251
Chamchamal,2000,Feb,69.928,94.633,-0.372,100.623,51.045,56.931,51.045,0,0.508
Chamchamal,2001,Feb,102.295,104.817,0.150,103.356,76.640,115.403,75.890,0,0.558
Chamchamal,2002,Feb,105.506,116.712,0.021,96.954,118.463,126.793,64.099,0,0.397
Chamchamal,2003,Feb,131.034,120.091,0.127,96.470,100.909,90.221,76.930,0,0.432
Chamchamal,2004,Feb,109.839,118.160,-0.787,94.863,119.988,98.088,65.142,0,0.410
Chamchamal,2005,Feb,126.779,117.326,0.464,106.429,97.769,93.115,46.678,0,0.365
Chamchamal,2006,Feb,117.722,112.278,-1.368,95.233,117.664,83.016,68.494,0,0.533
Chamchamal,2007,Feb,40.354,69.527,-0.764,111.690,109.205,120.998,38.196,1,0.215
Chamchamal,2008,Feb,50.795,60.133,-0.169,105.618,36.051,48.912,38.367,1,0.261
Chamchamal,2009,Feb,128.894,106.616,1.174,98.180,54.367,59.207,99.659,0,0.513
Chamchamal,2010,Feb,61.288,89.542,1.303,113.641,131.642,116.500,48.901,1,0.352
Chamchamal,2011,Feb,60.662,82.958,-1.569,98.801,96.008,79.956,37.359,1,0.301
Chamchamal,2012,Feb,127.641,113.376,0.910,96.954,58.832,68.315,83.465,0,0.449
Chamchamal,2013,Feb,70.633,85.986,-0.423,104.722,104.758,101.912,74.951,0,0.469
Chamchamal,2014,Feb,115.503,111.532,-0.304,89.622,75.805,106.654,95.198,0,0.517
Chamchamal,2015,Feb,165.489,118.160,-0.183,89.536,99.675,117.562,82.824,0,0.496
Chamchamal,2016,Feb,60.062,65.488,-0.225,109.786,153.352,112.619,51.161,0,0.421
Chamchamal,2017,Feb,99.633,71.194,2.130,106.586,76.694,95.767,56.734,1,0.339
Chamchamal,2018,Feb,166.429,114.649,1.040,89.444,99.675,76.924,101.513,0,0.585
Chamchamal,2019,Feb,90.262,94.765,1.226,100.586,178.420,132.828,63.169,0,0.492
Chamchamal,2020,Feb,50.665,70.053,2.278,113.953,99.167,111.743,94.663,0,0.464
Chamchamal,2021,Feb,73.791,73.960,1.656,109.780,43.838,105.375,46.564,1,0.302
Chamchamal,2022,Feb,74.105,89.673,1.867,108.935,72.737,68.705,79.294,0,0.609
Chamchamal,2023,Feb,92.011,94.282,2.845,96.920,114.197,138.486,105.936,0,0.551
Chamchamal,2024,Feb,46.227,84.450,0.870,102.241,108.080,125.234,84.303,0,0.409
Chamchamal,2025,Feb,124.822,86.952,2.669,104.725,60.194,92.974,,,
Chamchamal,1999,Mar,54.075,78.703,-0.192,108.191,39.010,,56.931,1,0.251
Chamchamal,2000,Mar,84.517,110.474,0.077,101.548,51.045,56.931,98.968,0,0.508
Chamchamal,2001,Mar,111.608,115.603,0.280,104.123,76.640,115.403,107.779,0,0.558
Chamchamal,2002,Mar,105.203,118.008,-0.316,95.345,118.463,126.793,90.221,0,0.397
Chamchamal,2003,Mar,112.376,98.628,0.468,102.045,100.909,90.221,96.048,0,0.432
Chamchamal,2004,Mar,103.623,109.112,-0.739,95.284,119.988,98.088,92.880,0,0.410
Chamchamal,2005,Mar,107.061,99.354,0.576,108.110,97.769,93.115,57.456,0,0.365
Chamchamal,2006,Mar,105.118,106.979,-1.310,94.915,117.664,83.016,93.885,0,0.533
Chamchamal,2007,Mar,41.266,66.221,-0.069,116.103,109.205,120.998,48.393,1,0.215
Chamchamal,2008,Mar,51.363,62.681,-0.080,106.481,36.051,48.912,49.571,1,0.261
Chamchamal,2009,Mar,132.102,109.566,1.392,100.312,54.367,59.207,116.500,0,0.513
Chamchamal,2010,Mar,61.781,88.869,1.018,112.243,131.642,116.500,65.614,1,0.352
Chamchamal,2011,Mar,64.386,86.010,-1.804,98.326,96.008,79.956,52.800,1,0.301
Chamchamal,2012,Mar,109.110,96.676,0.942,101.136,58.832,68.315,101.912,0,0.449
Chamchamal,2013,Mar,81.891,97.675,-0.151,103.428,104.758,101.912,106.596,0,0.469
Chamchamal,2014,Mar,110.348,107.342,-0.243,91.698,75.805,106.654,117.562,0,0.517
Chamchamal,2015,Mar,165.576,124.953,-0.056,90.582,99.675,117.562,101.873,0,0.496
Chamchamal,2016,Mar,76.640,64.905,-0.086,105.458,153.352,112.619,79.575,0,0.421
Chamchamal,2017,Mar,88.530,58.641,2.523,108.202,76.694,95.767,74.707,1,0.339
Chamchamal,2018,Mar,186.283,129.582,0.590,84.724,99.675,76.924,115.320,0,0.585
Chamchamal,2019,Mar,104.605,109.339,1.295,98.589,178.420,132.828,110.679,0,0.492
Chamchamal,2020,Mar,50.360,54.511,2.181,112.681,99.167,111.743,105.375,0,0.464
Chamchamal,2021,Mar,72.114,59.685,1.192,105.646,43.838,105.375,68.705,1,0.302
Chamchamal,2022,Mar,99.311,102.894,1.964,105.831,72.737,68.705,138.486,0,0.609
Chamchamal,2023,Mar,94.252,93.363,2.498,96.868,114.197,138.486,114.673,0,0.551
Chamchamal,2024,Mar,50.253,84.921,1.262,103.959,108.080,125.234,92.974,0,0.409
Chamchamal,2025,Mar,168.799,125.180,2.063,97.727,60.194,92.974,,,
Duhok,1999,Dec,38.423,81.625,0.611,106.814,37.601,,,0,0.513
Duhok,2000,Dec,88.406,98.308,0.037,98.803,53.529,95.674,,0,0.574
Duhok,2001,Dec,75.175,92.298,-0.041,99.920,79.896,107.150,,0,0.599
Duhok,2002,Dec,98.764,103.115,-0.031,99.267,93.595,111.729,,0,0.601
Duhok,2003,Dec,156.031,117.466,-0.032,96.248,100.990,112.229,,0,0.552
Duhok,2004,Dec,88.139,96.632,-0.610,95.619,115.782,102.953,,0,0.497
Duhok,2005,Dec,47.444,86.980,0.757,113.387,100.026,92.784,,0,0.495
Duhok,2006,Dec,135.449,105.410,-1.921,91.871,111.666,92.314,,0,0.626
Duhok,2007,Dec,35.216,81.990,0.435,111.939,107.143,116.732,,1,0.231
Duhok,2008,Dec,64.417,84.831,-0.098,103.256,48.684,43.178,,0,0.519
Duhok,2009,Dec,138.189,111.966,0.849,97.545,56.315,96.891,,0,0.624
Duhok,2010,Dec,42.833,81.225,1.772,116.449,105.171,116.392,,1,0.433
Duhok,2011,Dec,48.981,81.443,-1.812,98.671,97.368,80.816,,1,0.398
Duhok,2012,Dec,141.664,113.132,1.104,96.437,72.115,74.344,,0,0.523
Duhok,2013,Dec,104.778,99.655,-0.618,101.893,115.246,97.542,,0,0.572
Duhok,2014,Dec,181.624,115.317,-0.060,90.272,84.977,106.811,,0,0.549
Duhok,2015,Dec,143.735,106.904,-0.044,91.227,107.614,102.458,,0,0.585
Duhok,2016,Dec,103.508,105.192,-0.334,100.194,115.696,109.171,,0,0.463
Duhok,2017,Dec,46.976,93.463,1.024,109.365,86.049,86.416,,1,0.333
Duhok,2018,Dec,235.015,126.791,1.422,91.928,82.469,62.186,,0,0.631
Duhok,2019,Dec,84.531,89.566,1.773,110.425,214.800,117.786,,0,0.605
Duhok,2020,Dec,40.829,112.986,2.052,117.750,131.688,112.900,,1,0.385
Duhok,2021,Dec,49.115,81.298,1.765,116.506,47.376,71.839,,1,0.290
Duhok,2022,Dec,54.795,86.579,2.570,117.428,63.647,54.133,,0,0.550
Duhok,2023,Dec,127.297,100.420,1.755,101.188,79.810,102.686,,0,0.638
Duhok,2024,Dec,46.241,85.013,0.290,106.057,130.745,119.019,,1,0.264
Duhok,2025,Dec,146.141,98.417,1.837,112.957,47.483,49.261,,,
Duhok,1999,Jan,60.859,90.506,0.354,105.310,37.601,,,0,0.513
Duhok,2000,Jan,66.329,91.370,0.197,100.129,53.529,95.674,,0,0.574
Duhok,2001,Jan,72.273,95.658,-0.293,100.200,79.896,107.150,,0,0.599
Duhok,2002,Jan,84.677,98.450,0.204,100.061,93.595,111.729,,0,0.601
Duhok,2003,Jan,151.523,114.471,0.175,94.509,100.990,112.229,,0,0.552
Duhok,2004,Jan,110.089,108.255,-0.548,95.888,115.782,102.953,,0,0.497
Duhok,2005,Jan,83.126,102.970,0.557,109.479,100.026,92.784,,0,0.495
Duhok,2006,Jan,105.868,102.206,-1.999,94.389,111.666,92.314,,0,0.626
Duhok,2007,Jan,51.512,79.139,-0.463,110.049,107.143,116.732,,1,0.231
Duhok,2008,Jan,48.282,80.003,-0.414,104.947,48.684,43.178,,0,0.519
Duhok,2009,Jan,128.781,112.210,1.505,99.933,56.315,96.891,,0,0.624
Duhok,2010,Jan,59.222,80.568,1.345,113.174,105.171,116.392,,1,0.433
Duhok,2011,Jan,64.821,82.961,-1.411,97.566,97.368,80.816,,1,0.398
Duhok,2012,Jan,160.912,113.208,0.831,96.294,72.115,74.344,,0,0.523
Duhok,2013,Jan,108.667,101.641,-0.288,101.695,115.246,97.542,,0,0.572
Duhok,2014,Jan,144.760,107.590,0.096,93.592,84.977,106.811,,0,0.549
Duhok,2015,Jan,148.938,112.343,-0.153,90.974,107.614,102.458,,0,0.585
Duhok,2016,Jan,82.222,98.084,-0.321,101.599,115.696,109.171,,0,0.463
Duhok,2017,Jan,64.434,92.600,1.409,110.643,86.049,86.416,,1,0.333
Duhok,2018,Jan,204.543,113.507,1.420,94.194,82.469,62.186,,0,0.631
Duhok,2019,Jan,94.799,98.882,1.555,107.259,214.800,117.786,,0,0.605
Duhok,2020,Jan,54.527,99.846,2.023,118.268,131.688,112.900,,1,0.385
Duhok,2021,Jan,73.048,88.246,1.370,113.337,47.376,71.839,,1,0.290
Duhok,2022,Jan,41.692,77.710,2.269,117.140,63.647,54.133,,0,0.550
Duhok,2023,Jan,127.834,108.488,1.980,100.814,79.810,102.686,,0,0.638
Duhok,2024,Jan,32.648,85.055,0.667,108.925,130.745,119.019,,1,0.264
Duhok,2025,Jan,138.558,106.361,1.438,111.305,47.483,49.261,,,
Duhok,1999,Feb,55.824,89.036,0.157,105.556,37.601,,33.958,0,0.513
Duhok,2000,Feb,74.148,96.668,0.277,100.392,53.529,95.674,73.958,0,0.574
Duhok,2001,Feb,70.980,93.666,-0.068,101.768,79.896,107.150,71.975,0,0.599
Duhok,2002,Feb,105.963,109.602,0.025,97.065,93.595,111.729,60.789,0,0.601
Duhok,2003,Feb,149.374,109.027,-0.074,93.752,100.990,112.229,79.669,0,0.552
Duhok,2004,Feb,113.672,106.664,-0.645,95.579,115.782,102.953,53.393,0,0.497
Duhok,2005,Feb,119.291,104.237,0.566,106.339,100.026,92.784,53.779,0,0.495
Duhok,2006,Feb,110.798,105.259,-1.635,94.846,111.666,92.314,63.396,0,0.626
Duhok,2007,Feb,57.326,89.834,-0.617,109.347,107.143,116.732,27.841,1,0.231
Duhok,2008,Feb,52.263,78.689,-0.048,106.677,48.684,43.178,50.623,0,0.519
Duhok,2009,Feb,115.861,102.800,1.593,100.127,56.315,96.891,111.811,0,0.624
Duhok,2010,Feb,67.289,94.528,1.083,111.045,105.171,116.392,51.775,1,0.433
Duhok,2011,Feb,75.324,98.265,-1.428,98.249,97.368,80.816,38.926,1,0.398
Duhok,2012,Feb,142.613,106.057,1.019,97.324,72.115,74.344,69.873,0,0.523
Duhok,2013,Feb,86.397,96.540,-0.076,105.002,115.246,97.542,77.055,0,0.572
Duhok,2014,Feb,122.361,104.364,0.295,95.666,84.977,106.811,84.931,0,0.549
Duhok,2015,Feb,132.618,105.163,0.326,94.528,107.614,102.458,87.363,0,0.585
Duhok,2016,Feb,71.274,95.838,-0.580,102.511,115.696,109.171,61.717,0,0.463
Duhok,2017,Feb,76.010,94.784,1.636,107.785,86.049,86.416,43.843,1,0.333
Duhok,2018,Feb,182.692,104.045,1.312,94.156,82.469,62.186,99.652,0,0.631
Duhok,2019,Feb,103.938,105.035,1.347,104.614,214.800,117.786,85.039,0,0.605
Duhok,2020,Feb,49.977,92.932,2.059,117.536,131.688,112.900,56.991,1,0.385
Duhok,2021,Feb,65.525,74.792,1.616,115.430,47.376,71.839,44.977,1,0.290
Duhok,2022,Feb,64.447,84.245,1.752,116.468,63.647,54.133,61.133,0,0.550
Duhok,2023,Feb,109.263,96.860,1.916,101.274,79.810,102.686,114.330,0,0.638
Duhok,2024,Feb,42.170,92.101,0.363,108.893,130.745,119.019,36.215,1,0.264
Duhok,2025,Feb,141.404,102.640,1.995,112.621,47.483,49.261,,,
Duhok,1999,Mar,58.699,91.231,-0.191,105.031,37.601,,74.728,0,0.513
Duhok,2000,Mar,79.921,101.596,0.644,101.049,53.529,95.674,103.183,0,0.574
Duhok,2001,Mar,81.508,104.131,0.070,101.262,79.896,107.150,95.685,0,0.599
Duhok,2002,Mar,109.128,108.591,-0.331,94.944,93.595,111.729,81.358,0,0.601
Duhok,2003,Mar,124.082,95.210,0.203,99.620,100.990,112.229,102.953,0,0.552
Duhok,2004,Mar,104.212,100.409,-0.573,96.437,115.782,102.953,90.253,0,0.497
Duhok,2005,Mar,102.236,97.168,0.590,107.227,100.026,92.784,81.699,0,0.495
Duhok,2006,Mar,103.120,103.521,-1.449,94.882,111.666,92.314,97.399,0,0.626
Duhok,2007,Mar,56.488,88.022,-0.072,113.684,107.143,116.732,43.178,1,0.231
Duhok,2008,Mar,57.945,87.990,-0.073,105.475,48.684,43.178,80.069,0,0.519
Duhok,2009,Mar,112.483,97.488,1.759,100.500,56.315,96.891,116.392,0,0.624
Duhok,2010,Mar,61.534,92.129,0.858,110.177,105.171,116.392,80.205,1,0.433
Duhok,2011,Mar,81.430,99.735,-1.767,97.011,97.368,80.816,51.639,1,0.398
Duhok,2012,Mar,126.683,100.088,1.010,100.357,72.115,74.344,89.365,0,0.523
Duhok,2013,Mar,95.448,101.756,0.212,104.662,115.246,97.542,106.811,0,0.572
Duhok,2014,Mar,121.117,105.607,0.286,96.367,84.977,106.811,102.458,0,0.549
Duhok,2015,Mar,127.151,105.639,0.440,95.936,107.614,102.458,109.171,0,0.585
Duhok,2016,Mar,77.477,95.691,-0.309,101.355,115.696,109.171,81.779,0,0.463
Duhok,2017,Mar,67.698,83.754,2.028,109.798,86.049,86.416,62.186,1,0.333
Duhok,2018,Mar,199.946,113.822,0.955,89.990,82.469,62.186,113.664,0,0.631
Duhok,2019,Mar,136.488,110.453,1.471,102.755,214.800,117.786,110.824,0,0.605
Duhok,2020,Mar,57.321,94.440,1.908,114.687,131.688,112.900,71.839,1,0.385
Duhok,2021,Mar,69.388,80.032,1.040,109.690,47.376,71.839,54.133,1,0.290
Duhok,2022,Mar,71.625,83.048,2.008,115.267,63.647,54.133,98.826,0,0.550
Duhok,2023,Mar,129.232,103.104,1.592,100.762,79.810,102.686,114.330,0,0.638
Duhok,2024,Mar,41.196,90.493,0.869,112.166,130.745,119.019,49.261,1,0.264
Duhok,2025,Mar,183.431,113.726,1.575,104.390,47.483,49.261,,,
Garmiyan,1999,Dec,30.203,70.392,0.729,104.988,47.499,,,1,0.235
Garmiyan,2000,Dec,81.853,96.534,-0.549,94.204,42.606,60.642,,0,0.417
Garmiyan,2001,Dec,92.359,102.623,0.651,103.687,82.742,107.799,,0,0.384
Garmiyan,2002,Dec,161.331,130.706,0.235,99.069,109.386,99.359,,0,0.419
Garmiyan,2003,Dec,82.541,98.686,0.082,103.298,111.832,108.421,,0,0.370
Garmiyan,2004,Dec,70.035,92.439,-0.444,98.792,97.130,95.553,,0,0.356
Garmiyan,2005,Dec,41.896,84.985,0.888,111.533,89.136,92.090,,1,0.310
Garmiyan,2006,Dec,73.349,85.353,-1.337,96.551,110.452,80.034,,1,0.283
Garmiyan,2007,Dec,24.075,74.014,0.767,113.504,94.901,73.129,,1,0.196
Garmiyan,2008,Dec,51.338,63.726,0.020,104.271,31.561,50.777,,1,0.273
Garmiyan,2009,Dec,109.492,90.340,0.299,95.118,47.887,70.638,,0,0.389
Garmiyan,2010,Dec,47.461,74.487,2.636,120.469,111.227,100.641,,0,0.328
Garmiyan,2011,Dec,61.218,74.802,-1.850,96.287,84.098,84.676,,1,0.246
Garmiyan,2012,Dec,119.622,104.880,0.843,94.511,61.402,63.627,,0,0.476
Garmiyan,2013,Dec,100.925,94.801,-1.069,94.379,90.178,123.017,,0,0.529
Garmiyan,2014,Dec,119.435,104.408,-0.787,84.760,86.787,136.647,,0,0.396
Garmiyan,2015,Dec,265.445,128.817,-0.556,86.150,86.545,102.364,,0,0.512
Garmiyan,2016,Dec,64.970,100.943,0.057,111.038,182.948,132.395,,0,0.465
Garmiyan,2017,Dec,49.212,81.416,0.717,105.955,75.378,120.263,,0,0.349
Garmiyan,2018,Dec,214.420,140.942,0.167,89.556,96.669,90.247,,0,0.603
Garmiyan,2019,Dec,72.911,92.544,1.054,108.008,197.917,155.811,,0,0.554
Garmiyan,2020,Dec,115.058,105.038,0.821,108.127,88.071,143.232,,0,0.383
Garmiyan,2021,Dec,71.848,93.542,1.211,116.056,64.963,98.955,,1,0.314
Garmiyan,2022,Dec,56.966,92.807,1.425,107.417,76.057,81.128,,0,0.613
Garmiyan,2023,Dec,82.729,64.251,1.384,96.637,130.798,158.531,,0,0.501
Garmiyan,2024,Dec,97.424,57.112,-0.560,103.380,166.332,129.538,,0,0.475
Garmiyan,2025,Dec,182.404,89.027,0.786,106.935,81.797,122.779,,,
Garmiyan,1999,Jan,52.856,79.997,0.383,103.796,47.499,,,1,0.235
Garmiyan,2000,Jan,79.305,94.821,-0.391,95.078,42.606,60.642,,0,0.417
Garmiyan,2001,Jan,110.710,116.561,0.332,101.257,82.742,107.799,,0,0.384
Garmiyan,2002,Jan,136.992,117.549,0.307,99.019,109.386,99.359,,0,0.419
Garmiyan,2003,Jan,122.789,125.125,0.369,100.960,111.832,108.421,,0,0.370
Garmiyan,2004,Jan,75.681,98.867,-0.409,98.952,97.130,95.553,,0,0.356
Garmiyan,2005,Jan,74.473,103.950,0.543,107.989,89.136,92.090,,1,0.310
Garmiyan,2006,Jan,72.349,84.797,-1.384,97.405,110.452,80.034,,1,0.283
Garmiyan,2007,Jan,40.194,70.868,-0.208,110.844,94.901,73.129,,1,0.196
Garmiyan,2008,Jan,42.651,55.904,-0.042,107.905,31.561,50.777,,1,0.273
Garmiyan,2009,Jan,85.178,88.938,1.076,99.763,47.887,70.638,,0,0.389
Garmiyan,2010,Jan,68.808,84.327,1.970,116.041,111.227,100.641,,0,0.328
Garmiyan,2011,Jan,58.562,71.010,-1.527,96.015,84.098,84.676,,1,0.246
Garmiyan,2012,Jan,121.165,99.150,0.773,96.152,61.402,63.627,,0,0.476
Garmiyan,2013,Jan,96.174,93.456,-0.571,95.034,90.178,123.017,,0,0.529
Garmiyan,2014,Jan,93.133,89.880,-0.479,87.099,86.787,136.647,,0,0.396
Garmiyan,2015,Jan,209.924,125.643,-0.494,87.132,86.545,102.364,,0,0.512
Garmiyan,2016,Jan,66.018,83.103,-0.107,109.765,182.948,132.395,,0,0.465
Garmiyan,2017,Jan,42.901,71.951,0.863,108.568,75.378,120.263,,0,0.349
Garmiyan,2018,Jan,192.514,125.878,0.121,89.661,96.669,90.247,,0,0.603
Garmiyan,2019,Jan,76.056,92.562,0.852,105.841,197.917,155.811,,0,0.554
Garmiyan,2020,Jan,91.467,92.421,1.028,113.146,88.071,143.232,,0,0.383
Garmiyan,2021,Jan,90.884,104.326,0.634,111.960,64.963,98.955,,1,0.314
Garmiyan,2022,Jan,97.590,92.138,1.237,107.541,76.057,81.128,,0,0.613
Garmiyan,2023,Jan,96.840,78.774,1.636,98.135,130.798,158.531,,0,0.501
Garmiyan,2024,Jan,70.933,48.046,-0.105,106.660,166.332,129.538,,0,0.475
Garmiyan,2025,Jan,162.275,89.880,0.466,105.116,81.797,122.779,,,
Garmiyan,1999,Feb,49.270,75.379,0.144,104.384,47.499,,51.374,1,0.235
Garmiyan,2000,Feb,76.594,96.032,-0.296,96.236,42.606,60.642,81.082,0,0.417
Garmiyan,2001,Feb,102.060,108.178,0.408,102.028,82.742,107.799,88.313,0,0.384
Garmiyan,2002,Feb,128.653,117.185,0.138,97.538,109.386,99.359,97.852,0,0.419
Garmiyan,2003,Feb,114.311,116.503,0.237,99.856,111.832,108.421,86.929,0,0.370
Garmiyan,2004,Feb,79.948,103.083,-0.564,97.822,97.130,95.553,69.806,0,0.356
Garmiyan,2005,Feb,112.684,118.914,0.582,105.892,89.136,92.090,61.851,1,0.310
Garmiyan,2006,Feb,93.461,100.717,-1.049,96.382,110.452,80.034,57.203,1,0.283
Garmiyan,2007,Feb,39.542,68.009,-0.341,110.641,94.901,73.129,48.808,1,0.196
Garmiyan,2008,Feb,50.266,59.548,0.330,109.637,31.561,50.777,63.119,1,0.273
Garmiyan,2009,Feb,91.435,87.024,1.276,100.903,47.887,70.638,104.271,0,0.389
Garmiyan,2010,Feb,60.226,88.344,1.558,113.715,111.227,100.641,63.271,0,0.328
Garmiyan,2011,Feb,63.181,80.656,-1.462,97.168,84.098,84.676,45.744,1,0.246
Garmiyan,2012,Feb,109.928,103.765,0.985,97.488,61.402,63.627,114.003,0,0.476
Garmiyan,2013,Feb,81.176,85.569,-0.391,98.420,90.178,123.017,115.218,0,0.529
Garmiyan,2014,Feb,91.037,92.347,-0.228,90.110,86.787,136.647,102.790,0,0.396
Garmiyan,2015,Feb,190.972,114.638,-0.095,89.983,86.545,102.364,127.611,0,0.512
Garmiyan,2016,Feb,64.742,81.702,-0.484,109.069,182.948,132.395,80.497,0,0.465
Garmiyan,2017,Feb,98.308,101.354,1.109,105.970,75.378,120.263,82.175,0,0.349
Garmiyan,2018,Feb,173.541,118.049,0.074,90.000,96.669,90.247,145.798,0,0.603
Garmiyan,2019,Feb,83.467,93.848,0.694,103.654,197.917,155.811,116.829,0,0.554
Garmiyan,2020,Feb,82.836,89.481,1.169,113.025,88.071,143.232,93.768,0,0.383
Garmiyan,2021,Feb,92.730,94.894,0.762,110.759,64.963,98.955,76.115,1,0.314
Garmiyan,2022,Feb,102.060,96.123,0.842,107.408,76.057,81.128,117.053,0,0.613
Garmiyan,2023,Feb,142.033,91.346,1.518,97.589,130.798,158.531,128.371,0,0.501
Garmiyan,2024,Feb,72.677,49.085,-0.475,104.986,166.332,129.538,104.514,0,0.475
Garmiyan,2025,Feb,157.306,83.567,1.059,104.974,81.797,122.779,,,
Garmiyan,1999,Mar,46.178,72.651,0.055,107.123,47.499,,59.871,1,0.235
Garmiyan,2000,Mar,89.251,103.842,0.067,96.752,42.606,60.642,107.799,0,0.417
Garmiyan,2001,Mar,105.129,111.962,0.464,102.236,82.742,107.799,99.359,0,0.384
Garmiyan,2002,Mar,120.622,111.867,-0.175,96.309,109.386,99.359,108.421,0,0.419
Garmiyan,2003,Mar,96.943,94.193,0.675,105.371,111.832,108.421,95.553,0,0.370
Garmiyan,2004,Mar,94.580,107.759,-0.592,97.084,97.130,95.553,92.090,0,0.356
Garmiyan,2005,Mar,99.525,99.256,0.742,107.924,89.136,92.090,74.756,1,0.310
Garmiyan,2006,Mar,82.685,94.528,-1.007,96.186,110.452,80.034,73.129,1,0.283
Garmiyan,2007,Mar,34.777,63.623,0.523,117.352,94.901,73.129,49.001,1,0.196
Garmiyan,2008,Mar,47.084,57.557,0.481,111.423,31.561,50.777,70.638,1,0.273
Garmiyan,2009,Mar,98.234,97.632,1.544,103.691,47.887,70.638,104.271,0,0.389
Garmiyan,2010,Mar,59.830,83.637,1.290,111.937,111.227,100.641,84.676,0,0.328
Garmiyan,2011,Mar,66.258,80.103,-1.582,98.107,84.098,84.676,63.627,1,0.246
Garmiyan,2012,Mar,93.454,88.509,1.153,102.984,61.402,63.627,123.017,0,0.476
Garmiyan,2013,Mar,94.800,93.907,-0.149,98.229,90.178,123.017,136.647,0,0.529
Garmiyan,2014,Mar,96.091,95.053,-0.177,91.457,86.787,136.647,102.790,0,0.396
Garmiyan,2015,Mar,178.969,114.876,0.004,91.099,86.545,102.364,132.395,0,0.512
Garmiyan,2016,Mar,76.642,93.954,-0.443,104.596,182.948,132.395,120.263,0,0.465
Garmiyan,2017,Mar,82.685,89.990,1.478,107.395,75.378,120.263,90.073,0,0.349
Garmiyan,2018,Mar,208.252,134.555,-0.349,85.923,96.669,90.247,155.811,0,0.603
Garmiyan,2019,Mar,93.097,115.067,0.622,99.544,197.917,155.811,143.232,0,0.554
Garmiyan,2020,Mar,73.538,87.554,1.098,110.450,88.071,143.232,98.955,0,0.383
Garmiyan,2021,Mar,81.257,93.907,0.358,106.133,64.963,98.955,81.128,1,0.314
Garmiyan,2022,Mar,121.391,113.108,0.877,102.345,76.057,81.128,158.531,0,0.613
Garmiyan,2023,Mar,153.861,106.612,1.183,96.537,130.798,158.531,129.538,0,0.501
Garmiyan,2024,Mar,80.076,45.759,-0.184,103.843,166.332,129.538,122.779,0,0.475
Garmiyan,2025,Mar,197.758,132.692,0.561,97.406,81.797,122.779,,,
Sharazur,1999,Dec,54.305,87.114,0.468,108.468,49.877,,,0,0.601
Sharazur,2000,Dec,85.953,101.826,-0.282,99.381,62.794,93.344,,1,0.589
Sharazur,2001,Dec,86.745,99.358,0.793,102.479,74.239,91.483,,1,0.508
Sharazur,2002,Dec,136.257,111.089,0.071,100.562,107.022,78.951,,1,0.564
Sharazur,2003,Dec,104.451,109.742,0.117,100.817,116.570,87.559,,1,0.515
Sharazur,2004,Dec,104.926,107.723,-0.476,97.667,116.543,80.021,,1,0.489
Sharazur,2005,Dec,60.286,91.185,0.984,109.193,103.454,75.946,,1,0.552
Sharazur,2006,Dec,117.047,103.332,-1.464,96.852,118.652,85.667,,0,0.639
Sharazur,2007,Dec,45.432,88.140,0.767,111.430,103.375,99.231,,1,0.492
Sharazur,2008,Dec,41.986,81.153,-0.093,101.820,50.368,76.412,,0,0.675
Sharazur,2009,Dec,154.636,108.108,0.383,95.581,67.860,104.816,,0,0.721
Sharazur,2010,Dec,37.906,84.134,1.964,114.867,123.745,111.994,,0,0.636
Sharazur,2011,Dec,84.488,96.858,-1.512,101.655,97.805,98.715,,0,0.646
Sharazur,2012,Dec,101.401,107.274,1.184,98.396,91.346,100.387,,0,0.682
Sharazur,2013,Dec,106.511,105.640,-1.177,99.592,87.859,105.876,,0,0.763
Sharazur,2014,Dec,164.460,110.287,-0.665,88.828,79.278,118.545,,0,0.716
Sharazur,2015,Dec,202.208,107.050,-0.772,90.632,104.356,111.218,,0,0.634
Sharazur,2016,Dec,85.200,102.403,0.061,107.639,146.250,98.419,,0,0.703
Sharazur,2017,Dec,49.195,100.255,-0.002,95.986,75.684,109.112,,0,0.689
Sharazur,2018,Dec,157.726,112.403,0.491,85.627,76.997,106.933,,0,0.641
Sharazur,2019,Dec,70.149,104.486,0.801,100.350,135.906,99.613,,0,0.753
Sharazur,2020,Dec,56.483,101.666,0.943,100.840,88.376,116.853,,0,0.711
Sharazur,2021,Dec,71.733,100.384,1.024,102.620,43.949,110.466,,0,0.625
Sharazur,2022,Dec,69.594,107.371,1.382,99.748,83.257,97.052,,0,0.739
Sharazur,2023,Dec,87.815,109.614,1.363,95.515,104.170,114.766,,0,0.706
Sharazur,2024,Dec,119.582,92.531,-0.523,98.349,123.625,109.570,,0,0.738
Sharazur,2025,Dec,122.275,103.396,1.317,100.242,74.226,114.632,,,
Sharazur,1999,Jan,84.100,103.709,0.107,105.858,49.877,,,0,0.601
Sharazur,2000,Jan,74.311,99.564,-0.231,101.383,62.794,93.344,,1,0.589
Sharazur,2001,Jan,102.422,105.061,0.356,100.360,74.239,91.483,,1,0.508
Sharazur,2002,Jan,115.746,103.739,0.213,101.403,107.022,78.951,,1,0.564
Sharazur,2003,Jan,139.244,104.070,0.425,98.866,116.570,87.559,,1,0.515
Sharazur,2004,Jan,103.933,105.541,-0.566,97.447,116.543,80.021,,1,0.489
Sharazur,2005,Jan,87.354,104.791,0.565,104.953,103.454,75.946,,1,0.552
Sharazur,2006,Jan,94.862,100.315,-1.557,97.791,118.652,85.667,,0,0.639
Sharazur,2007,Jan,51.787,89.112,-0.408,109.122,103.375,99.231,,1,0.492
Sharazur,2008,Jan,40.051,78.210,-0.089,104.431,50.368,76.412,,0,0.675
Sharazur,2009,Jan,120.974,103.259,1.285,98.237,67.860,104.816,,0,0.721
Sharazur,2010,Jan,74.568,98.033,1.371,111.553,123.745,111.994,,0,0.636
Sharazur,2011,Jan,92.300,102.928,-1.129,100.490,97.805,98.715,,0,0.646
Sharazur,2012,Jan,115.311,103.889,1.174,98.933,91.346,100.387,,0,0.682
Sharazur,2013,Jan,89.584,101.216,-0.680,101.281,87.859,105.876,,0,0.763
Sharazur,2014,Jan,135.887,101.787,-0.284,91.558,79.278,118.545,,0,0.716
Sharazur,2015,Jan,181.755,105.181,-0.354,90.439,104.356,111.218,,0,0.634
Sharazur,2016,Jan,73.081,101.216,0.151,108.498,146.250,98.419,,0,0.703
Sharazur,2017,Jan,50.660,103.139,0.427,98.755,75.684,109.112,,0,0.689
Sharazur,2018,Jan,156.182,101.607,0.564,86.811,76.997,106.933,,0,0.641
Sharazur,2019,Jan,67.572,102.538,0.900,100.336,135.906,99.613,,0,0.753
Sharazur,2020,Jan,51.992,94.729,0.972,102.656,88.376,116.853,,0,0.711
Sharazur,2021,Jan,107.803,100.586,0.656,100.822,43.949,110.466,,0,0.625
Sharazur,2022,Jan,86.611,100.105,1.310,100.455,83.257,97.052,,0,0.739
Sharazur,2023,Jan,110.340,106.352,1.728,96.909,104.170,114.766,,0,0.706
Sharazur,2024,Jan,81.922,86.710,-0.083,100.581,123.625,109.570,,0,0.738
Sharazur,2025,Jan,149.238,103.049,0.937,98.388,74.226,114.632,,,
Sharazur,1999,Feb,76.816,100.220,-0.091,106.589,49.877,,61.793,0,0.601
Sharazur,2000,Feb,74.121,102.245,-0.198,102.153,62.794,93.344,47.052,1,0.589
Sharazur,2001,Feb,91.674,98.225,0.466,102.360,74.239,91.483,58.971,1,0.508
Sharazur,2002,Feb,124.598,102.751,0.079,98.561,107.022,78.951,67.819,1,0.564
Sharazur,2003,Feb,132.151,99.059,0.299,97.572,116.570,87.559,60.438,1,0.515
Sharazur,2004,Feb,112.036,100.667,-0.768,96.754,116.543,80.021,57.784,1,0.489
Sharazur,2005,Feb,130.139,95.159,0.591,103.027,103.454,75.946,42.805,1,0.552
Sharazur,2006,Feb,99.682,101.828,-1.056,97.638,118.652,85.667,72.106,0,0.639
Sharazur,2007,Feb,57.707,100.518,-0.678,107.893,103.375,99.231,39.392,1,0.492
Sharazur,2008,Feb,55.449,97.987,0.277,104.775,50.368,76.412,62.489,0,0.675
Sharazur,2009,Feb,115.338,100.280,1.575,99.094,67.860,104.816,99.036,0,0.721
Sharazur,2010,Feb,78.277,103.615,1.178,109.270,123.745,111.994,45.246,0,0.636
Sharazur,2011,Feb,93.420,100.786,-1.221,99.869,97.805,98.715,40.364,0,0.646
Sharazur,2012,Feb,102.605,97.094,1.483,101.124,91.346,100.387,85.290,0,0.682
Sharazur,2013,Feb,73.097,96.707,-0.490,104.614,87.859,105.876,90.705,0,0.763
Sharazur,2014,Feb,117.444,101.709,0.029,94.477,79.278,118.545,99.330,0,0.716
Sharazur,2015,Feb,149.078,96.350,0.106,93.738,104.356,111.218,87.695,0,0.634
Sharazur,2016,Feb,70.933,99.595,-0.158,108.797,146.250,98.419,56.744,0,0.703
Sharazur,2017,Feb,90.194,103.704,0.759,96.915,75.684,109.112,87.920,0,0.689
Sharazur,2018,Feb,136.648,95.248,0.562,88.438,76.997,106.933,80.813,0,0.641
Sharazur,2019,Feb,79.511,103.734,0.812,97.927,135.906,99.613,85.969,0,0.753
Sharazur,2020,Feb,53.437,98.642,1.190,104.450,88.376,116.853,97.031,0,0.711
Sharazur,2021,Feb,94.198,95.099,0.922,102.297,43.949,110.466,57.165,0,0.625
Sharazur,2022,Feb,95.584,91.943,0.966,101.689,83.257,97.052,90.660,0,0.739
Sharazur,2023,Feb,110.461,98.583,1.710,97.194,104.170,114.766,105.079,0,0.706
Sharazur,2024,Feb,79.662,99.178,-0.456,99.222,123.625,109.570,89.638,0,0.738
Sharazur,2025,Feb,146.079,98.374,1.506,99.051,74.226,114.632,,,
Sharazur,1999,Mar,69.999,100.584,-0.178,108.236,49.877,,85.573,0,0.601
Sharazur,2000,Mar,78.345,103.886,0.273,104.317,62.794,93.344,77.865,1,0.589
Sharazur,2001,Mar,98.581,104.842,0.529,102.939,74.239,91.483,66.805,1,0.508
Sharazur,2002,Mar,123.664,105.768,-0.271,96.371,107.022,78.951,87.559,1,0.564
Sharazur,2003,Mar,112.671,85.157,0.759,103.263,116.570,87.559,71.557,1,0.515
Sharazur,2004,Mar,112.485,89.230,-0.556,98.102,116.543,80.021,69.370,1,0.489
Sharazur,2005,Mar,112.872,88.150,0.809,105.805,103.454,75.946,56.226,1,0.552
Sharazur,2006,Mar,92.202,101.294,-0.958,96.961,118.652,85.667,89.151,0,0.639
Sharazur,2007,Mar,57.303,97.776,0.038,112.256,103.375,99.231,57.152,1,0.492
Sharazur,2008,Mar,54.919,99.844,0.250,103.476,50.368,76.412,96.016,0,0.675
Sharazur,2009,Mar,110.209,93.457,1.794,101.205,67.860,104.816,104.227,0,0.721
Sharazur,2010,Mar,76.719,97.129,1.024,108.959,123.745,111.994,95.532,0,0.636
Sharazur,2011,Mar,102.220,103.361,-1.541,98.799,97.805,98.715,63.747,0,0.646
Sharazur,2012,Mar,93.379,95.246,1.467,103.641,91.346,100.387,97.395,0,0.682
Sharazur,2013,Mar,84.879,102.497,-0.166,103.405,87.859,105.876,118.545,0,0.763
Sharazur,2014,Mar,115.148,102.898,0.103,95.565,79.278,118.545,111.218,0,0.716
Sharazur,2015,Mar,157.123,105.459,0.268,94.338,104.356,111.218,93.645,0,0.634
Sharazur,2016,Mar,78.887,105.521,-0.146,105.053,146.250,98.419,107.545,0,0.703
Sharazur,2017,Mar,79.723,83.429,1.107,98.596,75.684,109.112,95.332,0,0.689
Sharazur,2018,Mar,140.726,108.267,0.151,85.519,76.997,106.933,98.156,0,0.641
Sharazur,2019,Mar,88.765,107.372,0.858,97.233,135.906,99.613,116.792,0,0.753
Sharazur,2020,Mar,50.676,96.974,1.048,103.466,88.376,116.853,110.466,0,0.711
Sharazur,2021,Mar,91.242,94.845,0.553,99.892,43.949,110.466,86.178,0,0.625
Sharazur,2022,Mar,103.118,100.029,1.102,100.229,83.257,97.052,114.766,0,0.739
Sharazur,2023,Mar,119.530,107.403,1.339,97.121,104.170,114.766,109.570,0,0.706
Sharazur,2024,Mar,72.833,94.907,-0.311,98.977,123.625,109.570,108.240,0,0.738
Sharazur,2025,Mar,177.452,109.439,0.944,93.281,74.226,114.632,,,
Soran,1999,Dec,49.294,75.289,0.533,107.710,47.816,,,1,0.438
Soran,2000,Dec,85.618,99.366,-0.476,98.540,67.454,86.835,,0,0.511
Soran,2001,Dec,106.827,110.576,0.032,102.368,75.343,101.170,,0,0.507
Soran,2002,Dec,101.142,96.139,-0.017,100.100,116.602,100.447,,0,0.554
Soran,2003,Dec,160.206,122.806,-0.064,95.442,113.508,109.715,,1,0.465
Soran,2004,Dec,71.150,97.922,-0.039,98.923,128.761,92.135,,1,0.437
Soran,2005,Dec,63.184,86.414,0.754,108.630,99.272,86.525,,0,0.523
Soran,2006,Dec,143.763,104.716,-1.473,94.169,112.836,103.598,,0,0.496
Soran,2007,Dec,55.830,89.642,0.599,110.300,114.955,98.304,,1,0.313
Soran,2008,Dec,80.750,85.310,-0.032,98.857,55.757,62.088,,0,0.537
Soran,2009,Dec,150.606,117.456,0.868,96.589,74.325,106.482,,0,0.546
Soran,2010,Dec,36.426,71.340,2.760,121.135,116.382,108.165,,0,0.499
Soran,2011,Dec,63.694,84.843,-1.643,101.186,100.709,98.957,,0,0.484
Soran,2012,Dec,134.231,119.409,1.005,95.970,81.711,95.990,,0,0.553
Soran,2013,Dec,94.810,101.701,-1.046,102.127,124.124,109.574,,1,0.470
Soran,2014,Dec,137.704,113.549,-0.218,87.102,81.155,93.130,,0,0.589
Soran,2015,Dec,172.223,113.379,-0.228,90.900,100.143,116.706,,0,0.540
Soran,2016,Dec,105.125,114.058,-0.458,105.316,132.590,106.951,,0,0.495
Soran,2017,Dec,74.111,98.389,0.605,102.383,83.305,97.997,,0,0.545
Soran,2018,Dec,173.551,123.655,0.267,84.245,84.690,107.915,,0,0.566
Soran,2019,Dec,48.852,72.019,0.858,104.506,132.160,112.087,,0,0.557
Soran,2020,Dec,50.213,102.975,0.816,105.094,87.166,110.293,,0,0.502
Soran,2021,Dec,65.396,100.895,0.836,107.871,53.607,99.385,,1,0.455
Soran,2022,Dec,53.107,92.444,1.415,107.076,67.958,90.154,,0,0.502
Soran,2023,Dec,139.951,114.441,1.030,94.768,70.213,99.553,,0,0.559
Soran,2024,Dec,50.281,114.058,-0.588,103.887,133.146,110.738,,1,0.471
Soran,2025,Dec,78.809,93.378,1.592,105.200,46.022,93.421,,,
Soran,1999,Jan,81.603,94.262,0.055,105.059,47.816,,,1,0.438
Soran,2000,Jan,65.916,90.659,-0.154,101.584,67.454,86.835,,0,0.511
Soran,2001,Jan,122.921,106.249,-0.453,101.157,75.343,101.170,,0,0.507
Soran,2002,Jan,93.364,107.083,0.202,101.182,116.602,100.447,,0,0.554
Soran,2003,Jan,153.354,111.294,0.080,94.118,113.508,109.715,,1,0.465
Soran,2004,Jan,89.032,103.404,0.056,99.806,128.761,92.135,,1,0.437
Soran,2005,Jan,82.322,108.183,0.520,104.915,99.272,86.525,,0,0.523
Soran,2006,Jan,116.839,105.680,-1.358,96.251,112.836,103.598,,0,0.496
Soran,2007,Jan,59.631,85.576,-0.248,109.888,114.955,98.304,,1,0.313
Soran,2008,Jan,60.709,87.245,0.022,101.601,55.757,62.088,,0,0.537
Soran,2009,Jan,132.078,110.345,1.612,97.559,74.325,106.482,,0,0.546
Soran,2010,Jan,58.891,81.858,2.209,118.298,116.382,108.165,,0,0.499
Soran,2011,Jan,72.379,94.376,-1.271,99.023,100.709,98.957,,0,0.484
Soran,2012,Jan,178.423,113.418,0.813,95.278,81.711,95.990,,0,0.553
Soran,2013,Jan,86.833,105.907,-0.388,103.307,124.124,109.574,,1,0.470
Soran,2014,Jan,119.173,108.487,0.051,91.159,81.155,93.130,,0,0.589
Soran,2015,Jan,180.667,107.538,-0.290,90.186,100.143,116.706,,0,0.540
Soran,2016,Jan,84.117,95.476,-0.544,105.529,132.590,106.951,,0,0.495
Soran,2017,Jan,74.175,100.711,0.884,103.040,83.305,97.997,,0,0.545
Soran,2018,Jan,160.087,108.714,0.221,84.629,84.690,107.915,,0,0.566
Soran,2019,Jan,54.963,77.382,0.709,102.270,132.160,112.087,,0,0.557
Soran,2020,Jan,64.659,100.711,0.831,106.490,87.166,110.293,,0,0.502
Soran,2021,Jan,76.778,102.228,0.187,104.606,53.607,99.385,,1,0.455
Soran,2022,Jan,45.358,84.855,1.353,108.381,67.958,90.154,,0,0.502
Soran,2023,Jan,145.073,108.752,1.307,94.664,70.213,99.553,,0,0.559
Soran,2024,Jan,36.111,87.662,0.001,107.730,133.146,110.738,,1,0.471
Soran,2025,Jan,87.775,100.824,0.344,101.842,46.022,93.421,,,
Soran,1999,Feb,74.948,103.827,-0.088,105.353,47.816,,46.350,1,0.438
Soran,2000,Feb,71.413,101.034,0.013,101.757,67.454,86.835,48.726,0,0.511
Soran,2001,Feb,106.331,99.207,-0.076,102.751,75.343,101.170,57.948,0,0.507
Soran,2002,Feb,112.414,106.191,-0.106,97.593,116.602,100.447,56.494,0,0.554
Soran,2003,Feb,144.434,103.863,-0.111,93.859,113.508,109.715,65.512,1,0.465
Soran,2004,Feb,101.774,105.618,-0.222,99.331,128.761,92.135,55.012,1,0.437
Soran,2005,Feb,119.635,103.004,0.537,102.850,99.272,86.525,49.743,0,0.523
Soran,2006,Feb,112.430,102.359,-1.038,96.320,112.836,103.598,59.820,0,0.496
Soran,2007,Feb,67.056,103.720,-0.508,108.861,114.955,98.304,38.857,1,0.313
Soran,2008,Feb,67.375,96.987,0.308,101.778,55.757,62.088,65.650,0,0.537
Soran,2009,Feb,120.842,101.320,1.847,97.906,74.325,106.482,65.468,0,0.546
Soran,2010,Feb,70.206,104.365,1.731,114.675,116.382,108.165,49.044,0,0.499
Soran,2011,Feb,79.271,101.714,-1.470,98.671,100.709,98.957,54.946,0,0.484
Soran,2012,Feb,151.722,94.050,1.204,97.237,81.711,95.990,79.347,0,0.553
Soran,2013,Feb,71.413,91.686,-0.008,107.098,124.124,109.574,56.144,1,0.470
Soran,2014,Feb,108.644,103.433,0.360,94.296,81.155,93.130,83.406,0,0.589
Soran,2015,Feb,154.621,95.053,0.319,93.587,100.143,116.706,72.461,0,0.540
Soran,2016,Feb,73.507,90.504,-0.738,106.650,132.590,106.951,45.719,0,0.495
Soran,2017,Feb,83.862,103.684,1.273,101.690,83.305,97.997,77.015,0,0.545
Soran,2018,Feb,139.156,94.730,0.348,86.197,84.690,107.915,79.027,0,0.566
Soran,2019,Feb,69.251,94.086,0.446,99.334,132.160,112.087,57.303,0,0.557
Soran,2020,Feb,64.509,97.309,1.099,108.230,87.166,110.293,75.160,0,0.502
Soran,2021,Feb,70.072,90.612,0.458,105.652,53.607,99.385,56.552,1,0.455
Soran,2022,Feb,48.826,85.383,0.994,108.480,67.958,90.154,55.788,0,0.502
Soran,2023,Feb,129.370,97.417,1.248,95.865,70.213,99.553,77.275,0,0.559
Soran,2024,Feb,37.968,82.553,-0.477,106.513,133.146,110.738,64.457,1,0.471
Soran,2025,Feb,122.819,93.334,0.869,100.865,46.022,93.421,,,
Soran,1999,Mar,74.353,103.345,-0.404,105.231,47.816,,65.809,1,0.438
Soran,2000,Mar,73.984,101.380,0.569,104.440,67.454,86.835,84.537,0,0.511
Soran,2001,Mar,109.638,106.257,0.206,103.975,75.343,101.170,84.538,0,0.507
Soran,2002,Mar,119.550,104.328,-0.564,94.760,116.602,100.447,73.191,0,0.554
Soran,2003,Mar,119.378,81.112,0.454,101.787,113.508,109.715,78.850,1,0.465
Soran,2004,Mar,100.134,91.119,-0.103,99.272,128.761,92.135,79.168,1,0.437
Soran,2005,Mar,104.365,93.629,0.695,105.404,99.272,86.525,69.550,0,0.523
Soran,2006,Mar,106.870,102.217,-0.988,95.622,112.836,103.598,83.459,0,0.496
Soran,2007,Mar,66.207,93.193,0.298,114.618,114.955,98.304,57.410,1,0.313
Soran,2008,Mar,77.753,102.872,0.149,100.361,55.757,62.088,85.072,0,0.537
Soran,2009,Mar,115.925,91.191,2.099,99.595,74.325,106.482,90.998,0,0.546
Soran,2010,Mar,73.404,96.286,1.459,113.504,116.382,108.165,61.330,0,0.499
Soran,2011,Mar,89.959,107.130,-1.849,96.778,100.709,98.957,69.280,0,0.484
Soran,2012,Mar,133.825,90.318,1.215,100.096,81.711,95.990,95.695,0,0.553
Soran,2013,Mar,89.708,98.870,0.329,106.211,124.124,109.574,81.174,1,0.470
Soran,2014,Mar,109.598,104.619,0.468,95.850,81.155,93.130,108.117,0,0.589
Soran,2015,Mar,149.905,106.075,0.448,94.103,100.143,116.706,88.137,0,0.540
Soran,2016,Mar,81.563,102.654,-0.635,103.203,132.590,106.951,67.951,0,0.495
Soran,2017,Mar,78.162,95.049,1.648,102.636,83.305,97.997,100.921,0,0.545
Soran,2018,Mar,136.922,108.949,0.048,82.915,84.690,107.915,92.160,0,0.566
Soran,2019,Mar,80.258,102.690,0.632,98.042,132.160,112.087,94.956,0,0.557
Soran,2020,Mar,64.968,98.433,0.998,106.077,87.166,110.293,95.036,0,0.502
Soran,2021,Mar,71.703,96.904,-0.046,100.079,53.607,99.385,77.803,1,0.455
Soran,2022,Mar,56.071,87.480,1.203,106.181,67.958,90.154,88.581,0,0.502
Soran,2023,Mar,135.762,105.274,0.926,96.050,70.213,99.553,94.104,0,0.559
Soran,2024,Mar,38.501,67.211,0.021,109.302,133.146,110.738,77.815,1,0.471
Soran,2025,Mar,135.802,108.003,0.518,95.398,46.022,93.421,,,
