governorate,season,harvest_year,crop,system,area,production,yield,units,source_url
Kurdistan_Region,1980-1981,1981,barley,all,729140,146323,200.7,area=donum(0.25ha);production=t;yield=kg/donum,https://krso.gov.krd/content/upload/1/root/پوخته‌ى-به‌روبوومه‌-كشتوكاڵيه‌كان1969-2023.pdf
Kurdistan_Region,1981-1982,1982,barley,all,708100,98406,139,area=donum(0.25ha);production=t;yield=kg/donum,https://krso.gov.krd/content/upload/1/root/پوخته‌ى-به‌روبوومه‌-كشتوكاڵيه‌كان1969-2023.pdf
Kurdistan_Region,1982-1983,1983,barley,all,757981,113878,150.2,area=donum(0.25ha);production=t;yield=kg/donum,https://krso.gov.krd/content/upload/1/root/پوخته‌ى-به‌روبوومه‌-كشتوكاڵيه‌كان1969-2023.pdf
Kurdistan_Region,1983-1984,1984,barley,all,839631,38237,45.5,area=donum(0.25ha);production=t;yield=kg/donum,https://krso.gov.krd/content/upload/1/root/پوخته‌ى-به‌روبوومه‌-كشتوكاڵيه‌كان1969-2023.pdf
Kurdistan_Region,1984-1985,1985,barley,all,950123,257220,270.7,area=donum(0.25ha);production=t;yield=kg/donum,https://krso.gov.krd/content/upload/1/root/پوخته‌ى-به‌روبوومه‌-كشتوكاڵيه‌كان1969-2023.pdf
Kurdistan_Region,1985-1986,1986,barley,all,684532,164276,240,area=donum(0.25ha);production=t;yield=kg/donum,https://krso.gov.krd/content/upload/1/root/پوخته‌ى-به‌روبوومه‌-كشتوكاڵيه‌كان1969-2023.pdf
Kurdistan_Region,1986-1987,1987,barley,all,454070,101722,224,area=donum(0.25ha);production=t;yield=kg/donum,https://krso.gov.krd/content/upload/1/root/پوخته‌ى-به‌روبوومه‌-كشتوكاڵيه‌كان1969-2023.pdf
Kurdistan_Region,1987-1988,1988,barley,all,232410,51106,219.9,area=donum(0.25ha);production=t;yield=kg/donum,https://krso.gov.krd/content/upload/1/root/پوخته‌ى-به‌روبوومه‌-كشتوكاڵيه‌كان1969-2023.pdf
Kurdistan_Region,1988-1989,1989,barley,all,537043,37933,70.6,area=donum(0.25ha);production=t;yield=kg/donum,https://krso.gov.krd/content/upload/1/root/پوخته‌ى-به‌روبوومه‌-كشتوكاڵيه‌كان1969-2023.pdf
Kurdistan_Region,1989-1990,1990,barley,all,1114444,235999,211.8,area=donum(0.25ha);production=t;yield=kg/donum,https://krso.gov.krd/content/upload/1/root/پوخته‌ى-به‌روبوومه‌-كشتوكاڵيه‌كان1969-2023.pdf
Kurdistan_Region,1990-1991,1991,barley,all,673348,79172,117.6,area=donum(0.25ha);production=t;yield=kg/donum,https://krso.gov.krd/content/upload/1/root/پوخته‌ى-به‌روبوومه‌-كشتوكاڵيه‌كان1969-2023.pdf
Kurdistan_Region,1991-1992,1992,barley,all,701447,124819,177.9,area=donum(0.25ha);production=t;yield=kg/donum,https://krso.gov.krd/content/upload/1/root/پوخته‌ى-به‌روبوومه‌-كشتوكاڵيه‌كان1969-2023.pdf
Kurdistan_Region,1992-1993,1993,barley,all,491592,107430,218.5,area=donum(0.25ha);production=t;yield=kg/donum,https://krso.gov.krd/content/upload/1/root/پوخته‌ى-به‌روبوومه‌-كشتوكاڵيه‌كان1969-2023.pdf
Kurdistan_Region,1993-1994,1994,barley,all,581461,116624,200.6,area=donum(0.25ha);production=t;yield=kg/donum,https://krso.gov.krd/content/upload/1/root/پوخته‌ى-به‌روبوومه‌-كشتوكاڵيه‌كان1969-2023.pdf
Kurdistan_Region,1994-1995,1995,barley,all,589510,118108,200.3,area=donum(0.25ha);production=t;yield=kg/donum,https://krso.gov.krd/content/upload/1/root/پوخته‌ى-به‌روبوومه‌-كشتوكاڵيه‌كان1969-2023.pdf
Kurdistan_Region,1995-1996,1996,barley,all,448937,103218,229.9,area=donum(0.25ha);production=t;yield=kg/donum,https://krso.gov.krd/content/upload/1/root/پوخته‌ى-به‌روبوومه‌-كشتوكاڵيه‌كان1969-2023.pdf
Kurdistan_Region,1996-1997,1997,barley,all,377702,71944,190.5,area=donum(0.25ha);production=t;yield=kg/donum,https://krso.gov.krd/content/upload/1/root/پوخته‌ى-به‌روبوومه‌-كشتوكاڵيه‌كان1969-2023.pdf
Kurdistan_Region,1997-1998,1998,barley,all,552708,104108,188.4,area=donum(0.25ha);production=t;yield=kg/donum,https://krso.gov.krd/content/upload/1/root/پوخته‌ى-به‌روبوومه‌-كشتوكاڵيه‌كان1969-2023.pdf
Kurdistan_Region,1998-1999,1999,barley,all,468975,47050,100.3,area=donum(0.25ha);production=t;yield=kg/donum,https://krso.gov.krd/content/upload/1/root/پوخته‌ى-به‌روبوومه‌-كشتوكاڵيه‌كان1969-2023.pdf
Kurdistan_Region,1999-2000,2000,barley,all,678405,87039,128.3,area=donum(0.25ha);production=t;yield=kg/donum,https://krso.gov.krd/content/upload/1/root/پوخته‌ى-به‌روبوومه‌-كشتوكاڵيه‌كان1969-2023.pdf
Kurdistan_Region,2000-2001,2001,barley,all,909076,226546,249.2,area=donum(0.25ha);production=t;yield=kg/donum,https://krso.gov.krd/content/upload/1/root/پوخته‌ى-به‌روبوومه‌-كشتوكاڵيه‌كان1969-2023.pdf
Kurdistan_Region,2001-2002,2002,barley,all,1056275,340892,322.7,area=donum(0.25ha);production=t;yield=kg/donum,https://krso.gov.krd/content/upload/1/root/پوخته‌ى-به‌روبوومه‌-كشتوكاڵيه‌كان1969-2023.pdf
Kurdistan_Region,2002-2003,2003,barley,all,731759,191979,262.4,area=donum(0.25ha);production=t;yield=kg/donum,https://krso.gov.krd/content/upload/1/root/پوخته‌ى-به‌روبوومه‌-كشتوكاڵيه‌كان1969-2023.pdf
Kurdistan_Region,2003-2004,2004,barley,all,1065014,278569,261.6,area=donum(0.25ha);production=t;yield=kg/donum,https://krso.gov.krd/content/upload/1/root/پوخته‌ى-به‌روبوومه‌-كشتوكاڵيه‌كان1969-2023.pdf
Kurdistan_Region,2004-2005,2005,barley,all,1412175,437249,309.6,area=donum(0.25ha);production=t;yield=kg/donum,https://krso.gov.krd/content/upload/1/root/پوخته‌ى-به‌روبوومه‌-كشتوكاڵيه‌كان1969-2023.pdf
Kurdistan_Region,2005-2006,2006,barley,all,1565973,325754,208,area=donum(0.25ha);production=t;yield=kg/donum,https://krso.gov.krd/content/upload/1/root/پوخته‌ى-به‌روبوومه‌-كشتوكاڵيه‌كان1969-2023.pdf
Kurdistan_Region,2006-2007,2007,barley,all,1736920,610118,351.3,area=donum(0.25ha);production=t;yield=kg/donum,https://krso.gov.krd/content/upload/1/root/پوخته‌ى-به‌روبوومه‌-كشتوكاڵيه‌كان1969-2023.pdf
Kurdistan_Region,2007-2008,2008,barley,all,992855,69733,70.2,area=donum(0.25ha);production=t;yield=kg/donum,https://krso.gov.krd/content/upload/1/root/پوخته‌ى-به‌روبوومه‌-كشتوكاڵيه‌كان1969-2023.pdf
Kurdistan_Region,2008-2009,2009,barley,all,1357670,370952,273.2,area=donum(0.25ha);production=t;yield=kg/donum,https://krso.gov.krd/content/upload/1/root/پوخته‌ى-به‌روبوومه‌-كشتوكاڵيه‌كان1969-2023.pdf
Kurdistan_Region,2009-2010,2010,barley,all,1091295,213955,196.1,area=donum(0.25ha);production=t;yield=kg/donum,https://krso.gov.krd/content/upload/1/root/پوخته‌ى-به‌روبوومه‌-كشتوكاڵيه‌كان1969-2023.pdf
Kurdistan_Region,2010-2011,2011,barley,all,460942,56549,122.7,area=donum(0.25ha);production=t;yield=kg/donum,https://krso.gov.krd/content/upload/1/root/پوخته‌ى-به‌روبوومه‌-كشتوكاڵيه‌كان1969-2023.pdf
Kurdistan_Region,2011-2012,2012,barley,all,339407,41740,123,area=donum(0.25ha);production=t;yield=kg/donum,https://krso.gov.krd/content/upload/1/root/پوخته‌ى-به‌روبوومه‌-كشتوكاڵيه‌كان1969-2023.pdf
Kurdistan_Region,2012-2013,2013,barley,all,409349,140020,342.1,area=donum(0.25ha);production=t;yield=kg/donum,https://krso.gov.krd/content/upload/1/root/پوخته‌ى-به‌روبوومه‌-كشتوكاڵيه‌كان1969-2023.pdf
Kurdistan_Region,2013-2014,2014,barley,all,663074,194637,293.5,area=donum(0.25ha);production=t;yield=kg/donum,https://krso.gov.krd/content/upload/1/root/پوخته‌ى-به‌روبوومه‌-كشتوكاڵيه‌كان1969-2023.pdf
Kurdistan_Region,2014-2015,2015,barley,all,939820,204758,217.9,area=donum(0.25ha);production=t;yield=kg/donum,https://krso.gov.krd/content/upload/1/root/پوخته‌ى-به‌روبوومه‌-كشتوكاڵيه‌كان1969-2023.pdf
Kurdistan_Region,2015-2016,2016,barley,all,752280,183655,244.1,area=donum(0.25ha);production=t;yield=kg/donum,https://krso.gov.krd/content/upload/1/root/پوخته‌ى-به‌روبوومه‌-كشتوكاڵيه‌كان1969-2023.pdf
Kurdistan_Region,2016-2017,2017,barley,all_derived,347088,90941,262,area=donum(0.25ha);production=t;yield=kg/donum,https://krso.gov.krd/content/upload/1/root/پوخته‌ى-به‌روبوومه‌-كشتوكاڵيه‌كان1969-2023.pdf
Kurdistan_Region,2016-2017,2017,barley,irrigated,5637,2203,390.8,area=donum(0.25ha);production=t;yield=kg/donum,https://krso.gov.krd/content/upload/1/root/پوخته‌ى-به‌روبوومه‌-كشتوكاڵيه‌كان1969-2023.pdf
Kurdistan_Region,2016-2017,2017,barley,rainfed,341451,88738,259.9,area=donum(0.25ha);production=t;yield=kg/donum,https://krso.gov.krd/content/upload/1/root/پوخته‌ى-به‌روبوومه‌-كشتوكاڵيه‌كان1969-2023.pdf
Kurdistan_Region,2017-2018,2018,barley,all,575256,128676,223.7,area=donum(0.25ha);production=t;yield=kg/donum,https://krso.gov.krd/content/upload/1/root/پوخته‌ى-به‌روبوومه‌-كشتوكاڵيه‌كان1969-2023.pdf
Kurdistan_Region,2018-2019,2019,barley,all,658810,281323,427,area=donum(0.25ha);production=t;yield=kg/donum,https://krso.gov.krd/content/upload/1/root/پوخته‌ى-به‌روبوومه‌-كشتوكاڵيه‌كان1969-2023.pdf
Kurdistan_Region,2019-2020,2020,barley,all,525472,271153,516,area=donum(0.25ha);production=t;yield=kg/donum,https://krso.gov.krd/content/upload/1/root/پوخته‌ى-به‌روبوومه‌-كشتوكاڵيه‌كان1969-2023.pdf
Kurdistan_Region,2020-2021,2021,barley,all,510836,158875,311,area=donum(0.25ha);production=t;yield=kg/donum,https://krso.gov.krd/content/upload/1/root/پوخته‌ى-به‌روبوومه‌-كشتوكاڵيه‌كان1969-2023.pdf
Kurdistan_Region,2021-2022,2022,barley,all,511230,175142,342.6,area=donum(0.25ha);production=t;yield=kg/donum,https://krso.gov.krd/content/upload/1/root/پوخته‌ى-به‌روبوومه‌-كشتوكاڵيه‌كان1969-2023.pdf
Kurdistan_Region,2022-2023,2023,barley,all,509405,185698,365,area=donum(0.25ha);production=t;yield=kg/donum,https://krso.gov.krd/content/upload/1/root/پوخته‌ى-به‌روبوومه‌-كشتوكاڵيه‌كان1969-2023.pdf
Erbil,1980-1981,1981,barley,all,496038,96727,195,area=donum(0.25ha);production=t;yield=kg/donum,https://krso.gov.krd/content/upload/1/root/پوخته‌ى-به‌روبوومه‌-كشتوكاڵيه‌كان1969-2023.pdf
Erbil,1981-1982,1982,barley,all,495924,54552,110,area=donum(0.25ha);production=t;yield=kg/donum,https://krso.gov.krd/content/upload/1/root/پوخته‌ى-به‌روبوومه‌-كشتوكاڵيه‌كان1969-2023.pdf
Erbil,1982-1983,1983,barley,all,495764,64945,131,area=donum(0.25ha);production=t;yield=kg/donum,https://krso.gov.krd/content/upload/1/root/پوخته‌ى-به‌روبوومه‌-كشتوكاڵيه‌كان1969-2023.pdf
Erbil,1983-1984,1984,barley,all,516731,13435,26,area=donum(0.25ha);production=t;yield=kg/donum,https://krso.gov.krd/content/upload/1/root/پوخته‌ى-به‌روبوومه‌-كشتوكاڵيه‌كان1969-2023.pdf
Erbil,1984-1985,1985,barley,all,612389,176368,288,area=donum(0.25ha);production=t;yield=kg/donum,https://krso.gov.krd/content/upload/1/root/پوخته‌ى-به‌روبوومه‌-كشتوكاڵيه‌كان1969-2023.pdf
Erbil,1985-1986,1986,barley,all,478090,124303,260,area=donum(0.25ha);production=t;yield=kg/donum,https://krso.gov.krd/content/upload/1/root/پوخته‌ى-به‌روبوومه‌-كشتوكاڵيه‌كان1969-2023.pdf
Erbil,1986-1987,1987,barley,all,395613,87035,220,area=donum(0.25ha);production=t;yield=kg/donum,https://krso.gov.krd/content/upload/1/root/پوخته‌ى-به‌روبوومه‌-كشتوكاڵيه‌كان1969-2023.pdf
Erbil,1987-1988,1988,barley,all,197227,41812,212,area=donum(0.25ha);production=t;yield=kg/donum,https://krso.gov.krd/content/upload/1/root/پوخته‌ى-به‌روبوومه‌-كشتوكاڵيه‌كان1969-2023.pdf
Erbil,1988-1989,1989,barley,all,481640,25045,52,area=donum(0.25ha);production=t;yield=kg/donum,https://krso.gov.krd/content/upload/1/root/پوخته‌ى-به‌روبوومه‌-كشتوكاڵيه‌كان1969-2023.pdf
Erbil,1989-1990,1990,barley,all,1030435,210209,204,area=donum(0.25ha);production=t;yield=kg/donum,https://krso.gov.krd/content/upload/1/root/پوخته‌ى-به‌روبوومه‌-كشتوكاڵيه‌كان1969-2023.pdf
Erbil,1990-1991,1991,barley,all,642550,75821,118,area=donum(0.25ha);production=t;yield=kg/donum,https://krso.gov.krd/content/upload/1/root/پوخته‌ى-به‌روبوومه‌-كشتوكاڵيه‌كان1969-2023.pdf
Erbil,1991-1992,1992,barley,all,593216,112711,190,area=donum(0.25ha);production=t;yield=kg/donum,https://krso.gov.krd/content/upload/1/root/پوخته‌ى-به‌روبوومه‌-كشتوكاڵيه‌كان1969-2023.pdf
Erbil,1992-1993,1993,barley,all,267000,50997,191,area=donum(0.25ha);production=t;yield=kg/donum,https://krso.gov.krd/content/upload/1/root/پوخته‌ى-به‌روبوومه‌-كشتوكاڵيه‌كان1969-2023.pdf
Erbil,1993-1994,1994,barley,all,325705,73935,227,area=donum(0.25ha);production=t;yield=kg/donum,https://krso.gov.krd/content/upload/1/root/پوخته‌ى-به‌روبوومه‌-كشتوكاڵيه‌كان1969-2023.pdf
Erbil,1994-1995,1995,barley,all,305760,62834,205.5,area=donum(0.25ha);production=t;yield=kg/donum,https://krso.gov.krd/content/upload/1/root/پوخته‌ى-به‌روبوومه‌-كشتوكاڵيه‌كان1969-2023.pdf
Erbil,1995-1996,1996,barley,all,310412,71395,230,area=donum(0.25ha);production=t;yield=kg/donum,https://krso.gov.krd/content/upload/1/root/پوخته‌ى-به‌روبوومه‌-كشتوكاڵيه‌كان1969-2023.pdf
Erbil,1996-1997,1997,barley,all,159628,34320,215,area=donum(0.25ha);production=t;yield=kg/donum,https://krso.gov.krd/content/upload/1/root/پوخته‌ى-به‌روبوومه‌-كشتوكاڵيه‌كان1969-2023.pdf
Erbil,1997-1998,1998,barley,all,222234,33988,152.94,area=donum(0.25ha);production=t;yield=kg/donum,https://krso.gov.krd/content/upload/1/root/پوخته‌ى-به‌روبوومه‌-كشتوكاڵيه‌كان1969-2023.pdf
Erbil,1998-1999,1999,barley,all,158780,16434,103.5,area=donum(0.25ha);production=t;yield=kg/donum,https://krso.gov.krd/content/upload/1/root/پوخته‌ى-به‌روبوومه‌-كشتوكاڵيه‌كان1969-2023.pdf
Erbil,1999-2000,2000,barley,all,274948,23316,84.8,area=donum(0.25ha);production=t;yield=kg/donum,https://krso.gov.krd/content/upload/1/root/پوخته‌ى-به‌روبوومه‌-كشتوكاڵيه‌كان1969-2023.pdf
Erbil,2000-2001,2001,barley,all,325153,72119,221.8,area=donum(0.25ha);production=t;yield=kg/donum,https://krso.gov.krd/content/upload/1/root/پوخته‌ى-به‌روبوومه‌-كشتوكاڵيه‌كان1969-2023.pdf
Erbil,2001-2002,2002,barley,all,438989,150793,343.5,area=donum(0.25ha);production=t;yield=kg/donum,https://krso.gov.krd/content/upload/1/root/پوخته‌ى-به‌روبوومه‌-كشتوكاڵيه‌كان1969-2023.pdf
Erbil,2002-2003,2003,barley,all,416124,94876,228,area=donum(0.25ha);production=t;yield=kg/donum,https://krso.gov.krd/content/upload/1/root/پوخته‌ى-به‌روبوومه‌-كشتوكاڵيه‌كان1969-2023.pdf
Erbil,2003-2004,2004,barley,all,746760,175085,234.46,area=donum(0.25ha);production=t;yield=kg/donum,https://krso.gov.krd/content/upload/1/root/پوخته‌ى-به‌روبوومه‌-كشتوكاڵيه‌كان1969-2023.pdf
Erbil,2004-2005,2005,barley,all,742643,267351,360,area=donum(0.25ha);production=t;yield=kg/donum,https://krso.gov.krd/content/upload/1/root/پوخته‌ى-به‌روبوومه‌-كشتوكاڵيه‌كان1969-2023.pdf
Erbil,2005-2006,2006,barley,all,970175,169781,175,area=donum(0.25ha);production=t;yield=kg/donum,https://krso.gov.krd/content/upload/1/root/پوخته‌ى-به‌روبوومه‌-كشتوكاڵيه‌كان1969-2023.pdf
Erbil,2006-2007,2007,barley,all,966270,347857,360,area=donum(0.25ha);production=t;yield=kg/donum,https://krso.gov.krd/content/upload/1/root/پوخته‌ى-به‌روبوومه‌-كشتوكاڵيه‌كان1969-2023.pdf
Erbil,2007-2008,2008,barley,all,640505,2562,4,area=donum(0.25ha);production=t;yield=kg/donum,https://krso.gov.krd/content/upload/1/root/پوخته‌ى-به‌روبوومه‌-كشتوكاڵيه‌كان1969-2023.pdf
Erbil,2008-2009,2009,barley,all,806420,217733,270,area=donum(0.25ha);production=t;yield=kg/donum,https://krso.gov.krd/content/upload/1/root/پوخته‌ى-به‌روبوومه‌-كشتوكاڵيه‌كان1969-2023.pdf
Erbil,2009-2010,2010,barley,all,432020,60084,139.08,area=donum(0.25ha);production=t;yield=kg/donum,https://krso.gov.krd/content/upload/1/root/پوخته‌ى-به‌روبوومه‌-كشتوكاڵيه‌كان1969-2023.pdf
Erbil,2010-2011,2011,barley,all,390558,37212,95.28,area=donum(0.25ha);production=t;yield=kg/donum,https://krso.gov.krd/content/upload/1/root/پوخته‌ى-به‌روبوومه‌-كشتوكاڵيه‌كان1969-2023.pdf
Erbil,2011-2012,2012,barley,all,110176,11633,105.59,area=donum(0.25ha);production=t;yield=kg/donum,https://krso.gov.krd/content/upload/1/root/پوخته‌ى-به‌روبوومه‌-كشتوكاڵيه‌كان1969-2023.pdf
Erbil,2012-2013,2013,barley,all,137140,57088,432.3,area=donum(0.25ha);production=t;yield=kg/donum,https://krso.gov.krd/content/upload/1/root/پوخته‌ى-به‌روبوومه‌-كشتوكاڵيه‌كان1969-2023.pdf
Erbil,2013-2014,2014,barley,all,326043,105000,322,area=donum(0.25ha);production=t;yield=kg/donum,https://krso.gov.krd/content/upload/1/root/پوخته‌ى-به‌روبوومه‌-كشتوكاڵيه‌كان1969-2023.pdf
Erbil,2014-2015,2015,barley,all,416959,84643,203,area=donum(0.25ha);production=t;yield=kg/donum,https://krso.gov.krd/content/upload/1/root/پوخته‌ى-به‌روبوومه‌-كشتوكاڵيه‌كان1969-2023.pdf
Erbil,2015-2016,2016,barley,all,328000,82000,250,area=donum(0.25ha);production=t;yield=kg/donum,https://krso.gov.krd/content/upload/1/root/پوخته‌ى-به‌روبوومه‌-كشتوكاڵيه‌كان1969-2023.pdf
Erbil,2016-2017,2017,barley,all_derived,81111,25654,316.3,area=donum(0.25ha);production=t;yield=kg/donum,https://krso.gov.krd/content/upload/1/root/پوخته‌ى-به‌روبوومه‌-كشتوكاڵيه‌كان1969-2023.pdf
Erbil,2016-2017,2017,barley,irrigated,1506,1448,577.9,area=donum(0.25ha);production=t;yield=kg/donum,https://krso.gov.krd/content/upload/1/root/پوخته‌ى-به‌روبوومه‌-كشتوكاڵيه‌كان1969-2023.pdf
Erbil,2016-2017,2017,barley,rainfed,79605,24206,304.1,area=donum(0.25ha);production=t;yield=kg/donum,https://krso.gov.krd/content/upload/1/root/پوخته‌ى-به‌روبوومه‌-كشتوكاڵيه‌كان1969-2023.pdf
Erbil,2017-2018,2018,barley,all,169713,19178,113,area=donum(0.25ha);production=t;yield=kg/donum,https://krso.gov.krd/content/upload/1/root/پوخته‌ى-به‌روبوومه‌-كشتوكاڵيه‌كان1969-2023.pdf
Erbil,2018-2019,2019,barley,all,248122,161254,650,area=donum(0.25ha);production=t;yield=kg/donum,https://krso.gov.krd/content/upload/1/root/پوخته‌ى-به‌روبوومه‌-كشتوكاڵيه‌كان1969-2023.pdf
Erbil,2019-2020,2020,barley,all_derived,182898,109739,600,area=donum(0.25ha);production=t;yield=kg/donum,https://krso.gov.krd/content/upload/1/root/پوخته‌ى-به‌روبوومه‌-كشتوكاڵيه‌كان1969-2023.pdf
Erbil,2019-2020,2020,barley,irrigated,6437,3862,600,area=donum(0.25ha);production=t;yield=kg/donum,https://krso.gov.krd/content/upload/1/root/پوخته‌ى-به‌روبوومه‌-كشتوكاڵيه‌كان1969-2023.pdf
Erbil,2019-2020,2020,barley,rainfed,176461,105877,600,area=donum(0.25ha);production=t;yield=kg/donum,https://krso.gov.krd/content/upload/1/root/پوخته‌ى-به‌روبوومه‌-كشتوكاڵيه‌كان1969-2023.pdf
Erbil,2020-2021,2021,barley,all,148466,18490,420,area=donum(0.25ha);production=t;yield=kg/donum,https://krso.gov.krd/content/upload/1/root/پوخته‌ى-به‌روبوومه‌-كشتوكاڵيه‌كان1969-2023.pdf
Erbil,2021-2022,2022,barley,all,84365,11119,300,area=donum(0.25ha);production=t;yield=kg/donum,https://krso.gov.krd/content/upload/1/root/پوخته‌ى-به‌روبوومه‌-كشتوكاڵيه‌كان1969-2023.pdf
Erbil,2022-2023,2023,barley,all,100086,30862,308,area=donum(0.25ha);production=t;yield=kg/donum,https://krso.gov.krd/content/upload/1/root/پوخته‌ى-به‌روبوومه‌-كشتوكاڵيه‌كان1969-2023.pdf
Sulaymaniyah,1980-1981,1981,barley,all,188696,37739,200,area=donum(0.25ha);production=t;yield=kg/donum,https://krso.gov.krd/content/upload/1/root/پوخته‌ى-به‌روبوومه‌-كشتوكاڵيه‌كان1969-2023.pdf
Sulaymaniyah,1981-1982,1982,barley,all,192218,36521,190,area=donum(0.25ha);production=t;yield=kg/donum,https://krso.gov.krd/content/upload/1/root/پوخته‌ى-به‌روبوومه‌-كشتوكاڵيه‌كان1969-2023.pdf
Sulaymaniyah,1982-1983,1983,barley,all,222027,41297,186,area=donum(0.25ha);production=t;yield=kg/donum,https://krso.gov.krd/content/upload/1/root/پوخته‌ى-به‌روبوومه‌-كشتوكاڵيه‌كان1969-2023.pdf
Sulaymaniyah,1983-1984,1984,barley,all,275702,16542,60,area=donum(0.25ha);production=t;yield=kg/donum,https://krso.gov.krd/content/upload/1/root/پوخته‌ى-به‌روبوومه‌-كشتوكاڵيه‌كان1969-2023.pdf
Sulaymaniyah,1984-1985,1985,barley,all,284996,63554,223,area=donum(0.25ha);production=t;yield=kg/donum,https://krso.gov.krd/content/upload/1/root/پوخته‌ى-به‌روبوومه‌-كشتوكاڵيه‌كان1969-2023.pdf
Sulaymaniyah,1985-1986,1986,barley,all,144476,21382,148,area=donum(0.25ha);production=t;yield=kg/donum,https://krso.gov.krd/content/upload/1/root/پوخته‌ى-به‌روبوومه‌-كشتوكاڵيه‌كان1969-2023.pdf
Sulaymaniyah,1986-1987,1987,barley,all,43050,8524,198,area=donum(0.25ha);production=t;yield=kg/donum,https://krso.gov.krd/content/upload/1/root/پوخته‌ى-به‌روبوومه‌-كشتوكاڵيه‌كان1969-2023.pdf
Sulaymaniyah,1987-1988,1988,barley,all,17572,3479,198,area=donum(0.25ha);production=t;yield=kg/donum,https://krso.gov.krd/content/upload/1/root/پوخته‌ى-به‌روبوومه‌-كشتوكاڵيه‌كان1969-2023.pdf
Sulaymaniyah,1988-1989,1989,barley,all,34536,7045,204,area=donum(0.25ha);production=t;yield=kg/donum,https://krso.gov.krd/content/upload/1/root/پوخته‌ى-به‌روبوومه‌-كشتوكاڵيه‌كان1969-2023.pdf
Sulaymaniyah,1989-1990,1990,barley,all,55760,15055,270,area=donum(0.25ha);production=t;yield=kg/donum,https://krso.gov.krd/content/upload/1/root/پوخته‌ى-به‌روبوومه‌-كشتوكاڵيه‌كان1969-2023.pdf
Sulaymaniyah,1990-1991,1991,barley,all,23908,2056,86,area=donum(0.25ha);production=t;yield=kg/donum,https://krso.gov.krd/content/upload/1/root/پوخته‌ى-به‌روبوومه‌-كشتوكاڵيه‌كان1969-2023.pdf
Sulaymaniyah,1991-1992,1992,barley,all,82530,8253,100,area=donum(0.25ha);production=t;yield=kg/donum,https://krso.gov.krd/content/upload/1/root/پوخته‌ى-به‌روبوومه‌-كشتوكاڵيه‌كان1969-2023.pdf
Sulaymaniyah,1992-1993,1993,barley,all,166485,30633,184,area=donum(0.25ha);production=t;yield=kg/donum,https://krso.gov.krd/content/upload/1/root/پوخته‌ى-به‌روبوومه‌-كشتوكاڵيه‌كان1969-2023.pdf
Sulaymaniyah,1993-1994,1994,barley,all,184306,22683,123,area=donum(0.25ha);production=t;yield=kg/donum,https://krso.gov.krd/content/upload/1/root/پوخته‌ى-به‌روبوومه‌-كشتوكاڵيه‌كان1969-2023.pdf
Sulaymaniyah,1994-1995,1995,barley,all,212300,35197,166,area=donum(0.25ha);production=t;yield=kg/donum,https://krso.gov.krd/content/upload/1/root/پوخته‌ى-به‌روبوومه‌-كشتوكاڵيه‌كان1969-2023.pdf
Sulaymaniyah,1995-1996,1996,barley,all,69550,11823,170,area=donum(0.25ha);production=t;yield=kg/donum,https://krso.gov.krd/content/upload/1/root/پوخته‌ى-به‌روبوومه‌-كشتوكاڵيه‌كان1969-2023.pdf
Sulaymaniyah,1996-1997,1997,barley,all,146056,22493,154,area=donum(0.25ha);production=t;yield=kg/donum,https://krso.gov.krd/content/upload/1/root/پوخته‌ى-به‌روبوومه‌-كشتوكاڵيه‌كان1969-2023.pdf
Sulaymaniyah,1997-1998,1998,barley,all,247545,49583,200,area=donum(0.25ha);production=t;yield=kg/donum,https://krso.gov.krd/content/upload/1/root/پوخته‌ى-به‌روبوومه‌-كشتوكاڵيه‌كان1969-2023.pdf
Sulaymaniyah,1998-1999,1999,barley,all,231191,23119,100,area=donum(0.25ha);production=t;yield=kg/donum,https://krso.gov.krd/content/upload/1/root/پوخته‌ى-به‌روبوومه‌-كشتوكاڵيه‌كان1969-2023.pdf
Sulaymaniyah,1999-2000,2000,barley,all,330197,46515,141,area=donum(0.25ha);production=t;yield=kg/donum,https://krso.gov.krd/content/upload/1/root/پوخته‌ى-به‌روبوومه‌-كشتوكاڵيه‌كان1969-2023.pdf
Sulaymaniyah,2000-2001,2001,barley,all,430220,103210,240,area=donum(0.25ha);production=t;yield=kg/donum,https://krso.gov.krd/content/upload/1/root/پوخته‌ى-به‌روبوومه‌-كشتوكاڵيه‌كان1969-2023.pdf
Sulaymaniyah,2001-2002,2002,barley,all,489109,143162,293,area=donum(0.25ha);production=t;yield=kg/donum,https://krso.gov.krd/content/upload/1/root/پوخته‌ى-به‌روبوومه‌-كشتوكاڵيه‌كان1969-2023.pdf
Sulaymaniyah,2002-2003,2003,barley,all,173780,59085,340,area=donum(0.25ha);production=t;yield=kg/donum,https://krso.gov.krd/content/upload/1/root/پوخته‌ى-به‌روبوومه‌-كشتوكاڵيه‌كان1969-2023.pdf
Sulaymaniyah,2003-2004,2004,barley,all,208636,71771,344,area=donum(0.25ha);production=t;yield=kg/donum,https://krso.gov.krd/content/upload/1/root/پوخته‌ى-به‌روبوومه‌-كشتوكاڵيه‌كان1969-2023.pdf
Sulaymaniyah,2004-2005,2005,barley,all,498732,120194,241,area=donum(0.25ha);production=t;yield=kg/donum,https://krso.gov.krd/content/upload/1/root/پوخته‌ى-به‌روبوومه‌-كشتوكاڵيه‌كان1969-2023.pdf
Sulaymaniyah,2005-2006,2006,barley,all,432822,104310,241,area=donum(0.25ha);production=t;yield=kg/donum,https://krso.gov.krd/content/upload/1/root/پوخته‌ى-به‌روبوومه‌-كشتوكاڵيه‌كان1969-2023.pdf
Sulaymaniyah,2006-2007,2007,barley,all,569750,199982,351,area=donum(0.25ha);production=t;yield=kg/donum,https://krso.gov.krd/content/upload/1/root/پوخته‌ى-به‌روبوومه‌-كشتوكاڵيه‌كان1969-2023.pdf
Sulaymaniyah,2007-2008,2008,barley,all,206260,55484,269,area=donum(0.25ha);production=t;yield=kg/donum,https://krso.gov.krd/content/upload/1/root/پوخته‌ى-به‌روبوومه‌-كشتوكاڵيه‌كان1969-2023.pdf
Sulaymaniyah,2008-2009,2009,barley,all,362100,81342,225,area=donum(0.25ha);production=t;yield=kg/donum,https://krso.gov.krd/content/upload/1/root/پوخته‌ى-به‌روبوومه‌-كشتوكاڵيه‌كان1969-2023.pdf
Sulaymaniyah,2009-2010,2010,barley,all,459550,94315,205,area=donum(0.25ha);production=t;yield=kg/donum,https://krso.gov.krd/content/upload/1/root/پوخته‌ى-به‌روبوومه‌-كشتوكاڵيه‌كان1969-2023.pdf
Sulaymaniyah,2010-2011,2011,barley,all,,,,area=donum(0.25ha);production=t;yield=kg/donum,https://krso.gov.krd/content/upload/1/root/پوخته‌ى-به‌روبوومه‌-كشتوكاڵيه‌كان1969-2023.pdf
Sulaymaniyah,2011-2012,2012,barley,all,179140,22406,125,area=donum(0.25ha);production=t;yield=kg/donum,https://krso.gov.krd/content/upload/1/root/پوخته‌ى-به‌روبوومه‌-كشتوكاڵيه‌كان1969-2023.pdf
Sulaymaniyah,2012-2013,2013,barley,all,146413,46199,375,area=donum(0.25ha);production=t;yield=kg/donum,https://krso.gov.krd/content/upload/1/root/پوخته‌ى-به‌روبوومه‌-كشتوكاڵيه‌كان1969-2023.pdf
Sulaymaniyah,2013-2014,2014,barley,all,189014,51708,274,area=donum(0.25ha);production=t;yield=kg/donum,https://krso.gov.krd/content/upload/1/root/پوخته‌ى-به‌روبوومه‌-كشتوكاڵيه‌كان1969-2023.pdf
Sulaymaniyah,2014-2015,2015,barley,all,379970,96890,255,area=donum(0.25ha);production=t;yield=kg/donum,https://krso.gov.krd/content/upload/1/root/پوخته‌ى-به‌روبوومه‌-كشتوكاڵيه‌كان1969-2023.pdf
Sulaymaniyah,2015-2016,2016,barley,all,236690,66275,280,area=donum(0.25ha);production=t;yield=kg/donum,https://krso.gov.krd/content/upload/1/root/پوخته‌ى-به‌روبوومه‌-كشتوكاڵيه‌كان1969-2023.pdf
Sulaymaniyah,2016-2017,2017,barley,all_derived,152753,44901,293.9,area=donum(0.25ha);production=t;yield=kg/donum,https://krso.gov.krd/content/upload/1/root/پوخته‌ى-به‌روبوومه‌-كشتوكاڵيه‌كان1969-2023.pdf
Sulaymaniyah,2016-2017,2017,barley,irrigated,599,244,408,area=donum(0.25ha);production=t;yield=kg/donum,https://krso.gov.krd/content/upload/1/root/پوخته‌ى-به‌روبوومه‌-كشتوكاڵيه‌كان1969-2023.pdf
Sulaymaniyah,2016-2017,2017,barley,rainfed,152154,44657,294,area=donum(0.25ha);production=t;yield=kg/donum,https://krso.gov.krd/content/upload/1/root/پوخته‌ى-به‌روبوومه‌-كشتوكاڵيه‌كان1969-2023.pdf
Sulaymaniyah,2017-2018,2018,barley,all,299950,74988,250,area=donum(0.25ha);production=t;yield=kg/donum,https://krso.gov.krd/content/upload/1/root/پوخته‌ى-به‌روبوومه‌-كشتوكاڵيه‌كان1969-2023.pdf
Sulaymaniyah,2018-2019,2019,barley,all,299950,74988,250,area=donum(0.25ha);production=t;yield=kg/donum,https://krso.gov.krd/content/upload/1/root/پوخته‌ى-به‌روبوومه‌-كشتوكاڵيه‌كان1969-2023.pdf
Sulaymaniyah,2019-2020,2020,barley,all,248080,99232,400,area=donum(0.25ha);production=t;yield=kg/donum,https://krso.gov.krd/content/upload/1/root/پوخته‌ى-به‌روبوومه‌-كشتوكاڵيه‌كان1969-2023.pdf
Sulaymaniyah,2020-2021,2021,barley,all,266270,106508,400,area=donum(0.25ha);production=t;yield=kg/donum,https://krso.gov.krd/content/upload/1/root/پوخته‌ى-به‌روبوومه‌-كشتوكاڵيه‌كان1969-2023.pdf
Sulaymaniyah,2021-2022,2022,barley,all,277290,111651,402.7,area=donum(0.25ha);production=t;yield=kg/donum,https://krso.gov.krd/content/upload/1/root/پوخته‌ى-به‌روبوومه‌-كشتوكاڵيه‌كان1969-2023.pdf
Sulaymaniyah,2022-2023,2023,barley,all,258194,104288,404,area=donum(0.25ha);production=t;yield=kg/donum,https://krso.gov.krd/content/upload/1/root/پوخته‌ى-به‌روبوومه‌-كشتوكاڵيه‌كان1969-2023.pdf
Duhok,1980-1981,1981,barley,all,44406,11856,266.99,area=donum(0.25ha);production=t;yield=kg/donum,https://krso.gov.krd/content/upload/1/root/پوخته‌ى-به‌روبوومه‌-كشتوكاڵيه‌كان1969-2023.pdf
Duhok,1981-1982,1982,barley,all,19958,7333,374.5,area=donum(0.25ha);production=t;yield=kg/donum,https://krso.gov.krd/content/upload/1/root/پوخته‌ى-به‌روبوومه‌-كشتوكاڵيه‌كان1969-2023.pdf
Duhok,1982-1983,1983,barley,all,40190,7636,190,area=donum(0.25ha);production=t;yield=kg/donum,https://krso.gov.krd/content/upload/1/root/پوخته‌ى-به‌روبوومه‌-كشتوكاڵيه‌كان1969-2023.pdf
Duhok,1983-1984,1984,barley,all,47198,8260,175.01,area=donum(0.25ha);production=t;yield=kg/donum,https://krso.gov.krd/content/upload/1/root/پوخته‌ى-به‌روبوومه‌-كشتوكاڵيه‌كان1969-2023.pdf
Duhok,1984-1985,1985,barley,all,52738,17298,328,area=donum(0.25ha);production=t;yield=kg/donum,https://krso.gov.krd/content/upload/1/root/پوخته‌ى-به‌روبوومه‌-كشتوكاڵيه‌كان1969-2023.pdf
Duhok,1985-1986,1986,barley,all,61966,18590,300,area=donum(0.25ha);production=t;yield=kg/donum,https://krso.gov.krd/content/upload/1/root/پوخته‌ى-به‌روبوومه‌-كشتوكاڵيه‌كان1969-2023.pdf
Duhok,1986-1987,1987,barley,all,15407,6163,400.01,area=donum(0.25ha);production=t;yield=kg/donum,https://krso.gov.krd/content/upload/1/root/پوخته‌ى-به‌روبوومه‌-كشتوكاڵيه‌كان1969-2023.pdf
Duhok,1987-1988,1988,barley,all,17611,5815,330.2,area=donum(0.25ha);production=t;yield=kg/donum,https://krso.gov.krd/content/upload/1/root/پوخته‌ى-به‌روبوومه‌-كشتوكاڵيه‌كان1969-2023.pdf
Duhok,1988-1989,1989,barley,all,20867,5843,280.01,area=donum(0.25ha);production=t;yield=kg/donum,https://krso.gov.krd/content/upload/1/root/پوخته‌ى-به‌روبوومه‌-كشتوكاڵيه‌كان1969-2023.pdf
Duhok,1989-1990,1990,barley,all,28249,10735,380.01,area=donum(0.25ha);production=t;yield=kg/donum,https://krso.gov.krd/content/upload/1/root/پوخته‌ى-به‌روبوومه‌-كشتوكاڵيه‌كان1969-2023.pdf
Duhok,1990-1991,1991,barley,all,6890,1295,187.95,area=donum(0.25ha);production=t;yield=kg/donum,https://krso.gov.krd/content/upload/1/root/پوخته‌ى-به‌روبوومه‌-كشتوكاڵيه‌كان1969-2023.pdf
Duhok,1991-1992,1992,barley,all,25701,3855,149.99,area=donum(0.25ha);production=t;yield=kg/donum,https://krso.gov.krd/content/upload/1/root/پوخته‌ى-به‌روبوومه‌-كشتوكاڵيه‌كان1969-2023.pdf
Duhok,1992-1993,1993,barley,all,58107,25800,444.01,area=donum(0.25ha);production=t;yield=kg/donum,https://krso.gov.krd/content/upload/1/root/پوخته‌ى-به‌روبوومه‌-كشتوكاڵيه‌كان1969-2023.pdf
Duhok,1993-1994,1994,barley,all,71450,20006,280,area=donum(0.25ha);production=t;yield=kg/donum,https://krso.gov.krd/content/upload/1/root/پوخته‌ى-به‌روبوومه‌-كشتوكاڵيه‌كان1969-2023.pdf
Duhok,1994-1995,1995,barley,all,71450,20077,280.99,area=donum(0.25ha);production=t;yield=kg/donum,https://krso.gov.krd/content/upload/1/root/پوخته‌ى-به‌روبوومه‌-كشتوكاڵيه‌كان1969-2023.pdf
Duhok,1995-1996,1996,barley,all,68975,20000,289.96,area=donum(0.25ha);production=t;yield=kg/donum,https://krso.gov.krd/content/upload/1/root/پوخته‌ى-به‌روبوومه‌-كشتوكاڵيه‌كان1969-2023.pdf
Duhok,1996-1997,1997,barley,all,72018,15131,210.1,area=donum(0.25ha);production=t;yield=kg/donum,https://krso.gov.krd/content/upload/1/root/پوخته‌ى-به‌روبوومه‌-كشتوكاڵيه‌كان1969-2023.pdf
Duhok,1997-1998,1998,barley,all,82929,20537,247.64,area=donum(0.25ha);production=t;yield=kg/donum,https://krso.gov.krd/content/upload/1/root/پوخته‌ى-به‌روبوومه‌-كشتوكاڵيه‌كان1969-2023.pdf
Duhok,1998-1999,1999,barley,all,79004,7497,94.9,area=donum(0.25ha);production=t;yield=kg/donum,https://krso.gov.krd/content/upload/1/root/پوخته‌ى-به‌روبوومه‌-كشتوكاڵيه‌كان1969-2023.pdf
Duhok,1999-2000,2000,barley,all,73260,17209,234.9,area=donum(0.25ha);production=t;yield=kg/donum,https://krso.gov.krd/content/upload/1/root/پوخته‌ى-به‌روبوومه‌-كشتوكاڵيه‌كان1969-2023.pdf
Duhok,2000-2001,2001,barley,all,153703,51217,333.2,area=donum(0.25ha);production=t;yield=kg/donum,https://krso.gov.krd/content/upload/1/root/پوخته‌ى-به‌روبوومه‌-كشتوكاڵيه‌كان1969-2023.pdf
Duhok,2001-2002,2002,barley,all,128177,46937,366.2,area=donum(0.25ha);production=t;yield=kg/donum,https://krso.gov.krd/content/upload/1/root/پوخته‌ى-به‌روبوومه‌-كشتوكاڵيه‌كان1969-2023.pdf
Duhok,2002-2003,2003,barley,all,141855,38017,268,area=donum(0.25ha);production=t;yield=kg/donum,https://krso.gov.krd/content/upload/1/root/پوخته‌ى-به‌روبوومه‌-كشتوكاڵيه‌كان1969-2023.pdf
Duhok,2003-2004,2004,barley,all,109618,31712,289.3,area=donum(0.25ha);production=t;yield=kg/donum,https://krso.gov.krd/content/upload/1/root/پوخته‌ى-به‌روبوومه‌-كشتوكاڵيه‌كان1969-2023.pdf
Duhok,2004-2005,2005,barley,all,170800,49703,291,area=donum(0.25ha);production=t;yield=kg/donum,https://krso.gov.krd/content/upload/1/root/پوخته‌ى-به‌روبوومه‌-كشتوكاڵيه‌كان1969-2023.pdf
Duhok,2005-2006,2006,barley,all,162976,51663,317,area=donum(0.25ha);production=t;yield=kg/donum,https://krso.gov.krd/content/upload/1/root/پوخته‌ى-به‌روبوومه‌-كشتوكاڵيه‌كان1969-2023.pdf
Duhok,2006-2007,2007,barley,all,200900,62279,310,area=donum(0.25ha);production=t;yield=kg/donum,https://krso.gov.krd/content/upload/1/root/پوخته‌ى-به‌روبوومه‌-كشتوكاڵيه‌كان1969-2023.pdf
Duhok,2007-2008,2008,barley,all,146090,11687,80,area=donum(0.25ha);production=t;yield=kg/donum,https://krso.gov.krd/content/upload/1/root/پوخته‌ى-به‌روبوومه‌-كشتوكاڵيه‌كان1969-2023.pdf
Duhok,2008-2009,2009,barley,all,189150,71877,380,area=donum(0.25ha);production=t;yield=kg/donum,https://krso.gov.krd/content/upload/1/root/پوخته‌ى-به‌روبوومه‌-كشتوكاڵيه‌كان1969-2023.pdf
Duhok,2009-2010,2010,barley,all,199725,59556,298.19,area=donum(0.25ha);production=t;yield=kg/donum,https://krso.gov.krd/content/upload/1/root/پوخته‌ى-به‌روبوومه‌-كشتوكاڵيه‌كان1969-2023.pdf
Duhok,2010-2011,2011,barley,all,70384,19337,274.74,area=donum(0.25ha);production=t;yield=kg/donum,https://krso.gov.krd/content/upload/1/root/پوخته‌ى-به‌روبوومه‌-كشتوكاڵيه‌كان1969-2023.pdf
Duhok,2011-2012,2012,barley,all,50091,7701,153.75,area=donum(0.25ha);production=t;yield=kg/donum,https://krso.gov.krd/content/upload/1/root/پوخته‌ى-به‌روبوومه‌-كشتوكاڵيه‌كان1969-2023.pdf
Duhok,2012-2013,2013,barley,all,53127,22575,395.3,area=donum(0.25ha);production=t;yield=kg/donum,https://krso.gov.krd/content/upload/1/root/پوخته‌ى-به‌روبوومه‌-كشتوكاڵيه‌كان1969-2023.pdf
Duhok,2013-2014,2014,barley,all,78797,12929,164,area=donum(0.25ha);production=t;yield=kg/donum,https://krso.gov.krd/content/upload/1/root/پوخته‌ى-به‌روبوومه‌-كشتوكاڵيه‌كان1969-2023.pdf
Duhok,2014-2015,2015,barley,all,37941,9235,243,area=donum(0.25ha);production=t;yield=kg/donum,https://krso.gov.krd/content/upload/1/root/پوخته‌ى-به‌روبوومه‌-كشتوكاڵيه‌كان1969-2023.pdf
Duhok,2015-2016,2016,barley,all,37770,10200,270,area=donum(0.25ha);production=t;yield=kg/donum,https://krso.gov.krd/content/upload/1/root/پوخته‌ى-به‌روبوومه‌-كشتوكاڵيه‌كان1969-2023.pdf
Duhok,2016-2017,2017,barley,all_derived,14860,5719,384.9,area=donum(0.25ha);production=t;yield=kg/donum,https://krso.gov.krd/content/upload/1/root/پوخته‌ى-به‌روبوومه‌-كشتوكاڵيه‌كان1969-2023.pdf
Duhok,2016-2017,2017,barley,irrigated,179,80,449,area=donum(0.25ha);production=t;yield=kg/donum,https://krso.gov.krd/content/upload/1/root/پوخته‌ى-به‌روبوومه‌-كشتوكاڵيه‌كان1969-2023.pdf
Duhok,2016-2017,2017,barley,rainfed,14681,5639,384.1,area=donum(0.25ha);production=t;yield=kg/donum,https://krso.gov.krd/content/upload/1/root/پوخته‌ى-به‌روبوومه‌-كشتوكاڵيه‌كان1969-2023.pdf
Duhok,2017-2018,2018,barley,all,42040,14714,350,area=donum(0.25ha);production=t;yield=kg/donum,https://krso.gov.krd/content/upload/1/root/پوخته‌ى-به‌روبوومه‌-كشتوكاڵيه‌كان1969-2023.pdf
Duhok,2018-2019,2019,barley,all,45757,20591,450,area=donum(0.25ha);production=t;yield=kg/donum,https://krso.gov.krd/content/upload/1/root/پوخته‌ى-به‌روبوومه‌-كشتوكاڵيه‌كان1969-2023.pdf
Duhok,2019-2020,2020,barley,all,59824,44868,750,area=donum(0.25ha);production=t;yield=kg/donum,https://krso.gov.krd/content/upload/1/root/پوخته‌ى-به‌روبوومه‌-كشتوكاڵيه‌كان1969-2023.pdf
Duhok,2020-2021,2021,barley,all,41865,31399,750,area=donum(0.25ha);production=t;yield=kg/donum,https://krso.gov.krd/content/upload/1/root/پوخته‌ى-به‌روبوومه‌-كشتوكاڵيه‌كان1969-2023.pdf
Duhok,2021-2022,2022,barley,all,72560,42636,587.6,area=donum(0.25ha);production=t;yield=kg/donum,https://krso.gov.krd/content/upload/1/root/پوخته‌ى-به‌روبوومه‌-كشتوكاڵيه‌كان1969-2023.pdf
Duhok,2022-2023,2023,barley,all,77620,42946,553,area=donum(0.25ha);production=t;yield=kg/donum,https://krso.gov.krd/content/upload/1/root/پوخته‌ى-به‌روبوومه‌-كشتوكاڵيه‌كان1969-2023.pdf
Garmiyan,2012-2013,2013,barley,all,72669,14158,207,area=donum(0.25ha);production=t;yield=kg/donum,https://krso.gov.krd/content/upload/1/root/پوخته‌ى-به‌روبوومه‌-كشتوكاڵيه‌كان1969-2023.pdf
Garmiyan,2013-2014,2014,barley,all,69220,25000,361,area=donum(0.25ha);production=t;yield=kg/donum,https://krso.gov.krd/content/upload/1/root/پوخته‌ى-به‌روبوومه‌-كشتوكاڵيه‌كان1969-2023.pdf
Garmiyan,2014-2015,2015,barley,all,104950,13990,133,area=donum(0.25ha);production=t;yield=kg/donum,https://krso.gov.krd/content/upload/1/root/پوخته‌ى-به‌روبوومه‌-كشتوكاڵيه‌كان1969-2023.pdf
Garmiyan,2015-2016,2016,barley,all,149820,25180,168,area=donum(0.25ha);production=t;yield=kg/donum,https://krso.gov.krd/content/upload/1/root/پوخته‌ى-به‌روبوومه‌-كشتوكاڵيه‌كان1969-2023.pdf
Garmiyan,2016-2017,2017,barley,all_derived,96755,14038,145.1,area=donum(0.25ha);production=t;yield=kg/donum,https://krso.gov.krd/content/upload/1/root/پوخته‌ى-به‌روبوومه‌-كشتوكاڵيه‌كان1969-2023.pdf
Garmiyan,2016-2017,2017,barley,irrigated,3354,431,129,area=donum(0.25ha);production=t;yield=kg/donum,https://krso.gov.krd/content/upload/1/root/پوخته‌ى-به‌روبوومه‌-كشتوكاڵيه‌كان1969-2023.pdf
Garmiyan,2016-2017,2017,barley,rainfed,93401,13607,146,area=donum(0.25ha);production=t;yield=kg/donum,https://krso.gov.krd/content/upload/1/root/پوخته‌ى-به‌روبوومه‌-كشتوكاڵيه‌كان1969-2023.pdf
Garmiyan,2017-2018,2018,barley,all,58430,18260,313,area=donum(0.25ha);production=t;yield=kg/donum,https://krso.gov.krd/content/upload/1/root/پوخته‌ى-به‌روبوومه‌-كشتوكاڵيه‌كان1969-2023.pdf
Garmiyan,2018-2019,2019,barley,all,62450,23731,380,area=donum(0.25ha);production=t;yield=kg/donum,https://krso.gov.krd/content/upload/1/root/پوخته‌ى-به‌روبوومه‌-كشتوكاڵيه‌كان1969-2023.pdf
Garmiyan,2019-2020,2020,barley,all,33725,17031,505,area=donum(0.25ha);production=t;yield=kg/donum,https://krso.gov.krd/content/upload/1/root/پوخته‌ى-به‌روبوومه‌-كشتوكاڵيه‌كان1969-2023.pdf
Garmiyan,2020-2021,2021,barley,all,53550,2204,550,area=donum(0.25ha);production=t;yield=kg/donum,https://krso.gov.krd/content/upload/1/root/پوخته‌ى-به‌روبوومه‌-كشتوكاڵيه‌كان1969-2023.pdf
Garmiyan,2021-2022,2022,barley,all,71935,8212,114,area=donum(0.25ha);production=t;yield=kg/donum,https://krso.gov.krd/content/upload/1/root/پوخته‌ى-به‌روبوومه‌-كشتوكاڵيه‌كان1969-2023.pdf
Garmiyan,2022-2023,2023,barley,all,71935,8212,114,area=donum(0.25ha);production=t;yield=kg/donum,https://krso.gov.krd/content/upload/1/root/پوخته‌ى-به‌روبوومه‌-كشتوكاڵيه‌كان1969-2023.pdf
Halabja,2016-2017,2017,barley,rainfed,1611,629,390,area=donum(0.25ha);production=t;yield=kg/donum,https://krso.gov.krd/content/upload/1/root/پوخته‌ى-به‌روبوومه‌-كشتوكاڵيه‌كان1969-2023.pdf
Halabja,2017-2018,2018,barley,all,5123,1536,300,area=donum(0.25ha);production=t;yield=kg/donum,https://krso.gov.krd/content/upload/1/root/پوخته‌ى-به‌روبوومه‌-كشتوكاڵيه‌كان1969-2023.pdf
Halabja,2018-2019,2019,barley,all,2531,759,300,area=donum(0.25ha);production=t;yield=kg/donum,https://krso.gov.krd/content/upload/1/root/پوخته‌ى-به‌روبوومه‌-كشتوكاڵيه‌كان1969-2023.pdf
Halabja,2019-2020,2020,barley,all,945,283,299,area=donum(0.25ha);production=t;yield=kg/donum,https://krso.gov.krd/content/upload/1/root/پوخته‌ى-به‌روبوومه‌-كشتوكاڵيه‌كان1969-2023.pdf
Halabja,2020-2021,2021,barley,all,685,274,400,area=donum(0.25ha);production=t;yield=kg/donum,https://krso.gov.krd/content/upload/1/root/پوخته‌ى-به‌روبوومه‌-كشتوكاڵيه‌كان1969-2023.pdf
Halabja,2021-2022,2022,barley,all,5080,1524,300,area=donum(0.25ha);production=t;yield=kg/donum,https://krso.gov.krd/content/upload/1/root/پوخته‌ى-به‌روبوومه‌-كشتوكاڵيه‌كان1969-2023.pdf
Halabja,2022-2023,2023,barley,all,1570,600,382,area=donum(0.25ha);production=t;yield=kg/donum,https://krso.gov.krd/content/upload/1/root/پوخته‌ى-به‌روبوومه‌-كشتوكاڵيه‌كان1969-2023.pdf
Kurdistan_Region,1969-1970,1970,wheat,all,1026600,177197,172.6,area=donum(0.25ha);production=t;yield=kg/donum,https://krso.gov.krd/content/upload/1/root/پوخته‌ى-به‌روبوومه‌-كشتوكاڵيه‌كان1969-2023.pdf
Kurdistan_Region,1970-1971,1971,wheat,all,924200,181019,195.9,area=donum(0.25ha);production=t;yield=kg/donum,https://krso.gov.krd/content/upload/1/root/پوخته‌ى-به‌روبوومه‌-كشتوكاڵيه‌كان1969-2023.pdf
Kurdistan_Region,1971-1972,1972,wheat,all,1091200,270652,248,area=donum(0.25ha);production=t;yield=kg/donum,https://krso.gov.krd/content/upload/1/root/پوخته‌ى-به‌روبوومه‌-كشتوكاڵيه‌كان1969-2023.pdf
Kurdistan_Region,1972-1973,1973,wheat,all,1036200,192713,186,area=donum(0.25ha);production=t;yield=kg/donum,https://krso.gov.krd/content/upload/1/root/پوخته‌ى-به‌روبوومه‌-كشتوكاڵيه‌كان1969-2023.pdf
Kurdistan_Region,1973-1974,1974,wheat,all,1053700,211961,201.2,area=donum(0.25ha);production=t;yield=kg/donum,https://krso.gov.krd/content/upload/1/root/پوخته‌ى-به‌روبوومه‌-كشتوكاڵيه‌كان1969-2023.pdf
Kurdistan_Region,1974-1975,1975,wheat,all,819200,119040,145.3,area=donum(0.25ha);production=t;yield=kg/donum,https://krso.gov.krd/content/upload/1/root/پوخته‌ى-به‌روبوومه‌-كشتوكاڵيه‌كان1969-2023.pdf
Kurdistan_Region,1975-1976,1976,wheat,all,1144900,196252,171.4,area=donum(0.25ha);production=t;yield=kg/donum,https://krso.gov.krd/content/upload/1/root/پوخته‌ى-به‌روبوومه‌-كشتوكاڵيه‌كان1969-2023.pdf
Kurdistan_Region,1976-1977,1977,wheat,all,1086300,177922,163.8,area=donum(0.25ha);production=t;yield=kg/donum,https://krso.gov.krd/content/upload/1/root/پوخته‌ى-به‌روبوومه‌-كشتوكاڵيه‌كان1969-2023.pdf
Kurdistan_Region,1977-1978,1978,wheat,all,1161600,206145,177.5,area=donum(0.25ha);production=t;yield=kg/donum,https://krso.gov.krd/content/upload/1/root/پوخته‌ى-به‌روبوومه‌-كشتوكاڵيه‌كان1969-2023.pdf
Kurdistan_Region,1978-1979,1979,wheat,all,1065400,184792,173.4,area=donum(0.25ha);production=t;yield=kg/donum,https://krso.gov.krd/content/upload/1/root/پوخته‌ى-به‌روبوومه‌-كشتوكاڵيه‌كان1969-2023.pdf
Kurdistan_Region,1979-1980,1980,wheat,all,1172500,228909,195.2,area=donum(0.25ha);production=t;yield=kg/donum,https://krso.gov.krd/content/upload/1/root/پوخته‌ى-به‌روبوومه‌-كشتوكاڵيه‌كان1969-2023.pdf
Kurdistan_Region,1980-1981,1981,wheat,all,1312100,267223,203.7,area=donum(0.25ha);production=t;yield=kg/donum,https://krso.gov.krd/content/upload/1/root/پوخته‌ى-به‌روبوومه‌-كشتوكاڵيه‌كان1969-2023.pdf
Kurdistan_Region,1981-1982,1982,wheat,all,1310600,283358,216.2,area=donum(0.25ha);production=t;yield=kg/donum,https://krso.gov.krd/content/upload/1/root/پوخته‌ى-به‌روبوومه‌-كشتوكاڵيه‌كان1969-2023.pdf
Kurdistan_Region,1982-1983,1983,wheat,all,1389900,272989,196.4,area=donum(0.25ha);production=t;yield=kg/donum,https://krso.gov.krd/content/upload/1/root/پوخته‌ى-به‌روبوومه‌-كشتوكاڵيه‌كان1969-2023.pdf
Kurdistan_Region,1983-1984,1984,wheat,all,1667724,184491,110.6,area=donum(0.25ha);production=t;yield=kg/donum,https://krso.gov.krd/content/upload/1/root/پوخته‌ى-به‌روبوومه‌-كشتوكاڵيه‌كان1969-2023.pdf
Kurdistan_Region,1984-1985,1985,wheat,all,1837966,444503,241.8,area=donum(0.25ha);production=t;yield=kg/donum,https://krso.gov.krd/content/upload/1/root/پوخته‌ى-به‌روبوومه‌-كشتوكاڵيه‌كان1969-2023.pdf
Kurdistan_Region,1985-1986,1986,wheat,all,1310959,308425,235.3,area=donum(0.25ha);production=t;yield=kg/donum,https://krso.gov.krd/content/upload/1/root/پوخته‌ى-به‌روبوومه‌-كشتوكاڵيه‌كان1969-2023.pdf
Kurdistan_Region,1986-1987,1987,wheat,all,966242,252431,261.3,area=donum(0.25ha);production=t;yield=kg/donum,https://krso.gov.krd/content/upload/1/root/پوخته‌ى-به‌روبوومه‌-كشتوكاڵيه‌كان1969-2023.pdf
Kurdistan_Region,1987-1988,1988,wheat,all,728726,193870,266,area=donum(0.25ha);production=t;yield=kg/donum,https://krso.gov.krd/content/upload/1/root/پوخته‌ى-به‌روبوومه‌-كشتوكاڵيه‌كان1969-2023.pdf
Kurdistan_Region,1988-1989,1989,wheat,all,806163,123376,153,area=donum(0.25ha);production=t;yield=kg/donum,https://krso.gov.krd/content/upload/1/root/پوخته‌ى-به‌روبوومه‌-كشتوكاڵيه‌كان1969-2023.pdf
Kurdistan_Region,1989-1990,1990,wheat,all,1182316,336847,284.9,area=donum(0.25ha);production=t;yield=kg/donum,https://krso.gov.krd/content/upload/1/root/پوخته‌ى-به‌روبوومه‌-كشتوكاڵيه‌كان1969-2023.pdf
Kurdistan_Region,1990-1991,1991,wheat,all,3225437,511147,158.5,area=donum(0.25ha);production=t;yield=kg/donum,https://krso.gov.krd/content/upload/1/root/پوخته‌ى-به‌روبوومه‌-كشتوكاڵيه‌كان1969-2023.pdf
Kurdistan_Region,1991-1992,1992,wheat,all,1894198,311795,164.6,area=donum(0.25ha);production=t;yield=kg/donum,https://krso.gov.krd/content/upload/1/root/پوخته‌ى-به‌روبوومه‌-كشتوكاڵيه‌كان1969-2023.pdf
Kurdistan_Region,1992-1993,1993,wheat,all,2250074,500008,222.2,area=donum(0.25ha);production=t;yield=kg/donum,https://krso.gov.krd/content/upload/1/root/پوخته‌ى-به‌روبوومه‌-كشتوكاڵيه‌كان1969-2023.pdf
Kurdistan_Region,1993-1994,1994,wheat,all,2146654,611778,285,area=donum(0.25ha);production=t;yield=kg/donum,https://krso.gov.krd/content/upload/1/root/پوخته‌ى-به‌روبوومه‌-كشتوكاڵيه‌كان1969-2023.pdf
Kurdistan_Region,1994-1995,1995,wheat,all,2254954,664690,294.8,area=donum(0.25ha);production=t;yield=kg/donum,https://krso.gov.krd/content/upload/1/root/پوخته‌ى-به‌روبوومه‌-كشتوكاڵيه‌كان1969-2023.pdf
Kurdistan_Region,1995-1996,1996,wheat,all,1823101,312633,171.5,area=donum(0.25ha);production=t;yield=kg/donum,https://krso.gov.krd/content/upload/1/root/پوخته‌ى-به‌روبوومه‌-كشتوكاڵيه‌كان1969-2023.pdf
Kurdistan_Region,1996-1997,1997,wheat,all,1453395,315390,217,area=donum(0.25ha);production=t;yield=kg/donum,https://krso.gov.krd/content/upload/1/root/پوخته‌ى-به‌روبوومه‌-كشتوكاڵيه‌كان1969-2023.pdf
Kurdistan_Region,1997-1998,1998,wheat,all,1309675,355770,271.6,area=donum(0.25ha);production=t;yield=kg/donum,https://krso.gov.krd/content/upload/1/root/پوخته‌ى-به‌روبوومه‌-كشتوكاڵيه‌كان1969-2023.pdf
Kurdistan_Region,1998-1999,1999,wheat,all,1102505,112694,102.2,area=donum(0.25ha);production=t;yield=kg/donum,https://krso.gov.krd/content/upload/1/root/پوخته‌ى-به‌روبوومه‌-كشتوكاڵيه‌كان1969-2023.pdf
Kurdistan_Region,1999-2000,2000,wheat,all,1318785,243111,184.3,area=donum(0.25ha);production=t;yield=kg/donum,https://krso.gov.krd/content/upload/1/root/پوخته‌ى-به‌روبوومه‌-كشتوكاڵيه‌كان1969-2023.pdf
Kurdistan_Region,2000-2001,2001,wheat,all,1220009,366948,300.8,area=donum(0.25ha);production=t;yield=kg/donum,https://krso.gov.krd/content/upload/1/root/پوخته‌ى-به‌روبوومه‌-كشتوكاڵيه‌كان1969-2023.pdf
Kurdistan_Region,2001-2002,2002,wheat,all,1670747,568788,340.4,area=donum(0.25ha);production=t;yield=kg/donum,https://krso.gov.krd/content/upload/1/root/پوخته‌ى-به‌روبوومه‌-كشتوكاڵيه‌كان1969-2023.pdf
Kurdistan_Region,2002-2003,2003,wheat,all,1482205,448339,302.5,area=donum(0.25ha);production=t;yield=kg/donum,https://krso.gov.krd/content/upload/1/root/پوخته‌ى-به‌روبوومه‌-كشتوكاڵيه‌كان1969-2023.pdf
Kurdistan_Region,2003-2004,2004,wheat,all,1069537,321513,300.6,area=donum(0.25ha);production=t;yield=kg/donum,https://krso.gov.krd/content/upload/1/root/پوخته‌ى-به‌روبوومه‌-كشتوكاڵيه‌كان1969-2023.pdf
Kurdistan_Region,2004-2005,2005,wheat,all,1591690,374408,235.2,area=donum(0.25ha);production=t;yield=kg/donum,https://krso.gov.krd/content/upload/1/root/پوخته‌ى-به‌روبوومه‌-كشتوكاڵيه‌كان1969-2023.pdf
Kurdistan_Region,2005-2006,2006,wheat,all,1352448,391896,289.8,area=donum(0.25ha);production=t;yield=kg/donum,https://krso.gov.krd/content/upload/1/root/پوخته‌ى-به‌روبوومه‌-كشتوكاڵيه‌كان1969-2023.pdf
Kurdistan_Region,2006-2007,2007,wheat,all,1609580,654601,406.7,area=donum(0.25ha);production=t;yield=kg/donum,https://krso.gov.krd/content/upload/1/root/پوخته‌ى-به‌روبوومه‌-كشتوكاڵيه‌كان1969-2023.pdf
Kurdistan_Region,2007-2008,2008,wheat,all,1497104,216072,144.3,area=donum(0.25ha);production=t;yield=kg/donum,https://krso.gov.krd/content/upload/1/root/پوخته‌ى-به‌روبوومه‌-كشتوكاڵيه‌كان1969-2023.pdf
Kurdistan_Region,2008-2009,2009,wheat,all,2216287,558658,252.1,area=donum(0.25ha);production=t;yield=kg/donum,https://krso.gov.krd/content/upload/1/root/پوخته‌ى-به‌روبوومه‌-كشتوكاڵيه‌كان1969-2023.pdf
Kurdistan_Region,2009-2010,2010,wheat,all,2514205,624678,248.5,area=donum(0.25ha);production=t;yield=kg/donum,https://krso.gov.krd/content/upload/1/root/پوخته‌ى-به‌روبوومه‌-كشتوكاڵيه‌كان1969-2023.pdf
Kurdistan_Region,2010-2011,2011,wheat,all,2601239,398752,153.3,area=donum(0.25ha);production=t;yield=kg/donum,https://krso.gov.krd/content/upload/1/root/پوخته‌ى-به‌روبوومه‌-كشتوكاڵيه‌كان1969-2023.pdf
Kurdistan_Region,2011-2012,2012,wheat,all,2270503,381284,167.9,area=donum(0.25ha);production=t;yield=kg/donum,https://krso.gov.krd/content/upload/1/root/پوخته‌ى-به‌روبوومه‌-كشتوكاڵيه‌كان1969-2023.pdf
Kurdistan_Region,2012-2013,2013,wheat,all,2259673,1035864,458.4,area=donum(0.25ha);production=t;yield=kg/donum,https://krso.gov.krd/content/upload/1/root/پوخته‌ى-به‌روبوومه‌-كشتوكاڵيه‌كان1969-2023.pdf
Kurdistan_Region,2013-2014,2014,wheat,all,2660297,882585,331.8,area=donum(0.25ha);production=t;yield=kg/donum,https://krso.gov.krd/content/upload/1/root/پوخته‌ى-به‌روبوومه‌-كشتوكاڵيه‌كان1969-2023.pdf
Kurdistan_Region,2014-2015,2015,wheat,all,3281048,1097427,334.5,area=donum(0.25ha);production=t;yield=kg/donum,https://krso.gov.krd/content/upload/1/root/پوخته‌ى-به‌روبوومه‌-كشتوكاڵيه‌كان1969-2023.pdf
Kurdistan_Region,2015-2016,2016,wheat,all,3195596,1686784,527.8,area=donum(0.25ha);production=t;yield=kg/donum,https://krso.gov.krd/content/upload/1/root/پوخته‌ى-به‌روبوومه‌-كشتوكاڵيه‌كان1969-2023.pdf
Kurdistan_Region,2016-2017,2017,wheat,all_derived,2659086,1019481,383.4,area=donum(0.25ha);production=t;yield=kg/donum,https://krso.gov.krd/content/upload/1/root/پوخته‌ى-به‌روبوومه‌-كشتوكاڵيه‌كان1969-2023.pdf
Kurdistan_Region,2016-2017,2017,wheat,irrigated,268945,197120,732.9,area=donum(0.25ha);production=t;yield=kg/donum,https://krso.gov.krd/content/upload/1/root/پوخته‌ى-به‌روبوومه‌-كشتوكاڵيه‌كان1969-2023.pdf
Kurdistan_Region,2016-2017,2017,wheat,rainfed,2390141,822361,344.1,area=donum(0.25ha);production=t;yield=kg/donum,https://krso.gov.krd/content/upload/1/root/پوخته‌ى-به‌روبوومه‌-كشتوكاڵيه‌كان1969-2023.pdf
Kurdistan_Region,2017-2018,2018,wheat,all,3774612,1310255,347.1,area=donum(0.25ha);production=t;yield=kg/donum,https://krso.gov.krd/content/upload/1/root/پوخته‌ى-به‌روبوومه‌-كشتوكاڵيه‌كان1969-2023.pdf
Kurdistan_Region,2018-2019,2019,wheat,all,3304047,2423014,733.3,area=donum(0.25ha);production=t;yield=kg/donum,https://krso.gov.krd/content/upload/1/root/پوخته‌ى-به‌روبوومه‌-كشتوكاڵيه‌كان1969-2023.pdf
Kurdistan_Region,2019-2020,2020,wheat,all,4114677,2907400,706.6,area=donum(0.25ha);production=t;yield=kg/donum,https://krso.gov.krd/content/upload/1/root/پوخته‌ى-به‌روبوومه‌-كشتوكاڵيه‌كان1969-2023.pdf
Kurdistan_Region,2020-2021,2021,wheat,all,4520853,1925277,425.9,area=donum(0.25ha);production=t;yield=kg/donum,https://krso.gov.krd/content/upload/1/root/پوخته‌ى-به‌روبوومه‌-كشتوكاڵيه‌كان1969-2023.pdf
Kurdistan_Region,2021-2022,2022,wheat,all,4500706,1934839,429.9,area=donum(0.25ha);production=t;yield=kg/donum,https://krso.gov.krd/content/upload/1/root/پوخته‌ى-به‌روبوومه‌-كشتوكاڵيه‌كان1969-2023.pdf
Kurdistan_Region,2022-2023,2023,wheat,all,4409376,2369005,537,area=donum(0.25ha);production=t;yield=kg/donum,https://krso.gov.krd/content/upload/1/root/پوخته‌ى-به‌روبوومه‌-كشتوكاڵيه‌كان1969-2023.pdf
Erbil,1969-1970,1970,wheat,all,657600,73520,111.8,area=donum(0.25ha);production=t;yield=kg/donum,https://krso.gov.krd/content/upload/1/root/پوخته‌ى-به‌روبوومه‌-كشتوكاڵيه‌كان1969-2023.pdf
Erbil,1970-1971,1971,wheat,all,397100,30458,76.7,area=donum(0.25ha);production=t;yield=kg/donum,https://krso.gov.krd/content/upload/1/root/پوخته‌ى-به‌روبوومه‌-كشتوكاڵيه‌كان1969-2023.pdf
Erbil,1971-1972,1972,wheat,all,595900,107441,180.3,area=donum(0.25ha);production=t;yield=kg/donum,https://krso.gov.krd/content/upload/1/root/پوخته‌ى-به‌روبوومه‌-كشتوكاڵيه‌كان1969-2023.pdf
Erbil,1972-1973,1973,wheat,all,589000,74037,125.7,area=donum(0.25ha);production=t;yield=kg/donum,https://krso.gov.krd/content/upload/1/root/پوخته‌ى-به‌روبوومه‌-كشتوكاڵيه‌كان1969-2023.pdf
Erbil,1973-1974,1974,wheat,all,698800,105239,150.6,area=donum(0.25ha);production=t;yield=kg/donum,https://krso.gov.krd/content/upload/1/root/پوخته‌ى-به‌روبوومه‌-كشتوكاڵيه‌كان1969-2023.pdf
Erbil,1974-1975,1975,wheat,all,604500,54103,89.5,area=donum(0.25ha);production=t;yield=kg/donum,https://krso.gov.krd/content/upload/1/root/پوخته‌ى-به‌روبوومه‌-كشتوكاڵيه‌كان1969-2023.pdf
Erbil,1975-1976,1976,wheat,all,624000,72634,116.4,area=donum(0.25ha);production=t;yield=kg/donum,https://krso.gov.krd/content/upload/1/root/پوخته‌ى-به‌روبوومه‌-كشتوكاڵيه‌كان1969-2023.pdf
Erbil,1976-1977,1977,wheat,all,549600,47870,87.1,area=donum(0.25ha);production=t;yield=kg/donum,https://krso.gov.krd/content/upload/1/root/پوخته‌ى-به‌روبوومه‌-كشتوكاڵيه‌كان1969-2023.pdf
Erbil,1977-1978,1978,wheat,all,663000,80157,120.9,area=donum(0.25ha);production=t;yield=kg/donum,https://krso.gov.krd/content/upload/1/root/پوخته‌ى-به‌روبوومه‌-كشتوكاڵيه‌كان1969-2023.pdf
Erbil,1978-1979,1979,wheat,all,616800,69698,113,area=donum(0.25ha);production=t;yield=kg/donum,https://krso.gov.krd/content/upload/1/root/پوخته‌ى-به‌روبوومه‌-كشتوكاڵيه‌كان1969-2023.pdf
Erbil,1979-1980,1980,wheat,all,685000,107477,156.9,area=donum(0.25ha);production=t;yield=kg/donum,https://krso.gov.krd/content/upload/1/root/پوخته‌ى-به‌روبوومه‌-كشتوكاڵيه‌كان1969-2023.pdf
Erbil,1980-1981,1981,wheat,all,652900,88076,134.9,area=donum(0.25ha);production=t;yield=kg/donum,https://krso.gov.krd/content/upload/1/root/پوخته‌ى-به‌روبوومه‌-كشتوكاڵيه‌كان1969-2023.pdf
Erbil,1981-1982,1982,wheat,all,602100,99587,165.4,area=donum(0.25ha);production=t;yield=kg/donum,https://krso.gov.krd/content/upload/1/root/پوخته‌ى-به‌روبوومه‌-كشتوكاڵيه‌كان1969-2023.pdf
Erbil,1982-1983,1983,wheat,all,723200,91123,126,area=donum(0.25ha);production=t;yield=kg/donum,https://krso.gov.krd/content/upload/1/root/پوخته‌ى-به‌روبوومه‌-كشتوكاڵيه‌كان1969-2023.pdf
Erbil,1983-1984,1984,wheat,all,751200,32302,43,area=donum(0.25ha);production=t;yield=kg/donum,https://krso.gov.krd/content/upload/1/root/پوخته‌ى-به‌روبوومه‌-كشتوكاڵيه‌كان1969-2023.pdf
Erbil,1984-1985,1985,wheat,all,841804,149841,178,area=donum(0.25ha);production=t;yield=kg/donum,https://krso.gov.krd/content/upload/1/root/پوخته‌ى-به‌روبوومه‌-كشتوكاڵيه‌كان1969-2023.pdf
Erbil,1985-1986,1986,wheat,all,654455,111912,171,area=donum(0.25ha);production=t;yield=kg/donum,https://krso.gov.krd/content/upload/1/root/پوخته‌ى-به‌روبوومه‌-كشتوكاڵيه‌كان1969-2023.pdf
Erbil,1986-1987,1987,wheat,all,512575,102515,200,area=donum(0.25ha);production=t;yield=kg/donum,https://krso.gov.krd/content/upload/1/root/پوخته‌ى-به‌روبوومه‌-كشتوكاڵيه‌كان1969-2023.pdf
Erbil,1987-1988,1988,wheat,all,380981,76958,202,area=donum(0.25ha);production=t;yield=kg/donum,https://krso.gov.krd/content/upload/1/root/پوخته‌ى-به‌روبوومه‌-كشتوكاڵيه‌كان1969-2023.pdf
Erbil,1988-1989,1989,wheat,all,476429,45261,95,area=donum(0.25ha);production=t;yield=kg/donum,https://krso.gov.krd/content/upload/1/root/پوخته‌ى-به‌روبوومه‌-كشتوكاڵيه‌كان1969-2023.pdf
Erbil,1989-1990,1990,wheat,all,631610,138954,220,area=donum(0.25ha);production=t;yield=kg/donum,https://krso.gov.krd/content/upload/1/root/پوخته‌ى-به‌روبوومه‌-كشتوكاڵيه‌كان1969-2023.pdf
Erbil,1990-1991,1991,wheat,all,1498710,209819,140,area=donum(0.25ha);production=t;yield=kg/donum,https://krso.gov.krd/content/upload/1/root/پوخته‌ى-به‌روبوومه‌-كشتوكاڵيه‌كان1969-2023.pdf
Erbil,1991-1992,1992,wheat,all,973479,146022,150,area=donum(0.25ha);production=t;yield=kg/donum,https://krso.gov.krd/content/upload/1/root/پوخته‌ى-به‌روبوومه‌-كشتوكاڵيه‌كان1969-2023.pdf
Erbil,1992-1993,1993,wheat,all,756000,119448,158,area=donum(0.25ha);production=t;yield=kg/donum,https://krso.gov.krd/content/upload/1/root/پوخته‌ى-به‌روبوومه‌-كشتوكاڵيه‌كان1969-2023.pdf
Erbil,1993-1994,1994,wheat,all,736848,154001,209,area=donum(0.25ha);production=t;yield=kg/donum,https://krso.gov.krd/content/upload/1/root/پوخته‌ى-به‌روبوومه‌-كشتوكاڵيه‌كان1969-2023.pdf
Erbil,1994-1995,1995,wheat,all,803804,160761,200,area=donum(0.25ha);production=t;yield=kg/donum,https://krso.gov.krd/content/upload/1/root/پوخته‌ى-به‌روبوومه‌-كشتوكاڵيه‌كان1969-2023.pdf
Erbil,1995-1996,1996,wheat,all,658181,98727,150,area=donum(0.25ha);production=t;yield=kg/donum,https://krso.gov.krd/content/upload/1/root/پوخته‌ى-به‌روبوومه‌-كشتوكاڵيه‌كان1969-2023.pdf
Erbil,1996-1997,1997,wheat,all,424077,82695,195,area=donum(0.25ha);production=t;yield=kg/donum,https://krso.gov.krd/content/upload/1/root/پوخته‌ى-به‌روبوومه‌-كشتوكاڵيه‌كان1969-2023.pdf
Erbil,1997-1998,1998,wheat,all,442374,118892,268.76,area=donum(0.25ha);production=t;yield=kg/donum,https://krso.gov.krd/content/upload/1/root/پوخته‌ى-به‌روبوومه‌-كشتوكاڵيه‌كان1969-2023.pdf
Erbil,1998-1999,1999,wheat,all,380871,37782,99.2,area=donum(0.25ha);production=t;yield=kg/donum,https://krso.gov.krd/content/upload/1/root/پوخته‌ى-به‌روبوومه‌-كشتوكاڵيه‌كان1969-2023.pdf
Erbil,1999-2000,2000,wheat,all,477309,69210,145,area=donum(0.25ha);production=t;yield=kg/donum,https://krso.gov.krd/content/upload/1/root/پوخته‌ى-به‌روبوومه‌-كشتوكاڵيه‌كان1969-2023.pdf
Erbil,2000-2001,2001,wheat,all,362195,90324,294.4,area=donum(0.25ha);production=t;yield=kg/donum,https://krso.gov.krd/content/upload/1/root/پوخته‌ى-به‌روبوومه‌-كشتوكاڵيه‌كان1969-2023.pdf
Erbil,2001-2002,2002,wheat,all,531371,180909,340.5,area=donum(0.25ha);production=t;yield=kg/donum,https://krso.gov.krd/content/upload/1/root/پوخته‌ى-به‌روبوومه‌-كشتوكاڵيه‌كان1969-2023.pdf
Erbil,2002-2003,2003,wheat,all,537702,154320,278.7,area=donum(0.25ha);production=t;yield=kg/donum,https://krso.gov.krd/content/upload/1/root/پوخته‌ى-به‌روبوومه‌-كشتوكاڵيه‌كان1969-2023.pdf
Erbil,2003-2004,2004,wheat,all,395850,93551,236.33,area=donum(0.25ha);production=t;yield=kg/donum,https://krso.gov.krd/content/upload/1/root/پوخته‌ى-به‌روبوومه‌-كشتوكاڵيه‌كان1969-2023.pdf
Erbil,2004-2005,2005,wheat,all,467110,72869,156,area=donum(0.25ha);production=t;yield=kg/donum,https://krso.gov.krd/content/upload/1/root/پوخته‌ى-به‌روبوومه‌-كشتوكاڵيه‌كان1969-2023.pdf
Erbil,2005-2006,2006,wheat,all,507552,134176,264,area=donum(0.25ha);production=t;yield=kg/donum,https://krso.gov.krd/content/upload/1/root/پوخته‌ى-به‌روبوومه‌-كشتوكاڵيه‌كان1969-2023.pdf
Erbil,2006-2007,2007,wheat,all,537480,188118,350,area=donum(0.25ha);production=t;yield=kg/donum,https://krso.gov.krd/content/upload/1/root/پوخته‌ى-به‌روبوومه‌-كشتوكاڵيه‌كان1969-2023.pdf
Erbil,2007-2008,2008,wheat,all,623448,12469,20,area=donum(0.25ha);production=t;yield=kg/donum,https://krso.gov.krd/content/upload/1/root/پوخته‌ى-به‌روبوومه‌-كشتوكاڵيه‌كان1969-2023.pdf
Erbil,2008-2009,2009,wheat,all,715190,178798,250,area=donum(0.25ha);production=t;yield=kg/donum,https://krso.gov.krd/content/upload/1/root/پوخته‌ى-به‌روبوومه‌-كشتوكاڵيه‌كان1969-2023.pdf
Erbil,2009-2010,2010,wheat,all,793267,219245,276.38,area=donum(0.25ha);production=t;yield=kg/donum,https://krso.gov.krd/content/upload/1/root/پوخته‌ى-به‌روبوومه‌-كشتوكاڵيه‌كان1969-2023.pdf
Erbil,2010-2011,2011,wheat,all,973666,140944,144.76,area=donum(0.25ha);production=t;yield=kg/donum,https://krso.gov.krd/content/upload/1/root/پوخته‌ى-به‌روبوومه‌-كشتوكاڵيه‌كان1969-2023.pdf
Erbil,2011-2012,2012,wheat,all,628828,101292,160.95,area=donum(0.25ha);production=t;yield=kg/donum,https://krso.gov.krd/content/upload/1/root/پوخته‌ى-به‌روبوومه‌-كشتوكاڵيه‌كان1969-2023.pdf
Erbil,2012-2013,2013,wheat,all,636829,317591,486.4,area=donum(0.25ha);production=t;yield=kg/donum,https://krso.gov.krd/content/upload/1/root/پوخته‌ى-به‌روبوومه‌-كشتوكاڵيه‌كان1969-2023.pdf
Erbil,2013-2014,2014,wheat,all,1032892,337224,326,area=donum(0.25ha);production=t;yield=kg/donum,https://krso.gov.krd/content/upload/1/root/پوخته‌ى-به‌روبوومه‌-كشتوكاڵيه‌كان1969-2023.pdf
Erbil,2014-2015,2015,wheat,all,1491220,448869,301,area=donum(0.25ha);production=t;yield=kg/donum,https://krso.gov.krd/content/upload/1/root/پوخته‌ى-به‌روبوومه‌-كشتوكاڵيه‌كان1969-2023.pdf
Erbil,2015-2016,2016,wheat,all,1380049,601396,436,area=donum(0.25ha);production=t;yield=kg/donum,https://krso.gov.krd/content/upload/1/root/پوخته‌ى-به‌روبوومه‌-كشتوكاڵيه‌كان1969-2023.pdf
Erbil,2016-2017,2017,wheat,all_derived,948983,411677,433.8,area=donum(0.25ha);production=t;yield=kg/donum,https://krso.gov.krd/content/upload/1/root/پوخته‌ى-به‌روبوومه‌-كشتوكاڵيه‌كان1969-2023.pdf
Erbil,2016-2017,2017,wheat,irrigated,212444,170083,800.6,area=donum(0.25ha);production=t;yield=kg/donum,https://krso.gov.krd/content/upload/1/root/پوخته‌ى-به‌روبوومه‌-كشتوكاڵيه‌كان1969-2023.pdf
Erbil,2016-2017,2017,wheat,rainfed,736539,241594,328,area=donum(0.25ha);production=t;yield=kg/donum,https://krso.gov.krd/content/upload/1/root/پوخته‌ى-به‌روبوومه‌-كشتوكاڵيه‌كان1969-2023.pdf
Erbil,2017-2018,2018,wheat,all,1524060,390159,256,area=donum(0.25ha);production=t;yield=kg/donum,https://krso.gov.krd/content/upload/1/root/پوخته‌ى-به‌روبوومه‌-كشتوكاڵيه‌كان1969-2023.pdf
Erbil,2018-2019,2019,wheat,all,1007611,755708,750,area=donum(0.25ha);production=t;yield=kg/donum,https://krso.gov.krd/content/upload/1/root/پوخته‌ى-به‌روبوومه‌-كشتوكاڵيه‌كان1969-2023.pdf
Erbil,2019-2020,2020,wheat,all_derived,1760236,1320177,750,area=donum(0.25ha);production=t;yield=kg/donum,https://krso.gov.krd/content/upload/1/root/پوخته‌ى-به‌روبوومه‌-كشتوكاڵيه‌كان1969-2023.pdf
Erbil,2019-2020,2020,wheat,irrigated,493572,370179,750,area=donum(0.25ha);production=t;yield=kg/donum,https://krso.gov.krd/content/upload/1/root/پوخته‌ى-به‌روبوومه‌-كشتوكاڵيه‌كان1969-2023.pdf
Erbil,2019-2020,2020,wheat,rainfed,1266664,949998,750,area=donum(0.25ha);production=t;yield=kg/donum,https://krso.gov.krd/content/upload/1/root/پوخته‌ى-به‌روبوومه‌-كشتوكاڵيه‌كان1969-2023.pdf
Erbil,2020-2021,2021,wheat,all,1724029,348352,490,area=donum(0.25ha);production=t;yield=kg/donum,https://krso.gov.krd/content/upload/1/root/پوخته‌ى-به‌روبوومه‌-كشتوكاڵيه‌كان1969-2023.pdf
Erbil,2021-2022,2022,wheat,all,1486672,423954,375,area=donum(0.25ha);production=t;yield=kg/donum,https://krso.gov.krd/content/upload/1/root/پوخته‌ى-به‌روبوومه‌-كشتوكاڵيه‌كان1969-2023.pdf
Erbil,2022-2023,2023,wheat,all,1554363,921739,593,area=donum(0.25ha);production=t;yield=kg/donum,https://krso.gov.krd/content/upload/1/root/پوخته‌ى-به‌روبوومه‌-كشتوكاڵيه‌كان1969-2023.pdf
Sulaymaniyah,1969-1970,1970,wheat,all,221800,61239,276.1,area=donum(0.25ha);production=t;yield=kg/donum,https://krso.gov.krd/content/upload/1/root/پوخته‌ى-به‌روبوومه‌-كشتوكاڵيه‌كان1969-2023.pdf
Sulaymaniyah,1970-1971,1971,wheat,all,161000,52373,325.3,area=donum(0.25ha);production=t;yield=kg/donum,https://krso.gov.krd/content/upload/1/root/پوخته‌ى-به‌روبوومه‌-كشتوكاڵيه‌كان1969-2023.pdf
Sulaymaniyah,1971-1972,1972,wheat,all,308900,94616,306.3,area=donum(0.25ha);production=t;yield=kg/donum,https://krso.gov.krd/content/upload/1/root/پوخته‌ى-به‌روبوومه‌-كشتوكاڵيه‌كان1969-2023.pdf
Sulaymaniyah,1972-1973,1973,wheat,all,268300,81322,303.1,area=donum(0.25ha);production=t;yield=kg/donum,https://krso.gov.krd/content/upload/1/root/پوخته‌ى-به‌روبوومه‌-كشتوكاڵيه‌كان1969-2023.pdf
Sulaymaniyah,1973-1974,1974,wheat,all,220800,66814,302.6,area=donum(0.25ha);production=t;yield=kg/donum,https://krso.gov.krd/content/upload/1/root/پوخته‌ى-به‌روبوومه‌-كشتوكاڵيه‌كان1969-2023.pdf
Sulaymaniyah,1974-1975,1975,wheat,all,164100,51462,313.6,area=donum(0.25ha);production=t;yield=kg/donum,https://krso.gov.krd/content/upload/1/root/پوخته‌ى-به‌روبوومه‌-كشتوكاڵيه‌كان1969-2023.pdf
Sulaymaniyah,1975-1976,1976,wheat,all,399100,91194,228.5,area=donum(0.25ha);production=t;yield=kg/donum,https://krso.gov.krd/content/upload/1/root/پوخته‌ى-به‌روبوومه‌-كشتوكاڵيه‌كان1969-2023.pdf
Sulaymaniyah,1976-1977,1977,wheat,all,388800,90785,233.5,area=donum(0.25ha);production=t;yield=kg/donum,https://krso.gov.krd/content/upload/1/root/پوخته‌ى-به‌روبوومه‌-كشتوكاڵيه‌كان1969-2023.pdf
Sulaymaniyah,1977-1978,1978,wheat,all,375800,102593,273,area=donum(0.25ha);production=t;yield=kg/donum,https://krso.gov.krd/content/upload/1/root/پوخته‌ى-به‌روبوومه‌-كشتوكاڵيه‌كان1969-2023.pdf
Sulaymaniyah,1978-1979,1979,wheat,all,319600,77503,242.5,area=donum(0.25ha);production=t;yield=kg/donum,https://krso.gov.krd/content/upload/1/root/پوخته‌ى-به‌روبوومه‌-كشتوكاڵيه‌كان1969-2023.pdf
Sulaymaniyah,1979-1980,1980,wheat,all,368600,70697,191.8,area=donum(0.25ha);production=t;yield=kg/donum,https://krso.gov.krd/content/upload/1/root/پوخته‌ى-به‌روبوومه‌-كشتوكاڵيه‌كان1969-2023.pdf
Sulaymaniyah,1980-1981,1981,wheat,all,522300,116734,223.5,area=donum(0.25ha);production=t;yield=kg/donum,https://krso.gov.krd/content/upload/1/root/پوخته‌ى-به‌روبوومه‌-كشتوكاڵيه‌كان1969-2023.pdf
Sulaymaniyah,1981-1982,1982,wheat,all,565000,129442,229.1,area=donum(0.25ha);production=t;yield=kg/donum,https://krso.gov.krd/content/upload/1/root/پوخته‌ى-به‌روبوومه‌-كشتوكاڵيه‌كان1969-2023.pdf
Sulaymaniyah,1982-1983,1983,wheat,all,464900,118178,254.2,area=donum(0.25ha);production=t;yield=kg/donum,https://krso.gov.krd/content/upload/1/root/پوخته‌ى-به‌روبوومه‌-كشتوكاڵيه‌كان1969-2023.pdf
Sulaymaniyah,1983-1984,1984,wheat,all,671512,98041,146,area=donum(0.25ha);production=t;yield=kg/donum,https://krso.gov.krd/content/upload/1/root/پوخته‌ى-به‌روبوومه‌-كشتوكاڵيه‌كان1969-2023.pdf
Sulaymaniyah,1984-1985,1985,wheat,all,742709,185677,250,area=donum(0.25ha);production=t;yield=kg/donum,https://krso.gov.krd/content/upload/1/root/پوخته‌ى-به‌روبوومه‌-كشتوكاڵيه‌كان1969-2023.pdf
Sulaymaniyah,1985-1986,1986,wheat,all,428720,95605,223,area=donum(0.25ha);production=t;yield=kg/donum,https://krso.gov.krd/content/upload/1/root/پوخته‌ى-به‌روبوومه‌-كشتوكاڵيه‌كان1969-2023.pdf
Sulaymaniyah,1986-1987,1987,wheat,all,240227,63900,266,area=donum(0.25ha);production=t;yield=kg/donum,https://krso.gov.krd/content/upload/1/root/پوخته‌ى-به‌روبوومه‌-كشتوكاڵيه‌كان1969-2023.pdf
Sulaymaniyah,1987-1988,1988,wheat,all,153994,40962,266,area=donum(0.25ha);production=t;yield=kg/donum,https://krso.gov.krd/content/upload/1/root/پوخته‌ى-به‌روبوومه‌-كشتوكاڵيه‌كان1969-2023.pdf
Sulaymaniyah,1988-1989,1989,wheat,all,136990,27809,203,area=donum(0.25ha);production=t;yield=kg/donum,https://krso.gov.krd/content/upload/1/root/پوخته‌ى-به‌روبوومه‌-كشتوكاڵيه‌كان1969-2023.pdf
Sulaymaniyah,1989-1990,1990,wheat,all,293651,92500,315,area=donum(0.25ha);production=t;yield=kg/donum,https://krso.gov.krd/content/upload/1/root/پوخته‌ى-به‌روبوومه‌-كشتوكاڵيه‌كان1969-2023.pdf
Sulaymaniyah,1990-1991,1991,wheat,all,1306468,180293,138,area=donum(0.25ha);production=t;yield=kg/donum,https://krso.gov.krd/content/upload/1/root/پوخته‌ى-به‌روبوومه‌-كشتوكاڵيه‌كان1969-2023.pdf
Sulaymaniyah,1991-1992,1992,wheat,all,595250,89288,150,area=donum(0.25ha);production=t;yield=kg/donum,https://krso.gov.krd/content/upload/1/root/پوخته‌ى-به‌روبوومه‌-كشتوكاڵيه‌كان1969-2023.pdf
Sulaymaniyah,1992-1993,1993,wheat,all,795343,136004,171,area=donum(0.25ha);production=t;yield=kg/donum,https://krso.gov.krd/content/upload/1/root/پوخته‌ى-به‌روبوومه‌-كشتوكاڵيه‌كان1969-2023.pdf
Sulaymaniyah,1993-1994,1994,wheat,all,840506,245428,292,area=donum(0.25ha);production=t;yield=kg/donum,https://krso.gov.krd/content/upload/1/root/پوخته‌ى-به‌روبوومه‌-كشتوكاڵيه‌كان1969-2023.pdf
Sulaymaniyah,1994-1995,1995,wheat,all,881850,291011,330,area=donum(0.25ha);production=t;yield=kg/donum,https://krso.gov.krd/content/upload/1/root/پوخته‌ى-به‌روبوومه‌-كشتوكاڵيه‌كان1969-2023.pdf
Sulaymaniyah,1995-1996,1996,wheat,all,657532,83507,127,area=donum(0.25ha);production=t;yield=kg/donum,https://krso.gov.krd/content/upload/1/root/پوخته‌ى-به‌روبوومه‌-كشتوكاڵيه‌كان1969-2023.pdf
Sulaymaniyah,1996-1997,1997,wheat,all,565508,120453,213,area=donum(0.25ha);production=t;yield=kg/donum,https://krso.gov.krd/content/upload/1/root/پوخته‌ى-به‌روبوومه‌-كشتوكاڵيه‌كان1969-2023.pdf
Sulaymaniyah,1997-1998,1998,wheat,all,531727,132400,249,area=donum(0.25ha);production=t;yield=kg/donum,https://krso.gov.krd/content/upload/1/root/پوخته‌ى-به‌روبوومه‌-كشتوكاڵيه‌كان1969-2023.pdf
Sulaymaniyah,1998-1999,1999,wheat,all,410184,47909,116.8,area=donum(0.25ha);production=t;yield=kg/donum,https://krso.gov.krd/content/upload/1/root/پوخته‌ى-به‌روبوومه‌-كشتوكاڵيه‌كان1969-2023.pdf
Sulaymaniyah,1999-2000,2000,wheat,all,522447,96600,184.9,area=donum(0.25ha);production=t;yield=kg/donum,https://krso.gov.krd/content/upload/1/root/پوخته‌ى-به‌روبوومه‌-كشتوكاڵيه‌كان1969-2023.pdf
Sulaymaniyah,2000-2001,2001,wheat,all,517902,140300,270.9,area=donum(0.25ha);production=t;yield=kg/donum,https://krso.gov.krd/content/upload/1/root/پوخته‌ى-به‌روبوومه‌-كشتوكاڵيه‌كان1969-2023.pdf
Sulaymaniyah,2001-2002,2002,wheat,all,653299,195010,298.5,area=donum(0.25ha);production=t;yield=kg/donum,https://krso.gov.krd/content/upload/1/root/پوخته‌ى-به‌روبوومه‌-كشتوكاڵيه‌كان1969-2023.pdf
Sulaymaniyah,2002-2003,2003,wheat,all,436760,152866,350,area=donum(0.25ha);production=t;yield=kg/donum,https://krso.gov.krd/content/upload/1/root/پوخته‌ى-به‌روبوومه‌-كشتوكاڵيه‌كان1969-2023.pdf
Sulaymaniyah,2003-2004,2004,wheat,all,280447,100120,357,area=donum(0.25ha);production=t;yield=kg/donum,https://krso.gov.krd/content/upload/1/root/پوخته‌ى-به‌روبوومه‌-كشتوكاڵيه‌كان1969-2023.pdf
Sulaymaniyah,2004-2005,2005,wheat,all,612460,149440,244,area=donum(0.25ha);production=t;yield=kg/donum,https://krso.gov.krd/content/upload/1/root/پوخته‌ى-به‌روبوومه‌-كشتوكاڵيه‌كان1969-2023.pdf
Sulaymaniyah,2005-2006,2006,wheat,all,481638,131006,272,area=donum(0.25ha);production=t;yield=kg/donum,https://krso.gov.krd/content/upload/1/root/پوخته‌ى-به‌روبوومه‌-كشتوكاڵيه‌كان1969-2023.pdf
Sulaymaniyah,2006-2007,2007,wheat,all,590850,283608,480,area=donum(0.25ha);production=t;yield=kg/donum,https://krso.gov.krd/content/upload/1/root/پوخته‌ى-به‌روبوومه‌-كشتوكاڵيه‌كان1969-2023.pdf
Sulaymaniyah,2007-2008,2008,wheat,all,421500,121084,287.27,area=donum(0.25ha);production=t;yield=kg/donum,https://krso.gov.krd/content/upload/1/root/پوخته‌ى-به‌روبوومه‌-كشتوكاڵيه‌كان1969-2023.pdf
Sulaymaniyah,2008-2009,2009,wheat,all,885645,130602,147.47,area=donum(0.25ha);production=t;yield=kg/donum,https://krso.gov.krd/content/upload/1/root/پوخته‌ى-به‌روبوومه‌-كشتوكاڵيه‌كان1969-2023.pdf
Sulaymaniyah,2009-2010,2010,wheat,all,875650,171682,196.06,area=donum(0.25ha);production=t;yield=kg/donum,https://krso.gov.krd/content/upload/1/root/پوخته‌ى-به‌روبوومه‌-كشتوكاڵيه‌كان1969-2023.pdf
Sulaymaniyah,2010-2011,2011,wheat,all,740652,50777,203.57,area=donum(0.25ha);production=t;yield=kg/donum,https://krso.gov.krd/content/upload/1/root/پوخته‌ى-به‌روبوومه‌-كشتوكاڵيه‌كان1969-2023.pdf
Sulaymaniyah,2011-2012,2012,wheat,all,930527,163749,175.97,area=donum(0.25ha);production=t;yield=kg/donum,https://krso.gov.krd/content/upload/1/root/پوخته‌ى-به‌روبوومه‌-كشتوكاڵيه‌كان1969-2023.pdf
Sulaymaniyah,2012-2013,2013,wheat,all,640117,281178,486.9,area=donum(0.25ha);production=t;yield=kg/donum,https://krso.gov.krd/content/upload/1/root/پوخته‌ى-به‌روبوومه‌-كشتوكاڵيه‌كان1969-2023.pdf
Sulaymaniyah,2013-2014,2014,wheat,all,599400,225698,377,area=donum(0.25ha);production=t;yield=kg/donum,https://krso.gov.krd/content/upload/1/root/پوخته‌ى-به‌روبوومه‌-كشتوكاڵيه‌كان1969-2023.pdf
Sulaymaniyah,2014-2015,2015,wheat,all,908400,277428,305,area=donum(0.25ha);production=t;yield=kg/donum,https://krso.gov.krd/content/upload/1/root/پوخته‌ى-به‌روبوومه‌-كشتوكاڵيه‌كان1969-2023.pdf
Sulaymaniyah,2015-2016,2016,wheat,all,817745,587454,718,area=donum(0.25ha);production=t;yield=kg/donum,https://krso.gov.krd/content/upload/1/root/پوخته‌ى-به‌روبوومه‌-كشتوكاڵيه‌كان1969-2023.pdf
Sulaymaniyah,2016-2017,2017,wheat,all_derived,656867,246250,374.9,area=donum(0.25ha);production=t;yield=kg/donum,https://krso.gov.krd/content/upload/1/root/پوخته‌ى-به‌روبوومه‌-كشتوكاڵيه‌كان1969-2023.pdf
Sulaymaniyah,2016-2017,2017,wheat,irrigated,3690,3543,960.2,area=donum(0.25ha);production=t;yield=kg/donum,https://krso.gov.krd/content/upload/1/root/پوخته‌ى-به‌روبوومه‌-كشتوكاڵيه‌كان1969-2023.pdf
Sulaymaniyah,2016-2017,2017,wheat,rainfed,653177,242707,371.6,area=donum(0.25ha);production=t;yield=kg/donum,https://krso.gov.krd/content/upload/1/root/پوخته‌ى-به‌روبوومه‌-كشتوكاڵيه‌كان1969-2023.pdf
Sulaymaniyah,2017-2018,2018,wheat,all,1027300,410920,400,area=donum(0.25ha);production=t;yield=kg/donum,https://krso.gov.krd/content/upload/1/root/پوخته‌ى-به‌روبوومه‌-كشتوكاڵيه‌كان1969-2023.pdf
Sulaymaniyah,2018-2019,2019,wheat,all,1137456,816693,718,area=donum(0.25ha);production=t;yield=kg/donum,https://krso.gov.krd/content/upload/1/root/پوخته‌ى-به‌روبوومه‌-كشتوكاڵيه‌كان1969-2023.pdf
Sulaymaniyah,2019-2020,2020,wheat,all,1046436,732505,700,area=donum(0.25ha);production=t;yield=kg/donum,https://krso.gov.krd/content/upload/1/root/پوخته‌ى-به‌روبوومه‌-كشتوكاڵيه‌كان1969-2023.pdf
Sulaymaniyah,2020-2021,2021,wheat,all,1080636,756445,700,area=donum(0.25ha);production=t;yield=kg/donum,https://krso.gov.krd/content/upload/1/root/پوخته‌ى-به‌روبوومه‌-كشتوكاڵيه‌كان1969-2023.pdf
Sulaymaniyah,2021-2022,2022,wheat,all,1361225,933758,686,area=donum(0.25ha);production=t;yield=kg/donum,https://krso.gov.krd/content/upload/1/root/پوخته‌ى-به‌روبوومه‌-كشتوكاڵيه‌كان1969-2023.pdf
Sulaymaniyah,2022-2023,2023,wheat,all,1243233,817676,658,area=donum(0.25ha);production=t;yield=kg/donum,https://krso.gov.krd/content/upload/1/root/پوخته‌ى-به‌روبوومه‌-كشتوكاڵيه‌كان1969-2023.pdf
Duhok,1969-1970,1970,wheat,all,147200,42438,288.3,area=donum(0.25ha);production=t;yield=kg/donum,https://krso.gov.krd/content/upload/1/root/پوخته‌ى-به‌روبوومه‌-كشتوكاڵيه‌كان1969-2023.pdf
Duhok,1970-1971,1971,wheat,all,366100,98188,268.2,area=donum(0.25ha);production=t;yield=kg/donum,https://krso.gov.krd/content/upload/1/root/پوخته‌ى-به‌روبوومه‌-كشتوكاڵيه‌كان1969-2023.pdf
Duhok,1971-1972,1972,wheat,all,186400,68595,368,area=donum(0.25ha);production=t;yield=kg/donum,https://krso.gov.krd/content/upload/1/root/پوخته‌ى-به‌روبوومه‌-كشتوكاڵيه‌كان1969-2023.pdf
Duhok,1972-1973,1973,wheat,all,178900,37354,208.8,area=donum(0.25ha);production=t;yield=kg/donum,https://krso.gov.krd/content/upload/1/root/پوخته‌ى-به‌روبوومه‌-كشتوكاڵيه‌كان1969-2023.pdf
Duhok,1973-1974,1974,wheat,all,134100,39908,297.6,area=donum(0.25ha);production=t;yield=kg/donum,https://krso.gov.krd/content/upload/1/root/پوخته‌ى-به‌روبوومه‌-كشتوكاڵيه‌كان1969-2023.pdf
Duhok,1974-1975,1975,wheat,all,50600,13475,266.3,area=donum(0.25ha);production=t;yield=kg/donum,https://krso.gov.krd/content/upload/1/root/پوخته‌ى-به‌روبوومه‌-كشتوكاڵيه‌كان1969-2023.pdf
Duhok,1975-1976,1976,wheat,all,121800,32423,266.2,area=donum(0.25ha);production=t;yield=kg/donum,https://krso.gov.krd/content/upload/1/root/پوخته‌ى-به‌روبوومه‌-كشتوكاڵيه‌كان1969-2023.pdf
Duhok,1976-1977,1977,wheat,all,147900,39267,265.5,area=donum(0.25ha);production=t;yield=kg/donum,https://krso.gov.krd/content/upload/1/root/پوخته‌ى-به‌روبوومه‌-كشتوكاڵيه‌كان1969-2023.pdf
Duhok,1977-1978,1978,wheat,all,122800,23395,207.4,area=donum(0.25ha);production=t;yield=kg/donum,https://krso.gov.krd/content/upload/1/root/پوخته‌ى-به‌روبوومه‌-كشتوكاڵيه‌كان1969-2023.pdf
Duhok,1978-1979,1979,wheat,all,129000,37591,291.4,area=donum(0.25ha);production=t;yield=kg/donum,https://krso.gov.krd/content/upload/1/root/پوخته‌ى-به‌روبوومه‌-كشتوكاڵيه‌كان1969-2023.pdf
Duhok,1979-1980,1980,wheat,all,118900,50735,426.7,area=donum(0.25ha);production=t;yield=kg/donum,https://krso.gov.krd/content/upload/1/root/پوخته‌ى-به‌روبوومه‌-كشتوكاڵيه‌كان1969-2023.pdf
Duhok,1980-1981,1981,wheat,all,136900,62413,455.9,area=donum(0.25ha);production=t;yield=kg/donum,https://krso.gov.krd/content/upload/1/root/پوخته‌ى-به‌روبوومه‌-كشتوكاڵيه‌كان1969-2023.pdf
Duhok,1981-1982,1982,wheat,all,143500,54329,378.6,area=donum(0.25ha);production=t;yield=kg/donum,https://krso.gov.krd/content/upload/1/root/پوخته‌ى-به‌روبوومه‌-كشتوكاڵيه‌كان1969-2023.pdf
Duhok,1982-1983,1983,wheat,all,201800,63688,315.6,area=donum(0.25ha);production=t;yield=kg/donum,https://krso.gov.krd/content/upload/1/root/پوخته‌ى-به‌روبوومه‌-كشتوكاڵيه‌كان1969-2023.pdf
Duhok,1983-1984,1984,wheat,all,245012,54148,221,area=donum(0.25ha);production=t;yield=kg/donum,https://krso.gov.krd/content/upload/1/root/پوخته‌ى-به‌روبوومه‌-كشتوكاڵيه‌كان1969-2023.pdf
Duhok,1984-1985,1985,wheat,all,253453,108985,430,area=donum(0.25ha);production=t;yield=kg/donum,https://krso.gov.krd/content/upload/1/root/پوخته‌ى-به‌روبوومه‌-كشتوكاڵيه‌كان1969-2023.pdf
Duhok,1985-1986,1986,wheat,all,227784,100908,443,area=donum(0.25ha);production=t;yield=kg/donum,https://krso.gov.krd/content/upload/1/root/پوخته‌ى-به‌روبوومه‌-كشتوكاڵيه‌كان1969-2023.pdf
Duhok,1986-1987,1987,wheat,all,213440,86016,403,area=donum(0.25ha);production=t;yield=kg/donum,https://krso.gov.krd/content/upload/1/root/پوخته‌ى-به‌روبوومه‌-كشتوكاڵيه‌كان1969-2023.pdf
Duhok,1987-1988,1988,wheat,all,193751,75950,392,area=donum(0.25ha);production=t;yield=kg/donum,https://krso.gov.krd/content/upload/1/root/پوخته‌ى-به‌روبوومه‌-كشتوكاڵيه‌كان1969-2023.pdf
Duhok,1988-1989,1989,wheat,all,192744,50306,261,area=donum(0.25ha);production=t;yield=kg/donum,https://krso.gov.krd/content/upload/1/root/پوخته‌ى-به‌روبوومه‌-كشتوكاڵيه‌كان1969-2023.pdf
Duhok,1989-1990,1990,wheat,all,257055,105393,410,area=donum(0.25ha);production=t;yield=kg/donum,https://krso.gov.krd/content/upload/1/root/پوخته‌ى-به‌روبوومه‌-كشتوكاڵيه‌كان1969-2023.pdf
Duhok,1990-1991,1991,wheat,all,420259,121035,288,area=donum(0.25ha);production=t;yield=kg/donum,https://krso.gov.krd/content/upload/1/root/پوخته‌ى-به‌روبوومه‌-كشتوكاڵيه‌كان1969-2023.pdf
Duhok,1991-1992,1992,wheat,all,325469,76485,235,area=donum(0.25ha);production=t;yield=kg/donum,https://krso.gov.krd/content/upload/1/root/پوخته‌ى-به‌روبوومه‌-كشتوكاڵيه‌كان1969-2023.pdf
Duhok,1992-1993,1993,wheat,all,698731,244556,350,area=donum(0.25ha);production=t;yield=kg/donum,https://krso.gov.krd/content/upload/1/root/پوخته‌ى-به‌روبوومه‌-كشتوكاڵيه‌كان1969-2023.pdf
Duhok,1993-1994,1994,wheat,all,569300,212349,373,area=donum(0.25ha);production=t;yield=kg/donum,https://krso.gov.krd/content/upload/1/root/پوخته‌ى-به‌روبوومه‌-كشتوكاڵيه‌كان1969-2023.pdf
Duhok,1994-1995,1995,wheat,all,569300,212918,374,area=donum(0.25ha);production=t;yield=kg/donum,https://krso.gov.krd/content/upload/1/root/پوخته‌ى-به‌روبوومه‌-كشتوكاڵيه‌كان1969-2023.pdf
Duhok,1995-1996,1996,wheat,all,507388,130399,257,area=donum(0.25ha);production=t;yield=kg/donum,https://krso.gov.krd/content/upload/1/root/پوخته‌ى-به‌روبوومه‌-كشتوكاڵيه‌كان1969-2023.pdf
Duhok,1996-1997,1997,wheat,all,463810,112242,242,area=donum(0.25ha);production=t;yield=kg/donum,https://krso.gov.krd/content/upload/1/root/پوخته‌ى-به‌روبوومه‌-كشتوكاڵيه‌كان1969-2023.pdf
Duhok,1997-1998,1998,wheat,all,335574,104478,311,area=donum(0.25ha);production=t;yield=kg/donum,https://krso.gov.krd/content/upload/1/root/پوخته‌ى-به‌روبوومه‌-كشتوكاڵيه‌كان1969-2023.pdf
Duhok,1998-1999,1999,wheat,all,311450,27003,86.7,area=donum(0.25ha);production=t;yield=kg/donum,https://krso.gov.krd/content/upload/1/root/پوخته‌ى-به‌روبوومه‌-كشتوكاڵيه‌كان1969-2023.pdf
Duhok,1999-2000,2000,wheat,all,319029,77301,242.3,area=donum(0.25ha);production=t;yield=kg/donum,https://krso.gov.krd/content/upload/1/root/پوخته‌ى-به‌روبوومه‌-كشتوكاڵيه‌كان1969-2023.pdf
Duhok,2000-2001,2001,wheat,all,339912,136324,401.1,area=donum(0.25ha);production=t;yield=kg/donum,https://krso.gov.krd/content/upload/1/root/پوخته‌ى-به‌روبوومه‌-كشتوكاڵيه‌كان1969-2023.pdf
Duhok,2001-2002,2002,wheat,all,486077,192869,396.8,area=donum(0.25ha);production=t;yield=kg/donum,https://krso.gov.krd/content/upload/1/root/پوخته‌ى-به‌روبوومه‌-كشتوكاڵيه‌كان1969-2023.pdf
Duhok,2002-2003,2003,wheat,all,507743,141153,278,area=donum(0.25ha);production=t;yield=kg/donum,https://krso.gov.krd/content/upload/1/root/پوخته‌ى-به‌روبوومه‌-كشتوكاڵيه‌كان1969-2023.pdf
Duhok,2003-2004,2004,wheat,all,393240,127842,325.1,area=donum(0.25ha);production=t;yield=kg/donum,https://krso.gov.krd/content/upload/1/root/پوخته‌ى-به‌روبوومه‌-كشتوكاڵيه‌كان1969-2023.pdf
Duhok,2004-2005,2005,wheat,all,512120,152099,297,area=donum(0.25ha);production=t;yield=kg/donum,https://krso.gov.krd/content/upload/1/root/پوخته‌ى-به‌روبوومه‌-كشتوكاڵيه‌كان1969-2023.pdf
Duhok,2005-2006,2006,wheat,all,363258,126714,349,area=donum(0.25ha);production=t;yield=kg/donum,https://krso.gov.krd/content/upload/1/root/پوخته‌ى-به‌روبوومه‌-كشتوكاڵيه‌كان1969-2023.pdf
Duhok,2006-2007,2007,wheat,all,481250,182875,380,area=donum(0.25ha);production=t;yield=kg/donum,https://krso.gov.krd/content/upload/1/root/پوخته‌ى-به‌روبوومه‌-كشتوكاڵيه‌كان1969-2023.pdf
Duhok,2007-2008,2008,wheat,all,452156,82518,182.5,area=donum(0.25ha);production=t;yield=kg/donum,https://krso.gov.krd/content/upload/1/root/پوخته‌ى-به‌روبوومه‌-كشتوكاڵيه‌كان1969-2023.pdf
Duhok,2008-2009,2009,wheat,all,615452,249258,405,area=donum(0.25ha);production=t;yield=kg/donum,https://krso.gov.krd/content/upload/1/root/پوخته‌ى-به‌روبوومه‌-كشتوكاڵيه‌كان1969-2023.pdf
Duhok,2009-2010,2010,wheat,all,845288,233751,276.53,area=donum(0.25ha);production=t;yield=kg/donum,https://krso.gov.krd/content/upload/1/root/پوخته‌ى-به‌روبوومه‌-كشتوكاڵيه‌كان1969-2023.pdf
Duhok,2010-2011,2011,wheat,all,886921,207031,233.43,area=donum(0.25ha);production=t;yield=kg/donum,https://krso.gov.krd/content/upload/1/root/پوخته‌ى-به‌روبوومه‌-كشتوكاڵيه‌كان1969-2023.pdf
Duhok,2011-2012,2012,wheat,all,711148,116243,163,area=donum(0.25ha);production=t;yield=kg/donum,https://krso.gov.krd/content/upload/1/root/پوخته‌ى-به‌روبوومه‌-كشتوكاڵيه‌كان1969-2023.pdf
Duhok,2012-2013,2013,wheat,all,710008,384104,485.9,area=donum(0.25ha);production=t;yield=kg/donum,https://krso.gov.krd/content/upload/1/root/پوخته‌ى-به‌روبوومه‌-كشتوكاڵيه‌كان1969-2023.pdf
Duhok,2013-2014,2014,wheat,all,866410,283125,327,area=donum(0.25ha);production=t;yield=kg/donum,https://krso.gov.krd/content/upload/1/root/پوخته‌ى-به‌روبوومه‌-كشتوكاڵيه‌كان1969-2023.pdf
Duhok,2014-2015,2015,wheat,all,776478,334519,431,area=donum(0.25ha);production=t;yield=kg/donum,https://krso.gov.krd/content/upload/1/root/پوخته‌ى-به‌روبوومه‌-كشتوكاڵيه‌كان1969-2023.pdf
Duhok,2015-2016,2016,wheat,all,690751,329228,477,area=donum(0.25ha);production=t;yield=kg/donum,https://krso.gov.krd/content/upload/1/root/پوخته‌ى-به‌روبوومه‌-كشتوكاڵيه‌كان1969-2023.pdf
Duhok,2016-2017,2017,wheat,all_derived,641462,259456,404.5,area=donum(0.25ha);production=t;yield=kg/donum,https://krso.gov.krd/content/upload/1/root/پوخته‌ى-به‌روبوومه‌-كشتوكاڵيه‌كان1969-2023.pdf
Duhok,2016-2017,2017,wheat,irrigated,6291,5268,837.4,area=donum(0.25ha);production=t;yield=kg/donum,https://krso.gov.krd/content/upload/1/root/پوخته‌ى-به‌روبوومه‌-كشتوكاڵيه‌كان1969-2023.pdf
Duhok,2016-2017,2017,wheat,rainfed,635171,254188,400.2,area=donum(0.25ha);production=t;yield=kg/donum,https://krso.gov.krd/content/upload/1/root/پوخته‌ى-به‌روبوومه‌-كشتوكاڵيه‌كان1969-2023.pdf
Duhok,2017-2018,2018,wheat,all,761277,304511,400,area=donum(0.25ha);production=t;yield=kg/donum,https://krso.gov.krd/content/upload/1/root/پوخته‌ى-به‌روبوومه‌-كشتوكاڵيه‌كان1969-2023.pdf
Duhok,2018-2019,2019,wheat,all,833143,624857,750,area=donum(0.25ha);production=t;yield=kg/donum,https://krso.gov.krd/content/upload/1/root/پوخته‌ى-به‌روبوومه‌-كشتوكاڵيه‌كان1969-2023.pdf
Duhok,2019-2020,2020,wheat,all_derived,954255,715692,750,area=donum(0.25ha);production=t;yield=kg/donum,https://krso.gov.krd/content/upload/1/root/پوخته‌ى-به‌روبوومه‌-كشتوكاڵيه‌كان1969-2023.pdf
Duhok,2019-2020,2020,wheat,irrigated,79590,59693,750,area=donum(0.25ha);production=t;yield=kg/donum,https://krso.gov.krd/content/upload/1/root/پوخته‌ى-به‌روبوومه‌-كشتوكاڵيه‌كان1969-2023.pdf
Duhok,2019-2020,2020,wheat,rainfed,874665,655999,750,area=donum(0.25ha);production=t;yield=kg/donum,https://krso.gov.krd/content/upload/1/root/پوخته‌ى-به‌روبوومه‌-كشتوكاڵيه‌كان1969-2023.pdf
Duhok,2020-2021,2021,wheat,all,967772,725829,750,area=donum(0.25ha);production=t;yield=kg/donum,https://krso.gov.krd/content/upload/1/root/پوخته‌ى-به‌روبوومه‌-كشتوكاڵيه‌كان1969-2023.pdf
Duhok,2021-2022,2022,wheat,all,1023443,479620,468.6,area=donum(0.25ha);production=t;yield=kg/donum,https://krso.gov.krd/content/upload/1/root/پوخته‌ى-به‌روبوومه‌-كشتوكاڵيه‌كان1969-2023.pdf
Duhok,2022-2023,2023,wheat,all,965680,570956,591,area=donum(0.25ha);production=t;yield=kg/donum,https://krso.gov.krd/content/upload/1/root/پوخته‌ى-به‌روبوومه‌-كشتوكاڵيه‌كان1969-2023.pdf
Garmiyan,2012-2013,2013,wheat,all,272719,52992,200,area=donum(0.25ha);production=t;yield=kg/donum,https://krso.gov.krd/content/upload/1/root/پوخته‌ى-به‌روبوومه‌-كشتوكاڵيه‌كان1969-2023.pdf
Garmiyan,2013-2014,2014,wheat,all,161595,36538,226,area=donum(0.25ha);production=t;yield=kg/donum,https://krso.gov.krd/content/upload/1/root/پوخته‌ى-به‌روبوومه‌-كشتوكاڵيه‌كان1969-2023.pdf
Garmiyan,2014-2015,2015,wheat,all,104950,36611,349,area=donum(0.25ha);production=t;yield=kg/donum,https://krso.gov.krd/content/upload/1/root/پوخته‌ى-به‌روبوومه‌-كشتوكاڵيه‌كان1969-2023.pdf
Garmiyan,2015-2016,2016,wheat,all,307051,168706,549,area=donum(0.25ha);production=t;yield=kg/donum,https://krso.gov.krd/content/upload/1/root/پوخته‌ى-به‌روبوومه‌-كشتوكاڵيه‌كان1969-2023.pdf
Garmiyan,2016-2017,2017,wheat,all_derived,350400,71034,202.7,area=donum(0.25ha);production=t;yield=kg/donum,https://krso.gov.krd/content/upload/1/root/پوخته‌ى-به‌روبوومه‌-كشتوكاڵيه‌كان1969-2023.pdf
Garmiyan,2016-2017,2017,wheat,irrigated,46508,18227,392,area=donum(0.25ha);production=t;yield=kg/donum,https://krso.gov.krd/content/upload/1/root/پوخته‌ى-به‌روبوومه‌-كشتوكاڵيه‌كان1969-2023.pdf
Garmiyan,2016-2017,2017,wheat,rainfed,303892,52807,173.8,area=donum(0.25ha);production=t;yield=kg/donum,https://krso.gov.krd/content/upload/1/root/پوخته‌ى-به‌روبوومه‌-كشتوكاڵيه‌كان1969-2023.pdf
Garmiyan,2017-2018,2018,wheat,all,392000,162680,415,area=donum(0.25ha);production=t;yield=kg/donum,https://krso.gov.krd/content/upload/1/root/پوخته‌ى-به‌روبوومه‌-كشتوكاڵيه‌كان1969-2023.pdf
Garmiyan,2018-2019,2019,wheat,all,247618,163180,659,area=donum(0.25ha);production=t;yield=kg/donum,https://krso.gov.krd/content/upload/1/root/پوخته‌ى-به‌روبوومه‌-كشتوكاڵيه‌كان1969-2023.pdf
Garmiyan,2019-2020,2020,wheat,all,287150,99067,345,area=donum(0.25ha);production=t;yield=kg/donum,https://krso.gov.krd/content/upload/1/root/پوخته‌ى-به‌روبوومه‌-كشتوكاڵيه‌كان1969-2023.pdf
Garmiyan,2020-2021,2021,wheat,all,687450,45879,630,area=donum(0.25ha);production=t;yield=kg/donum,https://krso.gov.krd/content/upload/1/root/پوخته‌ى-به‌روبوومه‌-كشتوكاڵيه‌كان1969-2023.pdf
Garmiyan,2021-2022,2022,wheat,all,578950,62216,107,area=donum(0.25ha);production=t;yield=kg/donum,https://krso.gov.krd/content/upload/1/root/پوخته‌ى-به‌روبوومه‌-كشتوكاڵيه‌كان1969-2023.pdf
Garmiyan,2022-2023,2023,wheat,all,578950,62216,107,area=donum(0.25ha);production=t;yield=kg/donum,https://krso.gov.krd/content/upload/1/root/پوخته‌ى-به‌روبوومه‌-كشتوكاڵيه‌كان1969-2023.pdf
Halabja,2016-2017,2017,wheat,all_derived,61375,31066,506.2,area=donum(0.25ha);production=t;yield=kg/donum,https://krso.gov.krd/content/upload/1/root/پوخته‌ى-به‌روبوومه‌-كشتوكاڵيه‌كان1969-2023.pdf
Halabja,2016-2017,2017,wheat,irrigated,13,,,area=donum(0.25ha);production=t;yield=kg/donum,https://krso.gov.krd/content/upload/1/root/پوخته‌ى-به‌روبوومه‌-كشتوكاڵيه‌كان1969-2023.pdf
Halabja,2016-2017,2017,wheat,rainfed,61362,31066,506,area=donum(0.25ha);production=t;yield=kg/donum,https://krso.gov.krd/content/upload/1/root/پوخته‌ى-به‌روبوومه‌-كشتوكاڵيه‌كان1969-2023.pdf
Halabja,2017-2018,2018,wheat,all,69975,41985,600,area=donum(0.25ha);production=t;yield=kg/donum,https://krso.gov.krd/content/upload/1/root/پوخته‌ى-به‌روبوومه‌-كشتوكاڵيه‌كان1969-2023.pdf
Halabja,2018-2019,2019,wheat,all,78219,62575,800,area=donum(0.25ha);production=t;yield=kg/donum,https://krso.gov.krd/content/upload/1/root/پوخته‌ى-به‌روبوومه‌-كشتوكاڵيه‌كان1969-2023.pdf
Halabja,2019-2020,2020,wheat,all,66600,39960,600,area=donum(0.25ha);production=t;yield=kg/donum,https://krso.gov.krd/content/upload/1/root/پوخته‌ى-به‌روبوومه‌-كشتوكاڵيه‌كان1969-2023.pdf
Halabja,2020-2021,2021,wheat,all,60966,48772,800,area=donum(0.25ha);production=t;yield=kg/donum,https://krso.gov.krd/content/upload/1/root/پوخته‌ى-به‌روبوومه‌-كشتوكاڵيه‌كان1969-2023.pdf
Halabja,2021-2022,2022,wheat,all,50416,35291,700,area=donum(0.25ha);production=t;yield=kg/donum,https://krso.gov.krd/content/upload/1/root/پوخته‌ى-به‌روبوومه‌-كشتوكاڵيه‌كان1969-2023.pdf
Halabja,2022-2023,2023,wheat,all,67150,51730,770,area=donum(0.25ha);production=t;yield=kg/donum,https://krso.gov.krd/content/upload/1/root/پوخته‌ى-به‌روبوومه‌-كشتوكاڵيه‌كان1969-2023.pdf
