city,year,radius_km,ring_km2,nodata_km2,water_km2,trees_km2,flooded_veg_km2,crops_km2,built_km2,bare_km2,snow_ice_km2,clouds_km2,rangeland_km2,built_dunam,api_built_km2,api_crops_km2,api_rangeland_km2,api_query_s_10m,api512_built_km2,api_query_s_512px,built_net_change_km2,new_built_gross_km2,new_built_from_crops_km2,new_built_from_rangeland_km2,new_built_from_bare_km2,new_built_from_other_km2,built_lost_gross_km2,crops_to_rangeland_km2,rangeland_to_crops_km2,crops_to_bare_km2,stable_new_built_km2,stable_from_crops_prev_yr_km2,stable_from_rangeland_prev_yr_km2,stable_from_bare_prev_yr_km2,stable_from_ever_cropped_km2
Erbil,2017,25,1963.51,0.0,0.188,0.047,0.0,1041.098,302.941,167.629,0.0,0.0,451.612,121176,302.966,1041.524,451.898,7.35,302.368,1.15,,,,,,,,,,,,,,,
Erbil,2018,25,1963.51,0.0,0.205,0.014,0.001,861.076,318.33,52.893,0.0,0.0,730.994,127332,318.358,861.439,731.371,7.05,316.919,1.02,15.389,23.107,8.347,6.455,8.288,0.016,7.718,219.363,8.678,0.0,12.624,3.625,3.871,5.126,3.625
Erbil,2019,25,1963.51,0.0,0.304,0.083,0.0,1231.343,334.339,19.885,0.0,0.0,377.56,133735,334.369,1231.793,377.848,9.31,333.207,1.08,16.008,27.167,6.544,13.656,6.942,0.024,11.158,1.86,348.937,0.0,12.042,3.278,5.923,2.837,4.192
Erbil,2020,25,1963.51,0.0,0.384,0.126,0.0,1177.616,347.361,13.825,0.0,0.0,424.201,138944,347.393,1178.074,424.48,6.5,346.125,1.4,13.022,22.411,14.892,4.996,2.473,0.05,9.388,73.309,28.349,0.0,9.003,5.887,2.165,0.939,6.154
Erbil,2021,25,1963.51,0.0,0.488,0.034,0.0,944.374,359.616,13.687,0.0,0.0,645.314,143846,359.648,944.789,645.638,7.88,357.847,0.96,12.255,23.869,16.041,5.659,2.08,0.088,11.614,234.333,14.009,0.0,10.357,7.08,2.588,0.68,7.865
Erbil,2022,25,1963.51,0.0,0.401,0.056,0.004,958.839,357.858,16.221,0.0,0.0,630.135,143143,357.89,959.261,630.452,7.99,356.424,1.04,-1.758,16.002,7.8,6.753,1.412,0.038,17.76,59.211,76.037,0.0,9.694,4.645,4.577,0.46,7.266
Erbil,2023,25,1963.51,0.0,0.5,0.032,0.0,1075.138,383.555,11.707,0.0,0.0,492.582,153422,383.59,1075.587,492.87,6.98,381.833,1.08,25.697,32.905,11.639,15.865,5.318,0.082,7.208,21.238,144.753,0.0,17.41,7.914,8.697,0.768,12.867
Slemani,2017,20,1256.64,0.0,0.8,0.014,0.0,360.578,175.762,24.877,0.0,0.0,694.609,70305,175.784,360.75,695.075,4.39,175.729,1.45,,,,,,,,,,,,,,,
Slemani,2018,20,1256.64,0.0,0.907,0.026,0.0,318.7,195.465,9.546,0.0,0.0,731.996,78186,195.491,318.864,732.467,5.83,194.743,0.94,19.703,23.289,6.916,13.475,2.872,0.027,3.586,53.832,15.438,0.0,16.143,4.118,10.165,1.848,4.118
Slemani,2019,20,1256.64,0.0,1.537,0.278,0.0,384.628,211.109,6.84,0.0,0.0,652.249,84443,211.135,384.812,652.699,4.17,210.586,1.0,15.643,20.411,5.898,13.101,1.402,0.01,4.767,9.924,78.314,0.0,11.461,3.327,7.365,0.764,3.855
Slemani,2020,20,1256.64,0.0,0.955,0.33,0.0,388.997,228.169,6.254,0.0,0.0,631.936,91268,228.197,389.189,632.375,5.34,227.844,1.23,17.06,22.113,10.464,10.473,1.025,0.152,5.053,27.814,40.013,0.0,11.093,5.529,5.131,0.407,6.009
Slemani,2021,20,1256.64,0.0,0.653,0.107,0.0,298.825,244.429,6.148,0.0,0.0,706.478,97772,244.461,298.979,706.952,5.31,243.34,1.12,16.26,22.838,11.361,10.339,1.014,0.124,6.578,90.169,9.604,0.0,9.128,4.617,4.281,0.209,5.477
Slemani,2022,20,1256.64,0.0,0.657,0.327,0.0,271.823,235.672,8.288,0.0,0.0,739.874,94269,235.705,271.97,740.353,4.39,235.182,1.21,-8.757,10.154,5.953,3.602,0.588,0.01,18.911,43.329,17.951,0.0,5.747,3.561,2.082,0.1,4.219
Slemani,2023,20,1256.64,0.0,0.861,0.416,0.0,325.392,250.504,6.692,0.0,0.0,672.775,100202,250.544,325.559,673.23,4.92,249.707,1.08,14.832,22.061,5.971,13.719,2.316,0.055,7.229,11.256,66.975,0.0,10.288,3.812,6.278,0.17,5.865
Duhok,2017,20,1256.64,0.0,10.224,3.498,0.0,341.825,101.732,25.802,0.0,0.0,773.559,40693,101.744,342.046,773.942,5.32,101.15,0.87,,,,,,,,,,,,,,,
Duhok,2018,20,1256.64,0.0,8.717,2.783,0.0,325.636,105.904,7.058,0.0,0.0,806.543,42362,105.919,325.849,806.948,4.03,105.42,1.24,4.172,7.31,2.02,3.824,1.433,0.033,3.138,41.586,20.8,0.0,4.32,0.974,2.51,0.825,0.974
Duhok,2019,20,1256.64,0.0,15.67,3.926,0.0,424.017,113.307,2.638,0.0,0.0,697.082,45323,113.324,424.282,697.417,4.25,112.838,1.18,7.403,11.351,1.51,9.008,0.817,0.016,3.947,6.804,102.692,0.0,5.682,0.808,4.421,0.449,1.15
Duhok,2020,20,1256.64,0.0,15.503,3.616,0.001,423.029,121.961,1.627,0.0,0.0,690.904,48784,121.981,423.291,691.241,4.6,121.78,0.79,8.653,11.451,5.803,4.657,0.95,0.042,2.798,26.768,30.436,0.0,5.296,2.87,2.114,0.3,2.982
Duhok,2021,20,1256.64,0.0,13.848,2.918,0.0,313.807,130.994,1.699,0.0,0.0,793.374,52398,131.018,314.014,793.764,6.6,130.636,0.84,9.034,13.174,7.073,5.709,0.314,0.078,4.14,111.448,8.286,0.0,6.667,3.456,3.064,0.108,3.976
Duhok,2022,20,1256.64,0.0,9.661,2.69,0.0,191.594,131.271,3.514,0.0,0.0,917.909,52509,131.297,191.709,918.395,7.16,131.037,0.98,0.277,7.77,3.146,4.396,0.199,0.029,7.492,132.087,11.449,0.0,4.536,1.508,2.994,0.017,2.548
Duhok,2023,20,1256.64,0.0,6.756,2.96,0.0,374.003,145.59,3.284,0.0,0.0,724.047,58236,145.62,374.249,724.409,4.15,145.386,0.98,14.319,18.387,2.406,15.05,0.899,0.032,4.068,3.549,185.165,0.0,11.745,1.924,9.64,0.161,5.584
