lake,date,source,water_km2
Darbandikhan,2008-06-10,landsat-5 path 168,40.59
Darbandikhan,2008-06-26,landsat-5 path 168,37.72
Darbandikhan,2013-06-08,landsat-8 path 168,49.19
Darbandikhan,2017-05-29,Sentinel-2 2A R092,98.36
Darbandikhan,2017-09-06,Sentinel-2 2A R092,61.32
Darbandikhan,2017-09-21,Sentinel-2 2B R092,58.11
Darbandikhan,2017-10-16,Sentinel-2 2A R092,56.22
Darbandikhan,2018-06-08,Sentinel-2 2B R092,48.69
Darbandikhan,2018-06-13,Sentinel-2 2A R092,51.38
Darbandikhan,2018-06-18,Sentinel-2 2B R092,40.39
Darbandikhan,2018-09-21,Sentinel-2 2A R092,40.16
Darbandikhan,2018-09-26,Sentinel-2 2B R092,39.75
Darbandikhan,2018-10-01,Sentinel-2 2A R092,39.73
Darbandikhan,2019-05-24,Sentinel-2 2B R092,99.38
Darbandikhan,2019-05-24,landsat-8 path 168,91.94
Darbandikhan,2019-05-29,Sentinel-2 2A R092,103.77
Darbandikhan,2019-06-03,Sentinel-2 2B R092,102.93
Darbandikhan,2019-09-21,Sentinel-2 2B R092,60.41
Darbandikhan,2019-10-01,Sentinel-2 2B R092,54.77
Darbandikhan,2019-10-11,Sentinel-2 2B R092,52.07
Darbandikhan,2020-06-07,Sentinel-2 2B R092,71.13
Darbandikhan,2020-06-12,Sentinel-2 2A R092,67.80
Darbandikhan,2020-06-17,Sentinel-2 2B R092,68.47
Darbandikhan,2020-09-20,Sentinel-2 2A R092,49.58
Darbandikhan,2020-09-25,Sentinel-2 2B R092,49.12
Darbandikhan,2020-10-10,Sentinel-2 2A R092,46.67
Darbandikhan,2021-05-28,Sentinel-2 2A R092,41.67
Darbandikhan,2021-06-02,Sentinel-2 2B R092,38.50
Darbandikhan,2021-06-07,Sentinel-2 2A R092,40.20
Darbandikhan,2021-09-30,Sentinel-2 2B R092,36.30
Darbandikhan,2021-10-05,Sentinel-2 2A R092,35.80
Darbandikhan,2021-10-10,Sentinel-2 2B R092,33.62
Darbandikhan,2022-05-28,Sentinel-2 2B R092,44.47
Darbandikhan,2022-06-02,Sentinel-2 2A R092,43.18
Darbandikhan,2022-06-12,Sentinel-2 2A R092,44.68
Darbandikhan,2022-09-25,Sentinel-2 2B R092,37.17
Darbandikhan,2022-09-30,Sentinel-2 2A R092,36.66
Darbandikhan,2022-10-05,Sentinel-2 2B R092,35.79
Darbandikhan,2023-06-12,Sentinel-2 2B R092,73.42
Darbandikhan,2023-06-17,Sentinel-2 2A R092,73.53
Darbandikhan,2023-06-22,Sentinel-2 2B R092,73.61
Darbandikhan,2023-09-10,Sentinel-2 2B R092,64.31
Darbandikhan,2023-09-15,Sentinel-2 2A R092,65.07
Darbandikhan,2023-09-20,Sentinel-2 2B R092,63.97
Darbandikhan,2024-05-27,Sentinel-2 2B R092,108.55
Darbandikhan,2024-06-01,Sentinel-2 2A R092,107.37
Darbandikhan,2024-06-06,Sentinel-2 2B R092,106.51
Darbandikhan,2024-09-29,Sentinel-2 2A R092,78.68
Darbandikhan,2024-10-04,Sentinel-2 2B R092,77.02
Darbandikhan,2024-10-09,Sentinel-2 2A R092,74.88
Darbandikhan,2025-05-29,Sentinel-2 2A R092,50.52
Darbandikhan,2025-06-06,Sentinel-2 2C R092,66.24
Darbandikhan,2025-06-08,Sentinel-2 2A R092,66.08
Darbandikhan,2025-09-29,Sentinel-2 2B R092,47.98
Darbandikhan,2025-10-04,Sentinel-2 2C R092,47.26
Darbandikhan,2025-10-06,Sentinel-2 2A R092,47.18
Darbandikhan,2026-06-01,Sentinel-2 2C R092,111.78
Darbandikhan,2026-06-11,Sentinel-2 2C R092,109.82
Darbandikhan,2026-06-13,Sentinel-2 2A R092,109.67
Darbandikhan,2026-09-09,Sentinel-2 2C R092,72.27
Darbandikhan,2026-09-14,Sentinel-2 2B R092,71.37
Darbandikhan,2026-09-21,Sentinel-2 2A R092,69.99
Dukan,2008-06-01,landsat-5 path 169,135.46
Dukan,2008-06-17,landsat-5 path 169,129.58
Dukan,2013-06-15,landsat-8 path 169,196.15
Dukan,2017-09-29,Sentinel-2 2A R135,199.53
Dukan,2017-10-14,Sentinel-2 2B R135,197.42
Dukan,2017-10-19,Sentinel-2 2A R135,196.35
Dukan,2018-06-11,Sentinel-2 2B R135,219.27
Dukan,2018-09-14,Sentinel-2 2A R135,182.09
Dukan,2018-09-24,Sentinel-2 2A R135,178.36
Dukan,2018-09-29,Sentinel-2 2B R135,175.61
Dukan,2019-05-31,landsat-8 path 169,271.89
Dukan,2019-06-16,landsat-8 path 169,270.35
Dukan,2019-09-14,Sentinel-2 2B R135,232.90
Dukan,2019-09-29,Sentinel-2 2A R135,225.25
Dukan,2019-10-04,Sentinel-2 2B R135,223.19
Dukan,2020-05-21,Sentinel-2 2B R135,231.04
Dukan,2020-09-23,Sentinel-2 2A R135,192.08
Dukan,2020-10-13,Sentinel-2 2A R135,186.61
Dukan,2020-10-18,Sentinel-2 2B R135,185.35
Dukan,2021-06-15,Sentinel-2 2B R135,183.38
Dukan,2021-06-25,Sentinel-2 2B R135,181.74
Dukan,2021-09-08,Sentinel-2 2A R135,161.21
Dukan,2021-09-13,Sentinel-2 2B R135,159.67
Dukan,2021-10-08,Sentinel-2 2A R135,149.65
Dukan,2022-05-21,Sentinel-2 2B R135,171.33
Dukan,2022-05-26,Sentinel-2 2A R135,175.50
Dukan,2022-05-31,Sentinel-2 2B R135,175.79
Dukan,2022-09-28,Sentinel-2 2B R135,145.90
Dukan,2022-10-03,Sentinel-2 2A R135,144.54
Dukan,2022-10-08,Sentinel-2 2B R135,142.39
Dukan,2023-06-25,Sentinel-2 2B R135,174.52
Dukan,2023-09-18,Sentinel-2 2A R135,138.28
Dukan,2023-09-23,Sentinel-2 2B R135,134.69
Dukan,2023-09-28,Sentinel-2 2A R135,132.15
Dukan,2024-06-04,Sentinel-2 2A R135,208.58
Dukan,2024-06-14,Sentinel-2 2A R135,208.08
Dukan,2024-09-07,Sentinel-2 2B R135,184.26
Dukan,2024-09-12,Sentinel-2 2A R135,183.69
Dukan,2024-10-27,Sentinel-2 2B R135,169.80
Dukan,2025-05-22,Sentinel-2 2A R135,122.07
Dukan,2025-06-14,Sentinel-2 2B R135,112.85
Dukan,2025-06-21,Sentinel-2 2A R135,111.70
Dukan,2025-09-29,Sentinel-2 2A R135,83.42
Dukan,2025-10-02,Sentinel-2 2B R135,82.72
Dukan,2025-10-07,Sentinel-2 2C R135,81.60
Dukan,2026-05-27,Sentinel-2 2A R135,272.90
Dukan,2026-09-22,Sentinel-2 2C R135,249.49
Dukan,2026-09-24,Sentinel-2 2A R135,250.64
Dukan,2026-09-27,Sentinel-2 2B R135,249.13
