season,field,lon,lat,date,ndvi,valid_frac,item
2024-2025,A_crop_strong,42.78273,36.85761,2024-11-14,0.105,1.0,S2A_MSIL2A_20241114T080201_R035_T38SKF_20241114T110347
2024-2025,A_crop_strong,42.78273,36.85761,2024-12-09,0.115,1.0,S2B_MSIL2A_20241209T080229_R035_T38SKF_20241209T102020
2024-2025,A_crop_strong,42.78273,36.85761,2024-12-26,0.126,1.0,S2B_MSIL2A_20241226T075239_R135_T38SKF_20241226T085842
2024-2025,A_crop_strong,42.78273,36.85761,2025-01-18,0.106,1.0,S2B_MSIL2A_20250118T080149_R035_T38SKF_20250118T090749
2024-2025,A_crop_strong,42.78273,36.85761,2025-01-28,0.112,1.0,S2B_MSIL2A_20250128T080109_R035_T38SKF_20250128T090943
2024-2025,A_crop_strong,42.78273,36.85761,2025-02-17,0.119,1.0,S2B_MSIL2A_20250217T075919_R035_T38SKF_20250217T090646
2024-2025,A_crop_strong,42.78273,36.85761,2025-03-14,0.158,1.0,S2C_MSIL2A_20250314T075731_R035_T38SKF_20250314T120832
2024-2025,A_crop_strong,42.78273,36.85761,2025-03-23,0.169,1.0,S2A_MSIL2A_20250323T075801_R135_T38SKF_20250323T095915
2024-2025,A_crop_strong,42.78273,36.85761,2025-04-18,0.203,1.0,S2B_MSIL2A_20250418T075609_R035_T38SKF_20250418T101902
2024-2025,A_crop_strong,42.78273,36.85761,2025-05-10,0.107,1.0,S2C_MSIL2A_20250510T074631_R135_T38SKF_20250510T113913
2024-2025,A_crop_strong,42.78273,36.85761,2025-05-28,0.114,1.0,S2B_MSIL2A_20250528T075609_R035_T38SKF_20250528T102129
2024-2025,A_crop_strong,42.78273,36.85761,2025-06-27,0.105,1.0,S2B_MSIL2A_20250627T075609_R035_T38SKF_20250627T101903
2024-2025,A_crop_strong,42.78273,36.85761,2025-07-17,0.096,1.0,S2B_MSIL2A_20250717T075609_R035_T38SKF_20250717T085901
2024-2025,A_crop_strong,42.78273,36.85761,2025-07-24,0.092,1.0,S2A_MSIL2A_20250724T080731_R035_T38SKF_20250724T101312
2024-2025,B_fallow_bare,42.79167,36.83763,2024-11-14,0.091,1.0,S2A_MSIL2A_20241114T080201_R035_T38SKF_20241114T110347
2024-2025,B_fallow_bare,42.79167,36.83763,2024-12-09,0.094,1.0,S2B_MSIL2A_20241209T080229_R035_T38SKF_20241209T102020
2024-2025,B_fallow_bare,42.79167,36.83763,2024-12-26,0.102,1.0,S2B_MSIL2A_20241226T075239_R135_T38SKF_20241226T085842
2024-2025,B_fallow_bare,42.79167,36.83763,2025-01-18,0.09,1.0,S2B_MSIL2A_20250118T080149_R035_T38SKF_20250118T090749
2024-2025,B_fallow_bare,42.79167,36.83763,2025-01-28,0.094,1.0,S2B_MSIL2A_20250128T080109_R035_T38SKF_20250128T090943
2024-2025,B_fallow_bare,42.79167,36.83763,2025-02-17,0.095,1.0,S2B_MSIL2A_20250217T075919_R035_T38SKF_20250217T090646
2024-2025,B_fallow_bare,42.79167,36.83763,2025-03-14,0.096,1.0,S2C_MSIL2A_20250314T075731_R035_T38SKF_20250314T120832
2024-2025,B_fallow_bare,42.79167,36.83763,2025-03-23,0.098,1.0,S2A_MSIL2A_20250323T075801_R135_T38SKF_20250323T095915
2024-2025,B_fallow_bare,42.79167,36.83763,2025-04-18,0.1,1.0,S2B_MSIL2A_20250418T075609_R035_T38SKF_20250418T101902
2024-2025,B_fallow_bare,42.79167,36.83763,2025-05-10,0.083,1.0,S2C_MSIL2A_20250510T074631_R135_T38SKF_20250510T113913
2024-2025,B_fallow_bare,42.79167,36.83763,2025-05-28,0.077,1.0,S2B_MSIL2A_20250528T075609_R035_T38SKF_20250528T102129
2024-2025,B_fallow_bare,42.79167,36.83763,2025-06-27,0.083,1.0,S2B_MSIL2A_20250627T075609_R035_T38SKF_20250627T101903
2024-2025,B_fallow_bare,42.79167,36.83763,2025-07-17,0.063,1.0,S2B_MSIL2A_20250717T075609_R035_T38SKF_20250717T085901
2024-2025,B_fallow_bare,42.79167,36.83763,2025-07-24,0.075,1.0,S2A_MSIL2A_20250724T080731_R035_T38SKF_20250724T101312
2024-2025,C_summer_green,42.82376,36.82922,2024-11-14,0.101,1.0,S2A_MSIL2A_20241114T080201_R035_T38SKF_20241114T110347
2024-2025,C_summer_green,42.82376,36.82922,2024-12-09,0.117,1.0,S2B_MSIL2A_20241209T080229_R035_T38SKF_20241209T102020
2024-2025,C_summer_green,42.82376,36.82922,2024-12-26,0.123,1.0,S2B_MSIL2A_20241226T075239_R135_T38SKF_20241226T085842
2024-2025,C_summer_green,42.82376,36.82922,2025-01-18,0.125,1.0,S2B_MSIL2A_20250118T080149_R035_T38SKF_20250118T090749
2024-2025,C_summer_green,42.82376,36.82922,2025-01-28,0.118,1.0,S2B_MSIL2A_20250128T080109_R035_T38SKF_20250128T090943
2024-2025,C_summer_green,42.82376,36.82922,2025-02-17,0.156,1.0,S2B_MSIL2A_20250217T075919_R035_T38SKF_20250217T090646
2024-2025,C_summer_green,42.82376,36.82922,2025-03-14,0.365,1.0,S2C_MSIL2A_20250314T075731_R035_T38SKF_20250314T120832
2024-2025,C_summer_green,42.82376,36.82922,2025-03-23,0.543,1.0,S2A_MSIL2A_20250323T075801_R135_T38SKF_20250323T095915
2024-2025,C_summer_green,42.82376,36.82922,2025-04-18,0.909,1.0,S2B_MSIL2A_20250418T075609_R035_T38SKF_20250418T101902
2024-2025,C_summer_green,42.82376,36.82922,2025-05-10,0.752,1.0,S2C_MSIL2A_20250510T074631_R135_T38SKF_20250510T113913
2024-2025,C_summer_green,42.82376,36.82922,2025-05-28,0.38,1.0,S2B_MSIL2A_20250528T075609_R035_T38SKF_20250528T102129
2024-2025,C_summer_green,42.82376,36.82922,2025-06-27,0.101,1.0,S2B_MSIL2A_20250627T075609_R035_T38SKF_20250627T101903
2024-2025,C_summer_green,42.82376,36.82922,2025-07-17,0.135,1.0,S2B_MSIL2A_20250717T075609_R035_T38SKF_20250717T085901
2024-2025,C_summer_green,42.82376,36.82922,2025-07-24,0.243,1.0,S2A_MSIL2A_20250724T080731_R035_T38SKF_20250724T101312
2024-2025,D_weak_green,42.80745,36.83711,2024-11-14,0.116,1.0,S2A_MSIL2A_20241114T080201_R035_T38SKF_20241114T110347
2024-2025,D_weak_green,42.80745,36.83711,2024-12-09,0.118,1.0,S2B_MSIL2A_20241209T080229_R035_T38SKF_20241209T102020
2024-2025,D_weak_green,42.80745,36.83711,2024-12-26,0.124,1.0,S2B_MSIL2A_20241226T075239_R135_T38SKF_20241226T085842
2024-2025,D_weak_green,42.80745,36.83711,2025-01-18,0.109,1.0,S2B_MSIL2A_20250118T080149_R035_T38SKF_20250118T090749
2024-2025,D_weak_green,42.80745,36.83711,2025-01-28,0.114,1.0,S2B_MSIL2A_20250128T080109_R035_T38SKF_20250128T090943
2024-2025,D_weak_green,42.80745,36.83711,2025-02-17,0.122,1.0,S2B_MSIL2A_20250217T075919_R035_T38SKF_20250217T090646
2024-2025,D_weak_green,42.80745,36.83711,2025-03-14,0.23,1.0,S2C_MSIL2A_20250314T075731_R035_T38SKF_20250314T120832
2024-2025,D_weak_green,42.80745,36.83711,2025-03-23,0.431,1.0,S2A_MSIL2A_20250323T075801_R135_T38SKF_20250323T095915
2024-2025,D_weak_green,42.80745,36.83711,2025-04-18,0.882,1.0,S2B_MSIL2A_20250418T075609_R035_T38SKF_20250418T101902
2024-2025,D_weak_green,42.80745,36.83711,2025-05-10,0.535,1.0,S2C_MSIL2A_20250510T074631_R135_T38SKF_20250510T113913
2024-2025,D_weak_green,42.80745,36.83711,2025-05-28,0.208,1.0,S2B_MSIL2A_20250528T075609_R035_T38SKF_20250528T102129
2024-2025,D_weak_green,42.80745,36.83711,2025-06-27,0.091,1.0,S2B_MSIL2A_20250627T075609_R035_T38SKF_20250627T101903
2024-2025,D_weak_green,42.80745,36.83711,2025-07-17,0.067,1.0,S2B_MSIL2A_20250717T075609_R035_T38SKF_20250717T085901
2024-2025,D_weak_green,42.80745,36.83711,2025-07-24,0.083,1.0,S2A_MSIL2A_20250724T080731_R035_T38SKF_20250724T101312
2024-2025,E_crop_now_bare_prev,42.79377,36.84657,2024-11-14,0.105,1.0,S2A_MSIL2A_20241114T080201_R035_T38SKF_20241114T110347
2024-2025,E_crop_now_bare_prev,42.79377,36.84657,2024-12-09,0.112,1.0,S2B_MSIL2A_20241209T080229_R035_T38SKF_20241209T102020
2024-2025,E_crop_now_bare_prev,42.79377,36.84657,2024-12-26,0.114,1.0,S2B_MSIL2A_20241226T075239_R135_T38SKF_20241226T085842
2024-2025,E_crop_now_bare_prev,42.79377,36.84657,2025-01-18,0.097,1.0,S2B_MSIL2A_20250118T080149_R035_T38SKF_20250118T090749
2024-2025,E_crop_now_bare_prev,42.79377,36.84657,2025-01-28,0.106,1.0,S2B_MSIL2A_20250128T080109_R035_T38SKF_20250128T090943
2024-2025,E_crop_now_bare_prev,42.79377,36.84657,2025-02-17,0.109,1.0,S2B_MSIL2A_20250217T075919_R035_T38SKF_20250217T090646
2024-2025,E_crop_now_bare_prev,42.79377,36.84657,2025-03-14,0.112,1.0,S2C_MSIL2A_20250314T075731_R035_T38SKF_20250314T120832
2024-2025,E_crop_now_bare_prev,42.79377,36.84657,2025-03-23,0.113,1.0,S2A_MSIL2A_20250323T075801_R135_T38SKF_20250323T095915
2024-2025,E_crop_now_bare_prev,42.79377,36.84657,2025-04-18,0.111,1.0,S2B_MSIL2A_20250418T075609_R035_T38SKF_20250418T101902
2024-2025,E_crop_now_bare_prev,42.79377,36.84657,2025-05-10,0.086,1.0,S2C_MSIL2A_20250510T074631_R135_T38SKF_20250510T113913
2024-2025,E_crop_now_bare_prev,42.79377,36.84657,2025-05-28,0.086,1.0,S2B_MSIL2A_20250528T075609_R035_T38SKF_20250528T102129
2024-2025,E_crop_now_bare_prev,42.79377,36.84657,2025-06-27,0.087,1.0,S2B_MSIL2A_20250627T075609_R035_T38SKF_20250627T101903
2024-2025,E_crop_now_bare_prev,42.79377,36.84657,2025-07-17,0.067,1.0,S2B_MSIL2A_20250717T075609_R035_T38SKF_20250717T085901
2024-2025,E_crop_now_bare_prev,42.79377,36.84657,2025-07-24,0.076,1.0,S2A_MSIL2A_20250724T080731_R035_T38SKF_20250724T101312
2024-2025,F_crop_both_years,42.80851,36.84237,2024-11-14,0.119,1.0,S2A_MSIL2A_20241114T080201_R035_T38SKF_20241114T110347
2024-2025,F_crop_both_years,42.80851,36.84237,2024-12-09,0.118,1.0,S2B_MSIL2A_20241209T080229_R035_T38SKF_20241209T102020
2024-2025,F_crop_both_years,42.80851,36.84237,2024-12-26,0.124,1.0,S2B_MSIL2A_20241226T075239_R135_T38SKF_20241226T085842
2024-2025,F_crop_both_years,42.80851,36.84237,2025-01-18,0.13,1.0,S2B_MSIL2A_20250118T080149_R035_T38SKF_20250118T090749
2024-2025,F_crop_both_years,42.80851,36.84237,2025-01-28,0.141,1.0,S2B_MSIL2A_20250128T080109_R035_T38SKF_20250128T090943
2024-2025,F_crop_both_years,42.80851,36.84237,2025-02-17,0.19,1.0,S2B_MSIL2A_20250217T075919_R035_T38SKF_20250217T090646
2024-2025,F_crop_both_years,42.80851,36.84237,2025-03-14,0.577,1.0,S2C_MSIL2A_20250314T075731_R035_T38SKF_20250314T120832
2024-2025,F_crop_both_years,42.80851,36.84237,2025-03-23,0.827,1.0,S2A_MSIL2A_20250323T075801_R135_T38SKF_20250323T095915
2024-2025,F_crop_both_years,42.80851,36.84237,2025-04-18,0.955,1.0,S2B_MSIL2A_20250418T075609_R035_T38SKF_20250418T101902
2024-2025,F_crop_both_years,42.80851,36.84237,2025-05-10,0.756,1.0,S2C_MSIL2A_20250510T074631_R135_T38SKF_20250510T113913
2024-2025,F_crop_both_years,42.80851,36.84237,2025-05-28,0.241,1.0,S2B_MSIL2A_20250528T075609_R035_T38SKF_20250528T102129
2024-2025,F_crop_both_years,42.80851,36.84237,2025-06-27,0.127,1.0,S2B_MSIL2A_20250627T075609_R035_T38SKF_20250627T101903
2024-2025,F_crop_both_years,42.80851,36.84237,2025-07-17,0.081,1.0,S2B_MSIL2A_20250717T075609_R035_T38SKF_20250717T085901
2024-2025,F_crop_both_years,42.80851,36.84237,2025-07-24,0.096,1.0,S2A_MSIL2A_20250724T080731_R035_T38SKF_20250724T101312
2025-2026,A_crop_strong,42.78273,36.85761,2025-11-09,0.104,1.0,S2C_MSIL2A_20251109T080151_R035_T38SKF_20251109T110913
2025-2026,A_crop_strong,42.78273,36.85761,2025-11-28,0.111,1.0,S2A_MSIL2A_20251128T075311_R135_T38SKF_20251128T112218
2025-2026,A_crop_strong,42.78273,36.85761,2025-12-24,0.224,1.0,S2B_MSIL2A_20251224T080239_R035_T38SKF_20251224T101530
2025-2026,A_crop_strong,42.78273,36.85761,2026-01-03,0.246,1.0,S2B_MSIL2A_20260103T080229_R035_T38SKF_20260103T095323
2025-2026,A_crop_strong,42.78273,36.85761,2026-01-25,0.298,1.0,S2C_MSIL2A_20260125T075211_R135_T38SKF_20260125T105810
2025-2026,A_crop_strong,42.78273,36.85761,2026-02-19,0.57,1.0,S2B_MSIL2A_20260219T074849_R135_T38SKF_20260219T100315
2025-2026,A_crop_strong,42.78273,36.85761,2026-03-11,0.769,1.0,S2A_MSIL2A_20260311T080021_R035_T38SKF_20260311T114913
2025-2026,A_crop_strong,42.78273,36.85761,2026-04-05,,0.0,S2C_MSIL2A_20260405T074611_R135_T38SKF_20260405T114613
2025-2026,A_crop_strong,42.78273,36.85761,2026-04-23,0.941,1.0,S2B_MSIL2A_20260423T075609_R035_T38SKF_20260423T101317
2025-2026,A_crop_strong,42.78273,36.85761,2026-04-30,0.969,1.0,S2B_MSIL2A_20260430T074609_R135_T38SKF_20260430T094650
2025-2026,A_crop_strong,42.78273,36.85761,2026-06-07,0.186,1.0,S2C_MSIL2A_20260607T075611_R035_T38SKF_20260607T114318
2025-2026,A_crop_strong,42.78273,36.85761,2026-06-24,0.13,1.0,S2C_MSIL2A_20260624T074611_R135_T38SKF_20260624T112009
2025-2026,A_crop_strong,42.78273,36.85761,2026-07-17,0.118,1.0,S2C_MSIL2A_20260717T075611_R035_T38SKF_20260717T113521
2025-2026,A_crop_strong,42.78273,36.85761,2026-07-29,0.113,1.0,S2A_MSIL2A_20260729T080021_R035_T38SKF_20260729T113422
2025-2026,B_fallow_bare,42.79167,36.83763,2025-11-09,0.086,1.0,S2C_MSIL2A_20251109T080151_R035_T38SKF_20251109T110913
2025-2026,B_fallow_bare,42.79167,36.83763,2025-11-28,0.089,1.0,S2A_MSIL2A_20251128T075311_R135_T38SKF_20251128T112218
2025-2026,B_fallow_bare,42.79167,36.83763,2025-12-24,0.088,1.0,S2B_MSIL2A_20251224T080239_R035_T38SKF_20251224T101530
2025-2026,B_fallow_bare,42.79167,36.83763,2026-01-03,0.131,1.0,S2B_MSIL2A_20260103T080229_R035_T38SKF_20260103T095323
2025-2026,B_fallow_bare,42.79167,36.83763,2026-01-25,0.127,1.0,S2C_MSIL2A_20260125T075211_R135_T38SKF_20260125T105810
2025-2026,B_fallow_bare,42.79167,36.83763,2026-02-19,0.114,1.0,S2B_MSIL2A_20260219T074849_R135_T38SKF_20260219T100315
2025-2026,B_fallow_bare,42.79167,36.83763,2026-03-11,0.115,1.0,S2A_MSIL2A_20260311T080021_R035_T38SKF_20260311T114913
2025-2026,B_fallow_bare,42.79167,36.83763,2026-04-05,0.074,1.0,S2C_MSIL2A_20260405T074611_R135_T38SKF_20260405T114613
2025-2026,B_fallow_bare,42.79167,36.83763,2026-04-23,0.093,1.0,S2B_MSIL2A_20260423T075609_R035_T38SKF_20260423T101317
2025-2026,B_fallow_bare,42.79167,36.83763,2026-04-30,0.113,1.0,S2B_MSIL2A_20260430T074609_R135_T38SKF_20260430T094650
2025-2026,B_fallow_bare,42.79167,36.83763,2026-06-07,0.081,1.0,S2C_MSIL2A_20260607T075611_R035_T38SKF_20260607T114318
2025-2026,B_fallow_bare,42.79167,36.83763,2026-06-24,0.109,1.0,S2C_MSIL2A_20260624T074611_R135_T38SKF_20260624T112009
2025-2026,B_fallow_bare,42.79167,36.83763,2026-07-17,0.129,1.0,S2C_MSIL2A_20260717T075611_R035_T38SKF_20260717T113521
2025-2026,B_fallow_bare,42.79167,36.83763,2026-07-29,0.126,1.0,S2A_MSIL2A_20260729T080021_R035_T38SKF_20260729T113422
2025-2026,C_summer_green,42.82376,36.82922,2025-11-09,0.12,1.0,S2C_MSIL2A_20251109T080151_R035_T38SKF_20251109T110913
2025-2026,C_summer_green,42.82376,36.82922,2025-11-28,0.124,1.0,S2A_MSIL2A_20251128T075311_R135_T38SKF_20251128T112218
2025-2026,C_summer_green,42.82376,36.82922,2025-12-24,0.79,1.0,S2B_MSIL2A_20251224T080239_R035_T38SKF_20251224T101530
2025-2026,C_summer_green,42.82376,36.82922,2026-01-03,0.748,1.0,S2B_MSIL2A_20260103T080229_R035_T38SKF_20260103T095323
2025-2026,C_summer_green,42.82376,36.82922,2026-01-25,0.806,1.0,S2C_MSIL2A_20260125T075211_R135_T38SKF_20260125T105810
2025-2026,C_summer_green,42.82376,36.82922,2026-02-19,0.905,1.0,S2B_MSIL2A_20260219T074849_R135_T38SKF_20260219T100315
2025-2026,C_summer_green,42.82376,36.82922,2026-03-11,0.866,1.0,S2A_MSIL2A_20260311T080021_R035_T38SKF_20260311T114913
2025-2026,C_summer_green,42.82376,36.82922,2026-04-05,0.885,1.0,S2C_MSIL2A_20260405T074611_R135_T38SKF_20260405T114613
2025-2026,C_summer_green,42.82376,36.82922,2026-04-23,0.922,1.0,S2B_MSIL2A_20260423T075609_R035_T38SKF_20260423T101317
2025-2026,C_summer_green,42.82376,36.82922,2026-04-30,0.944,1.0,S2B_MSIL2A_20260430T074609_R135_T38SKF_20260430T094650
2025-2026,C_summer_green,42.82376,36.82922,2026-06-07,0.159,1.0,S2C_MSIL2A_20260607T075611_R035_T38SKF_20260607T114318
2025-2026,C_summer_green,42.82376,36.82922,2026-06-24,0.11,1.0,S2C_MSIL2A_20260624T074611_R135_T38SKF_20260624T112009
2025-2026,C_summer_green,42.82376,36.82922,2026-07-17,0.099,1.0,S2C_MSIL2A_20260717T075611_R035_T38SKF_20260717T113521
2025-2026,C_summer_green,42.82376,36.82922,2026-07-29,0.144,1.0,S2A_MSIL2A_20260729T080021_R035_T38SKF_20260729T113422
2025-2026,D_weak_green,42.80745,36.83711,2025-11-09,0.105,1.0,S2C_MSIL2A_20251109T080151_R035_T38SKF_20251109T110913
2025-2026,D_weak_green,42.80745,36.83711,2025-11-28,0.108,1.0,S2A_MSIL2A_20251128T075311_R135_T38SKF_20251128T112218
2025-2026,D_weak_green,42.80745,36.83711,2025-12-24,0.156,1.0,S2B_MSIL2A_20251224T080239_R035_T38SKF_20251224T101530
2025-2026,D_weak_green,42.80745,36.83711,2026-01-03,0.17,1.0,S2B_MSIL2A_20260103T080229_R035_T38SKF_20260103T095323
2025-2026,D_weak_green,42.80745,36.83711,2026-01-25,0.153,1.0,S2C_MSIL2A_20260125T075211_R135_T38SKF_20260125T105810
2025-2026,D_weak_green,42.80745,36.83711,2026-02-19,0.145,1.0,S2B_MSIL2A_20260219T074849_R135_T38SKF_20260219T100315
2025-2026,D_weak_green,42.80745,36.83711,2026-03-11,0.131,1.0,S2A_MSIL2A_20260311T080021_R035_T38SKF_20260311T114913
2025-2026,D_weak_green,42.80745,36.83711,2026-04-05,0.202,1.0,S2C_MSIL2A_20260405T074611_R135_T38SKF_20260405T114613
2025-2026,D_weak_green,42.80745,36.83711,2026-04-23,0.16,1.0,S2B_MSIL2A_20260423T075609_R035_T38SKF_20260423T101317
2025-2026,D_weak_green,42.80745,36.83711,2026-04-30,0.348,1.0,S2B_MSIL2A_20260430T074609_R135_T38SKF_20260430T094650
2025-2026,D_weak_green,42.80745,36.83711,2026-06-07,0.96,1.0,S2C_MSIL2A_20260607T075611_R035_T38SKF_20260607T114318
2025-2026,D_weak_green,42.80745,36.83711,2026-06-24,0.843,1.0,S2C_MSIL2A_20260624T074611_R135_T38SKF_20260624T112009
2025-2026,D_weak_green,42.80745,36.83711,2026-07-17,0.739,1.0,S2C_MSIL2A_20260717T075611_R035_T38SKF_20260717T113521
2025-2026,D_weak_green,42.80745,36.83711,2026-07-29,0.13,1.0,S2A_MSIL2A_20260729T080021_R035_T38SKF_20260729T113422
2025-2026,E_crop_now_bare_prev,42.79377,36.84657,2025-11-09,0.088,1.0,S2C_MSIL2A_20251109T080151_R035_T38SKF_20251109T110913
2025-2026,E_crop_now_bare_prev,42.79377,36.84657,2025-11-28,0.108,1.0,S2A_MSIL2A_20251128T075311_R135_T38SKF_20251128T112218
2025-2026,E_crop_now_bare_prev,42.79377,36.84657,2025-12-24,0.168,1.0,S2B_MSIL2A_20251224T080239_R035_T38SKF_20251224T101530
2025-2026,E_crop_now_bare_prev,42.79377,36.84657,2026-01-03,0.175,1.0,S2B_MSIL2A_20260103T080229_R035_T38SKF_20260103T095323
2025-2026,E_crop_now_bare_prev,42.79377,36.84657,2026-01-25,0.296,1.0,S2C_MSIL2A_20260125T075211_R135_T38SKF_20260125T105810
2025-2026,E_crop_now_bare_prev,42.79377,36.84657,2026-02-19,0.62,1.0,S2B_MSIL2A_20260219T074849_R135_T38SKF_20260219T100315
2025-2026,E_crop_now_bare_prev,42.79377,36.84657,2026-03-11,0.817,1.0,S2A_MSIL2A_20260311T080021_R035_T38SKF_20260311T114913
2025-2026,E_crop_now_bare_prev,42.79377,36.84657,2026-04-05,0.866,1.0,S2C_MSIL2A_20260405T074611_R135_T38SKF_20260405T114613
2025-2026,E_crop_now_bare_prev,42.79377,36.84657,2026-04-23,0.939,1.0,S2B_MSIL2A_20260423T075609_R035_T38SKF_20260423T101317
2025-2026,E_crop_now_bare_prev,42.79377,36.84657,2026-04-30,0.962,1.0,S2B_MSIL2A_20260430T074609_R135_T38SKF_20260430T094650
2025-2026,E_crop_now_bare_prev,42.79377,36.84657,2026-06-07,0.192,1.0,S2C_MSIL2A_20260607T075611_R035_T38SKF_20260607T114318
2025-2026,E_crop_now_bare_prev,42.79377,36.84657,2026-06-24,0.648,1.0,S2C_MSIL2A_20260624T074611_R135_T38SKF_20260624T112009
2025-2026,E_crop_now_bare_prev,42.79377,36.84657,2026-07-17,0.118,1.0,S2C_MSIL2A_20260717T075611_R035_T38SKF_20260717T113521
2025-2026,E_crop_now_bare_prev,42.79377,36.84657,2026-07-29,0.087,1.0,S2A_MSIL2A_20260729T080021_R035_T38SKF_20260729T113422
2025-2026,F_crop_both_years,42.80851,36.84237,2025-11-09,0.114,1.0,S2C_MSIL2A_20251109T080151_R035_T38SKF_20251109T110913
2025-2026,F_crop_both_years,42.80851,36.84237,2025-11-28,0.124,1.0,S2A_MSIL2A_20251128T075311_R135_T38SKF_20251128T112218
2025-2026,F_crop_both_years,42.80851,36.84237,2025-12-24,0.224,1.0,S2B_MSIL2A_20251224T080239_R035_T38SKF_20251224T101530
2025-2026,F_crop_both_years,42.80851,36.84237,2026-01-03,0.257,1.0,S2B_MSIL2A_20260103T080229_R035_T38SKF_20260103T095323
2025-2026,F_crop_both_years,42.80851,36.84237,2026-01-25,0.358,1.0,S2C_MSIL2A_20260125T075211_R135_T38SKF_20260125T105810
2025-2026,F_crop_both_years,42.80851,36.84237,2026-02-19,0.773,1.0,S2B_MSIL2A_20260219T074849_R135_T38SKF_20260219T100315
2025-2026,F_crop_both_years,42.80851,36.84237,2026-03-11,0.873,1.0,S2A_MSIL2A_20260311T080021_R035_T38SKF_20260311T114913
2025-2026,F_crop_both_years,42.80851,36.84237,2026-04-05,,0.0,S2C_MSIL2A_20260405T074611_R135_T38SKF_20260405T114613
2025-2026,F_crop_both_years,42.80851,36.84237,2026-04-23,0.932,1.0,S2B_MSIL2A_20260423T075609_R035_T38SKF_20260423T101317
2025-2026,F_crop_both_years,42.80851,36.84237,2026-04-30,0.962,1.0,S2B_MSIL2A_20260430T074609_R135_T38SKF_20260430T094650
2025-2026,F_crop_both_years,42.80851,36.84237,2026-06-07,0.188,1.0,S2C_MSIL2A_20260607T075611_R035_T38SKF_20260607T114318
2025-2026,F_crop_both_years,42.80851,36.84237,2026-06-24,0.109,1.0,S2C_MSIL2A_20260624T074611_R135_T38SKF_20260624T112009
2025-2026,F_crop_both_years,42.80851,36.84237,2026-07-17,0.106,1.0,S2C_MSIL2A_20260717T075611_R035_T38SKF_20260717T113521
2025-2026,F_crop_both_years,42.80851,36.84237,2026-07-29,0.104,1.0,S2A_MSIL2A_20260729T080021_R035_T38SKF_20260729T113422
