window,harvest_year,frac_winter_crop,frac_winter_crop_T40,frac_winter_crop_T50,frac_fallow_bare,frac_weak_green_030_045,frac_summer_green,sown_share_of_arable,median_spring_ndvi_crop_px,valid_px,valid_frac,spring_dates,summer_dates,note
erbil_plain,2018,0.549,0.597,0.502,0.3,0.145,0.152,0.647,0.763,83484,1.0,2018-03-18 2018-04-02 2018-04-17,2018-07-31 2018-08-25,
erbil_plain,2019,0.731,0.746,0.712,0.099,0.045,0.171,0.881,0.862,83416,0.999,2019-04-12 2019-05-02,2019-07-31 2019-08-25,
erbil_plain,2020,0.646,0.674,0.617,0.157,0.077,0.198,0.805,0.72,74299,0.89,2020-04-26,2020-07-25 2020-08-29,
erbil_plain,2021,0.462,0.506,0.425,0.256,0.137,0.282,0.644,0.793,83431,0.999,2021-03-07 2021-04-01 2021-05-01,2021-07-20 2021-08-24,
erbil_plain,2022,0.369,0.396,0.349,0.267,0.096,0.364,0.581,0.845,83490,1.0,2022-04-11 2022-04-16,2022-08-04 2022-08-29,
erbil_plain,2023,0.562,0.581,0.543,0.122,0.053,0.316,0.822,0.835,83416,0.999,2023-03-07 2023-04-06 2023-04-26,2023-08-04 2023-08-24,
erbil_plain,2024,0.667,0.68,0.653,0.091,0.041,0.242,0.879,0.878,83395,0.999,2024-03-11 2024-04-05 2024-04-25,2024-07-29 2024-08-28,
erbil_plain,2025,0.539,0.558,0.519,0.185,0.054,0.276,0.745,0.825,83418,0.999,2025-03-06 2025-04-12 2025-05-05,2025-07-19 2025-08-23,
erbil_plain,2026,0.589,0.604,0.574,0.132,0.05,0.279,0.817,0.878,83425,0.999,2026-03-18 2026-04-15 2026-04-30,2026-08-05 2026-08-25,
koya_plain,2018,0.368,0.439,0.297,0.61,0.214,0.021,0.376,0.585,83391,0.998,2018-03-13 2018-04-02 2018-04-17,2018-08-05 2018-08-10,
koya_plain,2019,0.642,0.696,0.584,0.322,0.155,0.036,0.666,0.702,83354,0.998,2019-03-13 2019-04-12 2019-05-02,2019-08-05 2019-08-20,
koya_plain,2020,0.473,0.53,0.413,0.497,0.168,0.029,0.488,0.646,82537,0.988,2020-05-01,2020-07-30 2020-08-19,
koya_plain,2021,0.269,0.347,0.192,0.714,0.246,0.017,0.274,0.543,83495,1.0,2021-03-07 2021-04-01 2021-04-16,2021-07-25 2021-08-24,
koya_plain,2022,0.239,0.292,0.192,0.741,0.19,0.019,0.244,0.581,83520,1.0,2022-04-06 2022-04-16,2022-07-20 2022-08-29,
koya_plain,2023,0.608,0.65,0.564,0.365,0.139,0.027,0.625,0.761,83468,0.999,2023-03-07 2023-04-06 2023-04-26,2023-07-30 2023-08-14,
koya_plain,2024,0.608,0.656,0.557,0.366,0.149,0.026,0.624,0.706,83457,0.999,2024-03-16 2024-04-05 2024-04-25,2024-07-29 2024-08-28,
koya_plain,2025,0.024,0.041,0.016,0.964,0.094,0.012,0.025,0.534,83504,1.0,2025-03-16 2025-04-12 2025-04-22,2025-08-03 2025-08-30,
koya_plain,2026,0.612,0.658,0.567,0.351,0.137,0.036,0.635,0.732,83217,0.996,2026-03-18 2026-04-15 2026-04-17,2026-08-05 2026-08-28,
sumel_plain,2018,0.231,0.308,0.162,0.726,0.223,0.043,0.241,0.547,82556,1.0,2018-03-13 2018-04-02 2018-04-17,2018-08-05 2018-08-28,
sumel_plain,2019,0.766,0.792,0.737,0.143,0.067,0.09,0.842,0.789,82499,0.999,2019-03-06 2019-04-12 2019-05-05,2019-08-03 2019-08-28,
sumel_plain,2020,0.675,0.698,0.651,0.253,0.072,0.072,0.727,0.794,82514,0.999,2020-03-10 2020-04-14 2020-04-19,2020-08-07 2020-08-27,
sumel_plain,2021,0.247,0.303,0.194,0.689,0.216,0.064,0.264,0.571,82556,1.0,2021-03-07 2021-04-14 2021-04-29,2021-07-20 2021-08-22,
sumel_plain,2022,0.103,0.135,0.08,0.822,0.152,0.076,0.111,0.647,82550,1.0,2022-03-07 2022-04-04 2022-04-16,2022-08-07 2022-08-27,
sumel_plain,2023,0.572,0.602,0.539,0.329,0.094,0.099,0.635,0.76,82536,1.0,2023-03-07 2023-04-06 2023-04-26,2023-08-07 2023-08-27,
sumel_plain,2024,0.649,0.669,0.627,0.278,0.061,0.073,0.7,0.883,82539,1.0,2024-03-11 2024-04-05 2024-04-18,2024-08-06 2024-08-31,
sumel_plain,2025,0.115,0.124,0.107,0.784,0.033,0.101,0.128,0.818,82525,1.0,2025-03-14 2025-03-29 2025-04-18,2025-08-01 2025-08-31,
sumel_plain,2026,0.711,0.727,0.694,0.17,0.05,0.119,0.807,0.887,82521,1.0,2026-03-11 2026-04-10 2026-04-30,2026-08-06 2026-08-28,
