year,month,governorate,burned_km2_cropland,burned_km2_natural,burned_km2_other
2019,5,Dohuk,7.07,0.86,0.68
2019,5,Erbil,12.18,3.23,1.87
2019,5,Al-Sulaimaniyah,2.06,1.01,0.19
2019,5,Kirkuk,70.38,62.45,44.09
2019,5,Ninawa,13.48,3.23,3.72
2019,6,Dohuk,3.27,11.53,0.0
2019,6,Erbil,49.95,44.34,7.74
2019,6,Al-Sulaimaniyah,7.91,83.01,3.76
2019,6,Kirkuk,292.22,54.78,134.25
2019,6,Ninawa,1711.43,126.84,25.77
2019,7,Dohuk,0.8,69.99,0.31
2019,7,Erbil,93.83,3.47,1.37
2019,7,Al-Sulaimaniyah,3.77,91.12,0.0
2019,7,Kirkuk,168.08,33.55,80.27
2019,7,Ninawa,1569.52,96.65,30.75
2024,5,Dohuk,0.0,0.31,0.0
2024,5,Erbil,33.41,3.1,1.68
2024,5,Al-Sulaimaniyah,67.73,37.45,3.05
2024,5,Kirkuk,98.09,20.85,14.34
2024,5,Ninawa,67.24,12.35,3.58
2024,6,Dohuk,9.72,5.71,0.18
2024,6,Erbil,19.76,9.34,0.12
2024,6,Al-Sulaimaniyah,24.48,48.59,0.44
2024,6,Kirkuk,92.73,51.4,2.82
2024,6,Ninawa,332.66,40.11,3.71
