year,month,governorate,item,burned_pixels,valid_pixels,unmapped_or_water_pixels,burned_km2,burned_dunam,error
2001,5,Al-Sulaimaniyah,MCD64A1.A2001121.h21v05.061.2021307220921,0,132935.0,681.0,0.0,0,
2001,5,Dohuk,MCD64A1.A2001121.h21v05.061.2021307220921,0,50350.0,832.0,0.0,0,
2001,5,Erbil,MCD64A1.A2001121.h21v05.061.2021307220921,20.0,106664.0,42.0,2.55,1019,
2001,5,Kirkuk,MCD64A1.A2001121.h21v05.061.2021307220921,107.0,82404.0,1.0,13.84,5535,
2001,5,Ninawa,MCD64A1.A2001121.h21v05.061.2021307220921,11.0,288002.0,823.0,1.42,567,
2001,6,Al-Sulaimaniyah,MCD64A1.A2001152.h21v05.061.2021307221015,91.0,132936.0,681.0,11.73,4691,
2001,6,Dohuk,MCD64A1.A2001152.h21v05.061.2021307221015,0,50350.0,832.0,0.0,0,
2001,6,Erbil,MCD64A1.A2001152.h21v05.061.2021307221015,42.0,106675.0,42.0,5.35,2139,
2001,6,Kirkuk,MCD64A1.A2001152.h21v05.061.2021307221015,127.0,82412.0,1.0,16.42,6569,
2001,6,Ninawa,MCD64A1.A2001152.h21v05.061.2021307221015,286.0,288002.0,823.0,36.86,14745,
2001,7,Al-Sulaimaniyah,MCD64A1.A2001182.h21v05.061.2021307221122,59.0,132936.0,681.0,7.6,3042,
2001,7,Dohuk,MCD64A1.A2001182.h21v05.061.2021307221122,195.0,50350.0,832.0,24.56,9823,
2001,7,Erbil,MCD64A1.A2001182.h21v05.061.2021307221122,210.0,106675.0,42.0,26.74,10695,
2001,7,Kirkuk,MCD64A1.A2001182.h21v05.061.2021307221122,28.0,82412.0,1.0,3.62,1448,
2001,7,Ninawa,MCD64A1.A2001182.h21v05.061.2021307221122,315.0,288002.0,823.0,40.6,16240,
2002,5,Al-Sulaimaniyah,MCD64A1.A2002121.h21v05.061.2021307210108,52.0,132936.0,1008.0,6.7,2681,
2002,5,Dohuk,MCD64A1.A2002121.h21v05.061.2021307210108,0,50350.0,905.0,0.0,0,
2002,5,Erbil,MCD64A1.A2002121.h21v05.061.2021307210108,0,106675.0,22.0,0.0,0,
2002,5,Kirkuk,MCD64A1.A2002121.h21v05.061.2021307210108,94.0,82412.0,0.0,12.16,4862,
2002,5,Ninawa,MCD64A1.A2002121.h21v05.061.2021307210108,0,288002.0,818.0,0.0,0,
2002,6,Al-Sulaimaniyah,MCD64A1.A2002152.h21v05.061.2021308093128,197.0,132936.0,1008.0,25.39,10156,
2002,6,Dohuk,MCD64A1.A2002152.h21v05.061.2021308093128,11.0,50350.0,905.0,1.39,554,
2002,6,Erbil,MCD64A1.A2002152.h21v05.061.2021308093128,146.0,106675.0,22.0,18.59,7436,
2002,6,Kirkuk,MCD64A1.A2002152.h21v05.061.2021308093128,760.0,82412.0,0.0,98.27,39310,
2002,6,Ninawa,MCD64A1.A2002152.h21v05.061.2021308093128,886.0,288002.0,818.0,114.2,45679,
2002,7,Al-Sulaimaniyah,MCD64A1.A2002182.h21v05.061.2021308093236,122.0,132936.0,1008.0,15.72,6289,
2002,7,Dohuk,MCD64A1.A2002182.h21v05.061.2021308093236,372.0,50350.0,905.0,46.85,18739,
2002,7,Erbil,MCD64A1.A2002182.h21v05.061.2021308093236,183.0,106675.0,22.0,23.3,9320,
2002,7,Kirkuk,MCD64A1.A2002182.h21v05.061.2021308093236,165.0,82412.0,0.0,21.34,8534,
2002,7,Ninawa,MCD64A1.A2002182.h21v05.061.2021308093236,679.0,288002.0,818.0,87.52,35007,
2003,5,Al-Sulaimaniyah,MCD64A1.A2003121.h21v05.061.2021308094447,1.0,132936.0,1435.0,0.13,52,
2003,5,Dohuk,MCD64A1.A2003121.h21v05.061.2021308094447,0,50350.0,1050.0,0.0,0,
2003,5,Erbil,MCD64A1.A2003121.h21v05.061.2021308094447,0,106675.0,11.0,0.0,0,
2003,5,Kirkuk,MCD64A1.A2003121.h21v05.061.2021308094447,57.0,82412.0,0.0,7.37,2948,
2003,5,Ninawa,MCD64A1.A2003121.h21v05.061.2021308094447,24.0,288002.0,896.0,3.09,1237,
2003,6,Al-Sulaimaniyah,MCD64A1.A2003152.h21v05.061.2021308094602,363.0,132936.0,1435.0,46.78,18713,
2003,6,Dohuk,MCD64A1.A2003152.h21v05.061.2021308094602,80.0,50350.0,1050.0,10.07,4030,
2003,6,Erbil,MCD64A1.A2003152.h21v05.061.2021308094602,84.0,106675.0,11.0,10.7,4278,
2003,6,Kirkuk,MCD64A1.A2003152.h21v05.061.2021308094602,873.0,82412.0,0.0,112.89,45155,
2003,6,Ninawa,MCD64A1.A2003152.h21v05.061.2021308094602,733.0,288002.0,896.0,94.48,37791,
2003,7,Al-Sulaimaniyah,MCD64A1.A2003182.h21v05.061.2021308094711,216.0,132936.0,1435.0,27.84,11135,
2003,7,Dohuk,MCD64A1.A2003182.h21v05.061.2021308094711,249.0,50350.0,1050.0,31.36,12543,
2003,7,Erbil,MCD64A1.A2003182.h21v05.061.2021308094711,172.0,106675.0,11.0,21.9,8760,
2003,7,Kirkuk,MCD64A1.A2003182.h21v05.061.2021308094711,581.0,82412.0,0.0,75.13,30051,
2003,7,Ninawa,MCD64A1.A2003182.h21v05.061.2021308094711,628.0,288002.0,896.0,80.94,32377,
2004,5,Al-Sulaimaniyah,MCD64A1.A2004122.h21v05.061.2021308221645,60.0,132936.0,1517.0,7.73,3093,
2004,5,Dohuk,MCD64A1.A2004122.h21v05.061.2021308221645,0,50350.0,964.0,0.0,0,
2004,5,Erbil,MCD64A1.A2004122.h21v05.061.2021308221645,59.0,106675.0,0.0,7.51,3005,
2004,5,Kirkuk,MCD64A1.A2004122.h21v05.061.2021308221645,366.0,82412.0,0.0,47.33,18931,
2004,5,Ninawa,MCD64A1.A2004122.h21v05.061.2021308221645,62.0,288002.0,790.0,7.99,3196,
2004,6,Al-Sulaimaniyah,MCD64A1.A2004153.h21v05.061.2021308221801,207.0,132936.0,1517.0,26.68,10671,
2004,6,Dohuk,MCD64A1.A2004153.h21v05.061.2021308221801,3.0,50350.0,964.0,0.38,151,
2004,6,Erbil,MCD64A1.A2004153.h21v05.061.2021308221801,33.0,106675.0,0.0,4.2,1681,
2004,6,Kirkuk,MCD64A1.A2004153.h21v05.061.2021308221801,81.0,82412.0,0.0,10.47,4190,
2004,6,Ninawa,MCD64A1.A2004153.h21v05.061.2021308221801,24.0,288002.0,790.0,3.09,1237,
2004,7,Al-Sulaimaniyah,MCD64A1.A2004183.h21v05.061.2021308221930,230.0,132936.0,1517.0,29.64,11857,
2004,7,Dohuk,MCD64A1.A2004183.h21v05.061.2021308221930,182.0,50350.0,964.0,22.92,9168,
2004,7,Erbil,MCD64A1.A2004183.h21v05.061.2021308221930,0,106675.0,0.0,0.0,0,
2004,7,Kirkuk,MCD64A1.A2004183.h21v05.061.2021308221930,54.0,82412.0,0.0,6.98,2793,
2004,7,Ninawa,MCD64A1.A2004183.h21v05.061.2021308221930,142.0,288002.0,790.0,18.3,7321,
2005,5,Al-Sulaimaniyah,MCD64A1.A2005121.h21v05.061.2021308223305,0,132936.0,1460.0,0.0,0,
2005,5,Dohuk,MCD64A1.A2005121.h21v05.061.2021308223305,18.0,50350.0,1051.0,2.27,907,
2005,5,Erbil,MCD64A1.A2005121.h21v05.061.2021308223305,0,106675.0,1.0,0.0,0,
2005,5,Kirkuk,MCD64A1.A2005121.h21v05.061.2021308223305,154.0,82412.0,0.0,19.91,7965,
2005,5,Ninawa,MCD64A1.A2005121.h21v05.061.2021308223305,44.0,288002.0,847.0,5.67,2268,
2005,6,Al-Sulaimaniyah,MCD64A1.A2005152.h21v05.061.2021308223426,47.0,132936.0,1460.0,6.06,2423,
2005,6,Dohuk,MCD64A1.A2005152.h21v05.061.2021308223426,0,50350.0,1051.0,0.0,0,
2005,6,Erbil,MCD64A1.A2005152.h21v05.061.2021308223426,0,106675.0,1.0,0.0,0,
2005,6,Kirkuk,MCD64A1.A2005152.h21v05.061.2021308223426,0,82412.0,0.0,0.0,0,
2005,6,Ninawa,MCD64A1.A2005152.h21v05.061.2021308223426,58.0,288002.0,847.0,7.48,2990,
2005,7,Al-Sulaimaniyah,MCD64A1.A2005182.h21v05.061.2021308223553,17.0,132936.0,1460.0,2.19,876,
2005,7,Dohuk,MCD64A1.A2005182.h21v05.061.2021308223553,50.0,50350.0,1051.0,6.3,2519,
2005,7,Erbil,MCD64A1.A2005182.h21v05.061.2021308223553,232.0,106675.0,1.0,29.54,11816,
2005,7,Kirkuk,MCD64A1.A2005182.h21v05.061.2021308223553,0,82412.0,0.0,0.0,0,
2005,7,Ninawa,MCD64A1.A2005182.h21v05.061.2021308223553,131.0,288002.0,847.0,16.88,6754,
2006,5,Al-Sulaimaniyah,MCD64A1.A2006121.h21v05.061.2021308225403,0,132936.0,869.0,0.0,0,
2006,5,Dohuk,MCD64A1.A2006121.h21v05.061.2021308225403,0,50350.0,824.0,0.0,0,
2006,5,Erbil,MCD64A1.A2006121.h21v05.061.2021308225403,0,106675.0,2.0,0.0,0,
2006,5,Kirkuk,MCD64A1.A2006121.h21v05.061.2021308225403,349.0,82391.0,0.0,45.14,18056,
2006,5,Ninawa,MCD64A1.A2006121.h21v05.061.2021308225403,30.0,288002.0,691.0,3.87,1547,
2006,6,Al-Sulaimaniyah,MCD64A1.A2006152.h21v05.061.2021308225542,45.0,132936.0,869.0,5.8,2320,
2006,6,Dohuk,MCD64A1.A2006152.h21v05.061.2021308225542,2.0,50350.0,824.0,0.25,101,
2006,6,Erbil,MCD64A1.A2006152.h21v05.061.2021308225542,0,106675.0,2.0,0.0,0,
2006,6,Kirkuk,MCD64A1.A2006152.h21v05.061.2021308225542,0,82387.0,0.0,0.0,0,
2006,6,Ninawa,MCD64A1.A2006152.h21v05.061.2021308225542,6.0,288002.0,691.0,0.77,309,
2006,7,Al-Sulaimaniyah,MCD64A1.A2006182.h21v05.061.2021308225647,249.0,132936.0,869.0,32.09,12836,
2006,7,Dohuk,MCD64A1.A2006182.h21v05.061.2021308225647,11.0,50350.0,824.0,1.39,554,
2006,7,Erbil,MCD64A1.A2006182.h21v05.061.2021308225647,95.0,106675.0,2.0,12.1,4838,
2006,7,Kirkuk,MCD64A1.A2006182.h21v05.061.2021308225647,0,82395.0,0.0,0.0,0,
2006,7,Ninawa,MCD64A1.A2006182.h21v05.061.2021308225647,69.0,288002.0,691.0,8.89,3557,
2007,5,Al-Sulaimaniyah,MCD64A1.A2007121.h21v05.061.2021308231333,0,132936.0,883.0,0.0,0,
2007,5,Dohuk,MCD64A1.A2007121.h21v05.061.2021308231333,23.0,50350.0,784.0,2.9,1159,
2007,5,Erbil,MCD64A1.A2007121.h21v05.061.2021308231333,22.0,106675.0,2.0,2.8,1120,
2007,5,Kirkuk,MCD64A1.A2007121.h21v05.061.2021308231333,0,82412.0,3.0,0.0,0,
2007,5,Ninawa,MCD64A1.A2007121.h21v05.061.2021308231333,6.0,288002.0,660.0,0.77,309,
2007,6,Al-Sulaimaniyah,MCD64A1.A2007152.h21v05.061.2021308231531,616.0,132936.0,883.0,79.39,31756,
2007,6,Dohuk,MCD64A1.A2007152.h21v05.061.2021308231531,1.0,50350.0,784.0,0.13,50,
2007,6,Erbil,MCD64A1.A2007152.h21v05.061.2021308231531,48.0,106675.0,2.0,6.11,2445,
2007,6,Kirkuk,MCD64A1.A2007152.h21v05.061.2021308231531,0,82412.0,3.0,0.0,0,
2007,6,Ninawa,MCD64A1.A2007152.h21v05.061.2021308231531,88.0,288002.0,660.0,11.34,4537,
2007,7,Al-Sulaimaniyah,MCD64A1.A2007182.h21v05.061.2021308231637,269.0,132936.0,883.0,34.67,13867,
2007,7,Dohuk,MCD64A1.A2007182.h21v05.061.2021308231637,211.0,50350.0,784.0,26.57,10629,
2007,7,Erbil,MCD64A1.A2007182.h21v05.061.2021308231637,9.0,106675.0,2.0,1.15,458,
2007,7,Kirkuk,MCD64A1.A2007182.h21v05.061.2021308231637,9.0,82412.0,3.0,1.16,466,
2007,7,Ninawa,MCD64A1.A2007182.h21v05.061.2021308231637,118.0,288002.0,660.0,15.21,6084,
2008,5,Al-Sulaimaniyah,MCD64A1.A2008122.h21v05.061.2021308233230,0,132936.0,810.0,0.0,0,
2008,5,Dohuk,MCD64A1.A2008122.h21v05.061.2021308233230,5.0,50350.0,674.0,0.63,252,
2008,5,Erbil,MCD64A1.A2008122.h21v05.061.2021308233230,1.0,106675.0,5.0,0.13,51,
2008,5,Kirkuk,MCD64A1.A2008122.h21v05.061.2021308233230,0,82381.0,0.0,0.0,0,
2008,5,Ninawa,MCD64A1.A2008122.h21v05.061.2021308233230,0,288002.0,585.0,0.0,0,
2008,6,Al-Sulaimaniyah,MCD64A1.A2008153.h21v05.061.2021308233404,0,132936.0,810.0,0.0,0,
2008,6,Dohuk,MCD64A1.A2008153.h21v05.061.2021308233404,94.0,50350.0,674.0,11.84,4735,
2008,6,Erbil,MCD64A1.A2008153.h21v05.061.2021308233404,8.0,106675.0,5.0,1.02,407,
2008,6,Kirkuk,MCD64A1.A2008153.h21v05.061.2021308233404,0,82375.0,0.0,0.0,0,
2008,6,Ninawa,MCD64A1.A2008153.h21v05.061.2021308233404,86.0,288002.0,585.0,11.08,4434,
2008,7,Al-Sulaimaniyah,MCD64A1.A2008183.h21v05.061.2021308233556,21.0,132936.0,810.0,2.71,1083,
2008,7,Dohuk,MCD64A1.A2008183.h21v05.061.2021308233556,419.0,50350.0,674.0,52.77,21107,
2008,7,Erbil,MCD64A1.A2008183.h21v05.061.2021308233556,9.0,106675.0,5.0,1.15,458,
2008,7,Kirkuk,MCD64A1.A2008183.h21v05.061.2021308233556,0,82375.0,0.0,0.0,0,
2008,7,Ninawa,MCD64A1.A2008183.h21v05.061.2021308233556,12.0,288002.0,585.0,1.55,619,
2009,5,Al-Sulaimaniyah,MCD64A1.A2009121.h21v05.061.2021308235230,0,132936.0,691.0,0.0,0,
2009,5,Dohuk,MCD64A1.A2009121.h21v05.061.2021308235230,0,50350.0,649.0,0.0,0,
2009,5,Erbil,MCD64A1.A2009121.h21v05.061.2021308235230,0,106675.0,6.0,0.0,0,
2009,5,Kirkuk,MCD64A1.A2009121.h21v05.061.2021308235230,0,82412.0,0.0,0.0,0,
2009,5,Ninawa,MCD64A1.A2009121.h21v05.061.2021308235230,0,288002.0,539.0,0.0,0,
2009,6,Al-Sulaimaniyah,MCD64A1.A2009152.h21v05.061.2021308235357,111.0,132936.0,691.0,14.31,5722,
2009,6,Dohuk,MCD64A1.A2009152.h21v05.061.2021308235357,6.0,50350.0,649.0,0.76,302,
2009,6,Erbil,MCD64A1.A2009152.h21v05.061.2021308235357,0,106675.0,6.0,0.0,0,
2009,6,Kirkuk,MCD64A1.A2009152.h21v05.061.2021308235357,0,82398.0,0.0,0.0,0,
2009,6,Ninawa,MCD64A1.A2009152.h21v05.061.2021308235357,0,288002.0,539.0,0.0,0,
2009,7,Al-Sulaimaniyah,MCD64A1.A2009182.h21v05.061.2021308235526,58.0,132936.0,691.0,7.47,2990,
2009,7,Dohuk,MCD64A1.A2009182.h21v05.061.2021308235526,0,50350.0,649.0,0.0,0,
2009,7,Erbil,MCD64A1.A2009182.h21v05.061.2021308235526,5.0,106675.0,6.0,0.64,255,
2009,7,Kirkuk,MCD64A1.A2009182.h21v05.061.2021308235526,0,82398.0,0.0,0.0,0,
2009,7,Ninawa,MCD64A1.A2009182.h21v05.061.2021308235526,0,288002.0,539.0,0.0,0,
2010,5,Al-Sulaimaniyah,MCD64A1.A2010121.h21v05.061.2021309001201,22.0,132936.0,529.0,2.84,1134,
2010,5,Dohuk,MCD64A1.A2010121.h21v05.061.2021309001201,90.0,50350.0,617.0,11.33,4534,
2010,5,Erbil,MCD64A1.A2010121.h21v05.061.2021309001201,52.0,106675.0,16.0,6.62,2648,
2010,5,Kirkuk,MCD64A1.A2010121.h21v05.061.2021309001201,5.0,82377.0,0.0,0.65,259,
2010,5,Ninawa,MCD64A1.A2010121.h21v05.061.2021309001201,593.0,288002.0,509.0,76.43,30573,
2010,6,Al-Sulaimaniyah,MCD64A1.A2010152.h21v05.061.2021309001332,477.0,132936.0,529.0,61.48,24590,
2010,6,Dohuk,MCD64A1.A2010152.h21v05.061.2021309001332,34.0,50350.0,617.0,4.28,1713,
2010,6,Erbil,MCD64A1.A2010152.h21v05.061.2021309001332,387.0,106675.0,16.0,49.27,19710,
2010,6,Kirkuk,MCD64A1.A2010152.h21v05.061.2021309001332,2.0,82378.0,0.0,0.26,103,
2010,6,Ninawa,MCD64A1.A2010152.h21v05.061.2021309001332,1080.0,288002.0,509.0,139.2,55680,
2010,7,Al-Sulaimaniyah,MCD64A1.A2010182.h21v05.061.2021309001454,1215.0,132936.0,529.0,156.59,62635,
2010,7,Dohuk,MCD64A1.A2010182.h21v05.061.2021309001454,690.0,50350.0,617.0,86.9,34759,
2010,7,Erbil,MCD64A1.A2010182.h21v05.061.2021309001454,410.0,106675.0,16.0,52.2,20881,
2010,7,Kirkuk,MCD64A1.A2010182.h21v05.061.2021309001454,37.0,82377.0,0.0,4.79,1915,
2010,7,Ninawa,MCD64A1.A2010182.h21v05.061.2021309001454,2710.0,288002.0,509.0,349.29,139717,
2011,5,Al-Sulaimaniyah,MCD64A1.A2011121.h21v05.061.2021309003405,0,132936.0,661.0,0.0,0,
2011,5,Dohuk,MCD64A1.A2011121.h21v05.061.2021309003405,0,50350.0,577.0,0.0,0,
2011,5,Erbil,MCD64A1.A2011121.h21v05.061.2021309003405,1.0,106675.0,6.0,0.13,51,
2011,5,Kirkuk,MCD64A1.A2011121.h21v05.061.2021309003405,0,82395.0,0.0,0.0,0,
2011,5,Ninawa,MCD64A1.A2011121.h21v05.061.2021309003405,49.0,288002.0,487.0,6.32,2526,
2011,6,Al-Sulaimaniyah,MCD64A1.A2011152.h21v05.061.2021309003534,81.0,132936.0,661.0,10.44,4176,
2011,6,Dohuk,MCD64A1.A2011152.h21v05.061.2021309003534,0,50350.0,577.0,0.0,0,
2011,6,Erbil,MCD64A1.A2011152.h21v05.061.2021309003534,0,106675.0,6.0,0.0,0,
2011,6,Kirkuk,MCD64A1.A2011152.h21v05.061.2021309003534,0,82387.0,0.0,0.0,0,
2011,6,Ninawa,MCD64A1.A2011152.h21v05.061.2021309003534,11.0,288002.0,487.0,1.42,567,
2011,7,Al-Sulaimaniyah,MCD64A1.A2011182.h21v05.061.2021309003708,689.0,132936.0,661.0,88.8,35519,
2011,7,Dohuk,MCD64A1.A2011182.h21v05.061.2021309003708,26.0,50350.0,577.0,3.27,1310,
2011,7,Erbil,MCD64A1.A2011182.h21v05.061.2021309003708,153.0,106675.0,6.0,19.48,7792,
2011,7,Kirkuk,MCD64A1.A2011182.h21v05.061.2021309003708,0,82387.0,0.0,0.0,0,
2011,7,Ninawa,MCD64A1.A2011182.h21v05.061.2021309003708,64.0,288002.0,487.0,8.25,3300,
2012,5,Al-Sulaimaniyah,MCD64A1.A2012122.h21v05.061.2021309005337,0,132936.0,739.0,0.0,0,
2012,5,Dohuk,MCD64A1.A2012122.h21v05.061.2021309005337,0,50350.0,696.0,0.0,0,
2012,5,Erbil,MCD64A1.A2012122.h21v05.061.2021309005337,2.0,106675.0,1.0,0.25,102,
2012,5,Kirkuk,MCD64A1.A2012122.h21v05.061.2021309005337,0,82364.0,0.0,0.0,0,
2012,5,Ninawa,MCD64A1.A2012122.h21v05.061.2021309005337,0,288002.0,530.0,0.0,0,
2012,6,Al-Sulaimaniyah,MCD64A1.A2012153.h21v05.061.2021309005502,28.0,132936.0,739.0,3.61,1443,
2012,6,Dohuk,MCD64A1.A2012153.h21v05.061.2021309005502,48.0,50350.0,696.0,6.04,2418,
2012,6,Erbil,MCD64A1.A2012153.h21v05.061.2021309005502,59.0,106675.0,1.0,7.51,3005,
2012,6,Kirkuk,MCD64A1.A2012153.h21v05.061.2021309005502,0,82361.0,0.0,0.0,0,
2012,6,Ninawa,MCD64A1.A2012153.h21v05.061.2021309005502,0,288002.0,530.0,0.0,0,
2012,7,Al-Sulaimaniyah,MCD64A1.A2012183.h21v05.061.2021309005635,158.0,132936.0,739.0,20.36,8145,
2012,7,Dohuk,MCD64A1.A2012183.h21v05.061.2021309005635,212.0,50350.0,696.0,26.7,10679,
2012,7,Erbil,MCD64A1.A2012183.h21v05.061.2021309005635,97.0,106675.0,1.0,12.35,4940,
2012,7,Kirkuk,MCD64A1.A2012183.h21v05.061.2021309005635,0,82365.0,0.0,0.0,0,
2012,7,Ninawa,MCD64A1.A2012183.h21v05.061.2021309005635,23.0,288002.0,530.0,2.96,1186,
2013,5,Al-Sulaimaniyah,MCD64A1.A2013121.h21v05.061.2021309011323,29.0,132936.0,844.0,3.74,1495,
2013,5,Dohuk,MCD64A1.A2013121.h21v05.061.2021309011323,0,50350.0,666.0,0.0,0,
2013,5,Erbil,MCD64A1.A2013121.h21v05.061.2021309011323,0,106656.0,2.0,0.0,0,
2013,5,Kirkuk,MCD64A1.A2013121.h21v05.061.2021309011323,110.0,82401.0,0.0,14.23,5690,
2013,5,Ninawa,MCD64A1.A2013121.h21v05.061.2021309011323,12.0,288002.0,514.0,1.55,619,
2013,6,Al-Sulaimaniyah,MCD64A1.A2013152.h21v05.061.2021309011510,65.0,132936.0,844.0,8.38,3351,
2013,6,Dohuk,MCD64A1.A2013152.h21v05.061.2021309011510,28.0,50350.0,666.0,3.53,1410,
2013,6,Erbil,MCD64A1.A2013152.h21v05.061.2021309011510,83.0,106645.0,2.0,10.57,4228,
2013,6,Kirkuk,MCD64A1.A2013152.h21v05.061.2021309011510,24.0,82412.0,0.0,3.1,1241,
2013,6,Ninawa,MCD64A1.A2013152.h21v05.061.2021309011510,219.0,288002.0,514.0,28.23,11291,
2013,7,Al-Sulaimaniyah,MCD64A1.A2013182.h21v05.061.2021309011701,230.0,132936.0,844.0,29.64,11857,
2013,7,Dohuk,MCD64A1.A2013182.h21v05.061.2021309011701,72.0,50350.0,666.0,9.07,3627,
2013,7,Erbil,MCD64A1.A2013182.h21v05.061.2021309011701,296.0,106645.0,2.0,37.7,15080,
2013,7,Kirkuk,MCD64A1.A2013182.h21v05.061.2021309011701,9.0,82412.0,0.0,1.16,466,
2013,7,Ninawa,MCD64A1.A2013182.h21v05.061.2021309011701,94.0,288002.0,514.0,12.12,4846,
2014,5,Al-Sulaimaniyah,MCD64A1.A2014121.h21v05.061.2021309184817,20.0,132936.0,844.0,2.58,1031,
2014,5,Dohuk,MCD64A1.A2014121.h21v05.061.2021309184817,0,50350.0,666.0,0.0,0,
2014,5,Erbil,MCD64A1.A2014121.h21v05.061.2021309184817,0,106667.0,2.0,0.0,0,
2014,5,Kirkuk,MCD64A1.A2014121.h21v05.061.2021309184817,21.0,82412.0,0.0,2.72,1086,
2014,5,Ninawa,MCD64A1.A2014121.h21v05.061.2021309184817,29.0,288002.0,514.0,3.74,1495,
2014,6,Al-Sulaimaniyah,MCD64A1.A2014152.h21v05.061.2021309192007,465.0,132936.0,844.0,59.93,23971,
2014,6,Dohuk,MCD64A1.A2014152.h21v05.061.2021309192007,101.0,50350.0,666.0,12.72,5088,
2014,6,Erbil,MCD64A1.A2014152.h21v05.061.2021309192007,189.0,106663.0,2.0,24.07,9627,
2014,6,Kirkuk,MCD64A1.A2014152.h21v05.061.2021309192007,263.0,82412.0,0.0,34.01,13603,
2014,6,Ninawa,MCD64A1.A2014152.h21v05.061.2021309192007,977.0,288002.0,514.0,125.93,50370,
2014,7,Al-Sulaimaniyah,MCD64A1.A2014182.h21v05.061.2021309200559,425.0,132936.0,844.0,54.77,21909,
2014,7,Dohuk,MCD64A1.A2014182.h21v05.061.2021309200559,305.0,50350.0,666.0,38.41,15364,
2014,7,Erbil,MCD64A1.A2014182.h21v05.061.2021309200559,10.0,106663.0,2.0,1.27,509,
2014,7,Kirkuk,MCD64A1.A2014182.h21v05.061.2021309200559,11.0,82412.0,0.0,1.42,569,
2014,7,Ninawa,MCD64A1.A2014182.h21v05.061.2021309200559,332.0,288002.0,514.0,42.79,17117,
2015,5,Al-Sulaimaniyah,MCD64A1.A2015121.h21v05.061.2021327182436,71.0,132936.0,844.0,9.15,3660,
2015,5,Dohuk,MCD64A1.A2015121.h21v05.061.2021327182436,3.0,50350.0,666.0,0.38,151,
2015,5,Erbil,MCD64A1.A2015121.h21v05.061.2021327182436,96.0,106668.0,2.0,12.22,4890,
2015,5,Kirkuk,MCD64A1.A2015121.h21v05.061.2021327182436,40.0,82386.0,0.0,5.17,2070,
2015,5,Ninawa,MCD64A1.A2015121.h21v05.061.2021327182436,3234.0,288002.0,514.0,416.83,166732,
2015,6,Al-Sulaimaniyah,MCD64A1.A2015152.h21v05.061.2021329121456,745.0,132936.0,844.0,96.01,38406,
2015,6,Dohuk,MCD64A1.A2015152.h21v05.061.2021329121456,21.0,50350.0,666.0,2.64,1058,
2015,6,Erbil,MCD64A1.A2015152.h21v05.061.2021329121456,24.0,106675.0,2.0,3.06,1222,
2015,6,Kirkuk,MCD64A1.A2015152.h21v05.061.2021329121456,97.0,82381.0,0.0,12.55,5019,
2015,6,Ninawa,MCD64A1.A2015152.h21v05.061.2021329121456,3393.0,288002.0,514.0,437.32,174930,
2015,7,Al-Sulaimaniyah,MCD64A1.A2015182.h21v05.061.2021331184208,1982.0,132936.0,844.0,255.44,102175,
2015,7,Dohuk,MCD64A1.A2015182.h21v05.061.2021331184208,542.0,50350.0,666.0,68.26,27303,
2015,7,Erbil,MCD64A1.A2015182.h21v05.061.2021331184208,599.0,106675.0,2.0,76.27,30507,
2015,7,Kirkuk,MCD64A1.A2015182.h21v05.061.2021331184208,47.0,82386.0,0.0,6.08,2432,
2015,7,Ninawa,MCD64A1.A2015182.h21v05.061.2021331184208,2333.0,288002.0,514.0,300.7,120280,
2016,5,Al-Sulaimaniyah,MCD64A1.A2016122.h21v05.061.2021353042156,32.0,132936.0,844.0,4.12,1650,
2016,5,Dohuk,MCD64A1.A2016122.h21v05.061.2021353042156,3.0,50350.0,666.0,0.38,151,
2016,5,Erbil,MCD64A1.A2016122.h21v05.061.2021353042156,63.0,106675.0,2.0,8.02,3209,
2016,5,Kirkuk,MCD64A1.A2016122.h21v05.061.2021353042156,485.0,82371.0,0.0,62.75,25098,
2016,5,Ninawa,MCD64A1.A2016122.h21v05.061.2021353042156,2306.0,288002.0,514.0,297.22,118888,
2016,6,Al-Sulaimaniyah,MCD64A1.A2016153.h21v05.061.2021354142240,313.0,132936.0,844.0,40.34,16136,
2016,6,Dohuk,MCD64A1.A2016153.h21v05.061.2021354142240,24.0,50350.0,666.0,3.02,1209,
2016,6,Erbil,MCD64A1.A2016153.h21v05.061.2021354142240,94.0,106675.0,2.0,11.97,4787,
2016,6,Kirkuk,MCD64A1.A2016153.h21v05.061.2021354142240,321.0,82375.0,0.0,41.53,16611,
2016,6,Ninawa,MCD64A1.A2016153.h21v05.061.2021354142240,2145.0,288002.0,514.0,276.47,110588,
2016,7,Al-Sulaimaniyah,MCD64A1.A2016183.h21v05.061.2021357035329,189.0,132936.0,844.0,24.36,9743,
2016,7,Dohuk,MCD64A1.A2016183.h21v05.061.2021357035329,546.0,50350.0,666.0,68.76,27505,
2016,7,Erbil,MCD64A1.A2016183.h21v05.061.2021357035329,307.0,106675.0,2.0,39.09,15636,
2016,7,Kirkuk,MCD64A1.A2016183.h21v05.061.2021357035329,126.0,82370.0,0.0,16.3,6520,
2016,7,Ninawa,MCD64A1.A2016183.h21v05.061.2021357035329,699.0,288002.0,514.0,90.09,36038,
2017,5,Al-Sulaimaniyah,MCD64A1.A2017121.h21v05.061.2021312124040,8.0,132936.0,844.0,1.03,412,
2017,5,Dohuk,MCD64A1.A2017121.h21v05.061.2021312124040,0,50350.0,666.0,0.0,0,
2017,5,Erbil,MCD64A1.A2017121.h21v05.061.2021312124040,145.0,106675.0,2.0,18.46,7385,
2017,5,Kirkuk,MCD64A1.A2017121.h21v05.061.2021312124040,895.0,82321.0,0.0,115.86,46344,
2017,5,Ninawa,MCD64A1.A2017121.h21v05.061.2021312124040,1761.0,288002.0,514.0,226.98,90790,
2017,6,Al-Sulaimaniyah,MCD64A1.A2017152.h21v05.061.2021312130044,246.0,132936.0,844.0,31.7,12682,
2017,6,Dohuk,MCD64A1.A2017152.h21v05.061.2021312130044,0,50350.0,666.0,0.0,0,
2017,6,Erbil,MCD64A1.A2017152.h21v05.061.2021312130044,90.0,106675.0,2.0,11.46,4584,
2017,6,Kirkuk,MCD64A1.A2017152.h21v05.061.2021312130044,550.0,82319.0,0.0,71.2,28480,
2017,6,Ninawa,MCD64A1.A2017152.h21v05.061.2021312130044,286.0,288002.0,514.0,36.86,14745,
2017,7,Al-Sulaimaniyah,MCD64A1.A2017182.h21v05.061.2021312132358,692.0,132936.0,844.0,89.18,35674,
2017,7,Dohuk,MCD64A1.A2017182.h21v05.061.2021312132358,8.0,50350.0,666.0,1.01,403,
2017,7,Erbil,MCD64A1.A2017182.h21v05.061.2021312132358,125.0,106675.0,2.0,15.92,6366,
2017,7,Kirkuk,MCD64A1.A2017182.h21v05.061.2021312132358,255.0,82316.0,0.0,33.01,13205,
2017,7,Ninawa,MCD64A1.A2017182.h21v05.061.2021312132358,164.0,288002.0,514.0,21.14,8455,
2018,5,Al-Sulaimaniyah,MCD64A1.A2018121.h21v05.061.2021355191304,11.0,132936.0,844.0,1.42,567,
2018,5,Dohuk,MCD64A1.A2018121.h21v05.061.2021355191304,0,50350.0,666.0,0.0,0,
2018,5,Erbil,MCD64A1.A2018121.h21v05.061.2021355191304,14.0,106663.0,2.0,1.78,713,
2018,5,Kirkuk,MCD64A1.A2018121.h21v05.061.2021355191304,19.0,82412.0,0.0,2.46,983,
2018,5,Ninawa,MCD64A1.A2018121.h21v05.061.2021355191304,14.0,288002.0,514.0,1.8,722,
2018,6,Al-Sulaimaniyah,MCD64A1.A2018152.h21v05.061.2021357092318,32.0,132936.0,844.0,4.12,1650,
2018,6,Dohuk,MCD64A1.A2018152.h21v05.061.2021357092318,10.0,50350.0,666.0,1.26,504,
2018,6,Erbil,MCD64A1.A2018152.h21v05.061.2021357092318,146.0,106669.0,2.0,18.59,7436,
2018,6,Kirkuk,MCD64A1.A2018152.h21v05.061.2021357092318,3.0,82412.0,0.0,0.39,155,
2018,6,Ninawa,MCD64A1.A2018152.h21v05.061.2021357092318,0,288002.0,514.0,0.0,0,
2018,7,Al-Sulaimaniyah,MCD64A1.A2018182.h21v05.061.2021358233328,215.0,132936.0,844.0,27.71,11084,
2018,7,Dohuk,MCD64A1.A2018182.h21v05.061.2021358233328,88.0,50350.0,666.0,11.08,4433,
2018,7,Erbil,MCD64A1.A2018182.h21v05.061.2021358233328,244.0,106669.0,2.0,31.07,12428,
2018,7,Kirkuk,MCD64A1.A2018182.h21v05.061.2021358233328,14.0,82412.0,0.0,1.81,724,
2018,7,Ninawa,MCD64A1.A2018182.h21v05.061.2021358233328,16.0,288002.0,514.0,2.06,825,
2019,5,Al-Sulaimaniyah,MCD64A1.A2019121.h21v05.061.2021309104333,21.0,132936.0,844.0,2.71,1083,
2019,5,Dohuk,MCD64A1.A2019121.h21v05.061.2021309104333,80.0,50350.0,666.0,10.07,4030,
2019,5,Erbil,MCD64A1.A2019121.h21v05.061.2021309104333,140.0,106654.0,2.0,17.83,7132,
2019,5,Kirkuk,MCD64A1.A2019121.h21v05.061.2021309104333,1408.0,82364.0,0.0,182.17,72869,
2019,5,Ninawa,MCD64A1.A2019121.h21v05.061.2021309104333,171.0,288002.0,514.0,22.04,8816,
2019,6,Al-Sulaimaniyah,MCD64A1.A2019152.h21v05.061.2021309104538,742.0,132936.0,844.0,95.63,38251,
2019,6,Dohuk,MCD64A1.A2019152.h21v05.061.2021309104538,113.0,50350.0,666.0,14.23,5692,
2019,6,Erbil,MCD64A1.A2019152.h21v05.061.2021309104538,820.0,106654.0,2.0,104.43,41771,
2019,6,Kirkuk,MCD64A1.A2019152.h21v05.061.2021309104538,3736.0,82358.0,0.0,483.41,193365,
2019,6,Ninawa,MCD64A1.A2019152.h21v05.061.2021309104538,14560.0,288002.0,514.0,1876.64,750655,
2019,7,Al-Sulaimaniyah,MCD64A1.A2019182.h21v05.061.2021309104733,713.0,132936.0,844.0,91.89,36756,
2019,7,Dohuk,MCD64A1.A2019182.h21v05.061.2021309104733,576.0,50350.0,666.0,72.54,29016,
2019,7,Erbil,MCD64A1.A2019182.h21v05.061.2021309104733,808.0,106663.0,2.0,102.89,41156,
2019,7,Kirkuk,MCD64A1.A2019182.h21v05.061.2021309104733,2186.0,82347.0,0.0,282.89,113157,
2019,7,Ninawa,MCD64A1.A2019182.h21v05.061.2021309104733,13288.0,288002.0,514.0,1712.69,685076,
2020,5,Al-Sulaimaniyah,MCD64A1.A2020122.h21v05.061.2021309111608,121.0,132936.0,844.0,15.59,6238,
2020,5,Dohuk,MCD64A1.A2020122.h21v05.061.2021309111608,13.0,50350.0,666.0,1.64,655,
2020,5,Erbil,MCD64A1.A2020122.h21v05.061.2021309111608,572.0,106675.0,2.0,72.83,29132,
2020,5,Kirkuk,MCD64A1.A2020122.h21v05.061.2021309111608,1447.0,82406.0,0.0,187.12,74849,
2020,5,Ninawa,MCD64A1.A2020122.h21v05.061.2021309111608,1224.0,288002.0,514.0,157.76,63105,
2020,6,Al-Sulaimaniyah,MCD64A1.A2020153.h21v05.061.2021309111730,728.0,132936.0,844.0,93.82,37529,
2020,6,Dohuk,MCD64A1.A2020153.h21v05.061.2021309111730,183.0,50350.0,666.0,23.05,9219,
2020,6,Erbil,MCD64A1.A2020153.h21v05.061.2021309111730,1308.0,106675.0,2.0,166.54,66616,
2020,6,Kirkuk,MCD64A1.A2020153.h21v05.061.2021309111730,2780.0,82406.0,0.0,359.5,143802,
2020,6,Ninawa,MCD64A1.A2020153.h21v05.061.2021309111730,10552.0,288002.0,514.0,1360.05,544019,
2020,7,Al-Sulaimaniyah,MCD64A1.A2020183.h21v05.061.2021309111824,594.0,132936.0,844.0,76.55,30622,
2020,7,Dohuk,MCD64A1.A2020183.h21v05.061.2021309111824,388.0,50350.0,666.0,48.86,19545,
2020,7,Erbil,MCD64A1.A2020183.h21v05.061.2021309111824,978.0,106675.0,2.0,124.52,49810,
2020,7,Kirkuk,MCD64A1.A2020183.h21v05.061.2021309111824,868.0,82406.0,0.0,112.25,44899,
2020,7,Ninawa,MCD64A1.A2020183.h21v05.061.2021309111824,6883.0,288002.0,514.0,887.15,354860,
2021,5,Al-Sulaimaniyah,MCD64A1.A2021121.h21v05.061.2021309114048,182.0,132936.0,844.0,23.46,9382,
2021,5,Dohuk,MCD64A1.A2021121.h21v05.061.2021309114048,254.0,50350.0,666.0,31.99,12795,
2021,5,Erbil,MCD64A1.A2021121.h21v05.061.2021309114048,35.0,106675.0,2.0,4.46,1783,
2021,5,Kirkuk,MCD64A1.A2021121.h21v05.061.2021309114048,6.0,82401.0,0.0,0.78,310,
2021,5,Ninawa,MCD64A1.A2021121.h21v05.061.2021309114048,54.0,288002.0,514.0,6.96,2784,
2021,6,Al-Sulaimaniyah,MCD64A1.A2021152.h21v05.061.2021309114151,201.0,132936.0,844.0,25.9,10362,
2021,6,Dohuk,MCD64A1.A2021152.h21v05.061.2021309114151,323.0,50350.0,666.0,40.68,16271,
2021,6,Erbil,MCD64A1.A2021152.h21v05.061.2021309114151,177.0,106675.0,2.0,22.54,9015,
2021,6,Kirkuk,MCD64A1.A2021152.h21v05.061.2021309114151,22.0,82393.0,0.0,2.85,1138,
2021,6,Ninawa,MCD64A1.A2021152.h21v05.061.2021309114151,17.0,288002.0,514.0,2.19,876,
2021,7,Al-Sulaimaniyah,MCD64A1.A2021182.h21v05.061.2021309114531,192.0,132936.0,844.0,24.74,9898,
2021,7,Dohuk,MCD64A1.A2021182.h21v05.061.2021309114531,553.0,50350.0,666.0,69.64,27857,
2021,7,Erbil,MCD64A1.A2021182.h21v05.061.2021309114531,32.0,106675.0,2.0,4.07,1630,
2021,7,Kirkuk,MCD64A1.A2021182.h21v05.061.2021309114531,76.0,82355.0,0.0,9.83,3934,
2021,7,Ninawa,MCD64A1.A2021182.h21v05.061.2021309114531,238.0,288002.0,514.0,30.68,12270,
2022,5,Al-Sulaimaniyah,MCD64A1.A2022121.h21v05.061.2022192204347,25.0,132936.0,844.0,3.22,1289,
2022,5,Dohuk,MCD64A1.A2022121.h21v05.061.2022192204347,0,50350.0,666.0,0.0,0,
2022,5,Erbil,MCD64A1.A2022121.h21v05.061.2022192204347,62.0,106675.0,2.0,7.89,3158,
2022,5,Kirkuk,MCD64A1.A2022121.h21v05.061.2022192204347,1.0,82406.0,0.0,0.13,52,
2022,5,Ninawa,MCD64A1.A2022121.h21v05.061.2022192204347,10.0,288002.0,514.0,1.29,516,
2022,6,Al-Sulaimaniyah,MCD64A1.A2022152.h21v05.061.2022218082047,0,132936.0,844.0,0.0,0,
2022,6,Dohuk,MCD64A1.A2022152.h21v05.061.2022218082047,0,50350.0,666.0,0.0,0,
2022,6,Erbil,MCD64A1.A2022152.h21v05.061.2022218082047,2.0,106675.0,2.0,0.25,102,
2022,6,Kirkuk,MCD64A1.A2022152.h21v05.061.2022218082047,8.0,82397.0,0.0,1.03,414,
2022,6,Ninawa,MCD64A1.A2022152.h21v05.061.2022218082047,0,288002.0,514.0,0.0,0,
2022,7,Al-Sulaimaniyah,MCD64A1.A2022182.h21v05.061.2022251183251,0,132936.0,844.0,0.0,0,
2022,7,Dohuk,MCD64A1.A2022182.h21v05.061.2022251183251,0,50350.0,666.0,0.0,0,
2022,7,Erbil,MCD64A1.A2022182.h21v05.061.2022251183251,20.0,106675.0,2.0,2.55,1019,
2022,7,Kirkuk,MCD64A1.A2022182.h21v05.061.2022251183251,13.0,82387.0,0.0,1.68,673,
2022,7,Ninawa,MCD64A1.A2022182.h21v05.061.2022251183251,0,288002.0,514.0,0.0,0,
2023,5,Al-Sulaimaniyah,MCD64A1.A2023121.h21v05.061.2023195074240,45.0,132936.0,844.0,5.8,2320,
2023,5,Dohuk,MCD64A1.A2023121.h21v05.061.2023195074240,16.0,50350.0,666.0,2.01,806,
2023,5,Erbil,MCD64A1.A2023121.h21v05.061.2023195074240,26.0,106675.0,2.0,3.31,1324,
2023,5,Kirkuk,MCD64A1.A2023121.h21v05.061.2023195074240,84.0,82405.0,0.0,10.86,4345,
2023,5,Ninawa,MCD64A1.A2023121.h21v05.061.2023195074240,12.0,288002.0,514.0,1.55,619,
2023,6,Al-Sulaimaniyah,MCD64A1.A2023152.h21v05.061.2023221125633,335.0,132936.0,844.0,43.17,17270,
2023,6,Dohuk,MCD64A1.A2023152.h21v05.061.2023221125633,36.0,50350.0,666.0,4.53,1813,
2023,6,Erbil,MCD64A1.A2023152.h21v05.061.2023221125633,75.0,106675.0,2.0,9.55,3820,
2023,6,Kirkuk,MCD64A1.A2023152.h21v05.061.2023221125633,321.0,82406.0,0.0,41.51,16604,
2023,6,Ninawa,MCD64A1.A2023152.h21v05.061.2023221125633,58.0,288002.0,514.0,7.48,2990,
2023,7,Al-Sulaimaniyah,MCD64A1.A2023182.h21v05.061.2023253033307,582.0,132936.0,844.0,75.01,30003,
2023,7,Dohuk,MCD64A1.A2023182.h21v05.061.2023253033307,262.0,50350.0,666.0,33.0,13198,
2023,7,Erbil,MCD64A1.A2023182.h21v05.061.2023253033307,176.0,106675.0,2.0,22.41,8964,
2023,7,Kirkuk,MCD64A1.A2023182.h21v05.061.2023253033307,499.0,82406.0,0.0,64.53,25812,
2023,7,Ninawa,MCD64A1.A2023182.h21v05.061.2023253033307,113.0,288002.0,514.0,14.56,5826,
2024,5,Al-Sulaimaniyah,MCD64A1.A2024122.h21v05.061.2024187023048,825.0,132936.0,844.0,106.32,42530,
2024,5,Dohuk,MCD64A1.A2024122.h21v05.061.2024187023048,1.0,50350.0,666.0,0.13,50,
2024,5,Erbil,MCD64A1.A2024122.h21v05.061.2024187023048,277.0,106675.0,2.0,35.27,14108,
2024,5,Kirkuk,MCD64A1.A2024122.h21v05.061.2024187023048,1027.0,82400.0,0.0,132.82,53128,
2024,5,Ninawa,MCD64A1.A2024122.h21v05.061.2024187023048,676.0,288002.0,514.0,87.13,34852,
2024,6,Al-Sulaimaniyah,MCD64A1.A2024153.h21v05.061.2024225154253,561.0,132936.0,844.0,72.3,28920,
2024,6,Dohuk,MCD64A1.A2024153.h21v05.061.2024225154253,131.0,50350.0,666.0,16.5,6599,
2024,6,Erbil,MCD64A1.A2024153.h21v05.061.2024225154253,233.0,106675.0,2.0,29.67,11867,
2024,6,Kirkuk,MCD64A1.A2024153.h21v05.061.2024225154253,1130.0,82400.0,0.0,146.14,58456,
2024,6,Ninawa,MCD64A1.A2024153.h21v05.061.2024225154253,2892.0,288002.0,514.0,372.75,149100,
2025,6,Al-Sulaimaniyah,MCD64A1.A2025152.h21v05.061.2025220183832,181.0,132936.0,844.0,23.33,9331,
2025,6,Dohuk,MCD64A1.A2025152.h21v05.061.2025220183832,17.0,50350.0,666.0,2.14,856,
2025,6,Erbil,MCD64A1.A2025152.h21v05.061.2025220183832,0,106675.0,2.0,0.0,0,
2025,6,Kirkuk,MCD64A1.A2025152.h21v05.061.2025220183832,130.0,82376.0,0.0,16.82,6727,
2025,6,Ninawa,MCD64A1.A2025152.h21v05.061.2025220183832,20.0,288002.0,514.0,2.58,1031,
2025,7,Al-Sulaimaniyah,MCD64A1.A2025182.h21v05.061.2025258131610,193.0,132936.0,844.0,24.87,9949,
2025,7,Dohuk,MCD64A1.A2025182.h21v05.061.2025258131610,54.0,50350.0,666.0,6.8,2720,
2025,7,Erbil,MCD64A1.A2025182.h21v05.061.2025258131610,0,106675.0,2.0,0.0,0,
2025,7,Kirkuk,MCD64A1.A2025182.h21v05.061.2025258131610,11.0,82370.0,0.0,1.42,569,
2025,7,Ninawa,MCD64A1.A2025182.h21v05.061.2025258131610,117.0,288002.0,514.0,15.08,6032,
