sensor,year,governorate,season,veg_detections,veg_highnom_conf,static_type2_excluded,persistent_cells_in_veg,crop_fire_estimate,frp_sum_mw,on_cropland,on_tree_shrub_grass,on_other_landcover
modis,2000,Dohuk,harvest,0,0,0,0,0,0.0,,,
modis,2000,Dohuk,rest,0,0,0,0,0,0.0,,,
modis,2000,Erbil,harvest,0,0,0,0,0,0.0,,,
modis,2000,Erbil,rest,0,0,0,0,0,0.0,,,
modis,2000,Al-Sulaimaniyah,harvest,0,0,0,0,0,0.0,,,
modis,2000,Al-Sulaimaniyah,rest,3,3,0,0,3,15.2,,3,
modis,2000,Kirkuk,harvest,0,0,0,0,0,0.0,,,
modis,2000,Kirkuk,rest,33,32,268,23,10,360.2,5,3,2
modis,2000,Ninawa,harvest,0,0,0,0,0,0.0,,,
modis,2000,Ninawa,rest,0,0,0,0,0,0.0,,,
modis,2001,Dohuk,harvest,22,22,0,0,22,1548.2,13,7,2
modis,2001,Dohuk,rest,94,92,0,0,94,2494.0,63,31,
modis,2001,Erbil,harvest,19,19,0,0,19,953.5,2,17,
modis,2001,Erbil,rest,12,11,0,0,12,145.5,3,9,
modis,2001,Al-Sulaimaniyah,harvest,10,10,8,0,10,256.2,3,7,
modis,2001,Al-Sulaimaniyah,rest,6,6,23,0,6,66.1,3,3,
modis,2001,Kirkuk,harvest,29,29,446,9,20,1051.2,8,11,1
modis,2001,Kirkuk,rest,99,91,1637,57,42,998.8,15,17,10
modis,2001,Ninawa,harvest,70,69,0,0,70,3042.2,65,5,
modis,2001,Ninawa,rest,141,140,0,0,141,3969.0,135,6,
modis,2002,Dohuk,harvest,33,33,0,0,33,1544.8,27,6,
modis,2002,Dohuk,rest,65,63,0,0,65,1374.9,15,50,
modis,2002,Erbil,harvest,26,24,0,0,26,1002.8,11,12,3
modis,2002,Erbil,rest,57,57,0,0,57,1235.3,48,9,
modis,2002,Al-Sulaimaniyah,harvest,21,21,0,0,21,434.4,10,11,
modis,2002,Al-Sulaimaniyah,rest,14,14,0,0,14,148.5,3,11,
modis,2002,Kirkuk,harvest,86,85,557,14,72,2141.0,38,30,4
modis,2002,Kirkuk,rest,217,211,1345,129,88,2851.9,31,39,18
modis,2002,Ninawa,harvest,104,103,0,0,104,4836.9,96,8,
modis,2002,Ninawa,rest,107,105,0,0,107,2593.0,89,17,1
modis,2003,Dohuk,harvest,34,33,0,0,34,998.8,18,16,
modis,2003,Dohuk,rest,21,21,0,0,21,489.3,7,13,1
modis,2003,Erbil,harvest,37,37,0,0,37,1036.6,17,15,5
modis,2003,Erbil,rest,39,39,0,0,39,771.5,33,6,
modis,2003,Al-Sulaimaniyah,harvest,63,57,0,0,63,2378.0,10,53,
modis,2003,Al-Sulaimaniyah,rest,61,59,0,0,61,1141.4,7,53,1
modis,2003,Kirkuk,harvest,234,230,496,42,192,7782.5,149,26,17
modis,2003,Kirkuk,rest,278,264,1598,92,186,6622.1,56,31,99
modis,2003,Ninawa,harvest,129,126,204,0,129,5118.8,97,30,2
modis,2003,Ninawa,rest,61,59,3,0,61,3647.6,20,39,2
modis,2004,Dohuk,harvest,18,18,0,0,18,569.6,3,15,
modis,2004,Dohuk,rest,31,31,0,0,31,875.8,9,22,
modis,2004,Erbil,harvest,7,7,0,0,7,883.2,6,1,
modis,2004,Erbil,rest,19,18,0,0,19,663.4,8,11,
modis,2004,Al-Sulaimaniyah,harvest,35,35,0,0,35,1417.7,4,31,
modis,2004,Al-Sulaimaniyah,rest,27,27,0,0,27,653.5,1,26,
modis,2004,Kirkuk,harvest,73,70,859,9,64,4111.1,47,12,5
modis,2004,Kirkuk,rest,237,232,3251,50,187,5730.6,118,38,31
modis,2004,Ninawa,harvest,33,33,0,0,33,1786.5,28,5,
modis,2004,Ninawa,rest,19,19,0,0,19,301.6,9,10,
modis,2005,Dohuk,harvest,5,5,0,0,5,135.3,2,3,
modis,2005,Dohuk,rest,13,13,0,0,13,394.9,,13,
modis,2005,Erbil,harvest,11,11,0,0,11,246.3,1,10,
modis,2005,Erbil,rest,8,5,0,0,8,109.4,4,4,
modis,2005,Al-Sulaimaniyah,harvest,9,8,0,0,9,98.6,,8,1
modis,2005,Al-Sulaimaniyah,rest,26,26,0,0,26,456.7,8,18,
modis,2005,Kirkuk,harvest,81,79,641,35,46,1636.9,32,8,6
modis,2005,Kirkuk,rest,175,169,1320,39,136,5125.6,98,20,18
modis,2005,Ninawa,harvest,12,12,0,0,12,311.4,5,6,1
modis,2005,Ninawa,rest,26,26,0,0,26,624.2,6,20,
modis,2006,Dohuk,harvest,8,8,0,0,8,193.1,2,5,1
modis,2006,Dohuk,rest,8,8,0,0,8,93.1,3,4,1
modis,2006,Erbil,harvest,16,16,0,0,16,563.7,2,14,
modis,2006,Erbil,rest,54,53,0,0,54,1246.9,23,28,3
modis,2006,Al-Sulaimaniyah,harvest,36,35,0,0,36,1286.8,6,29,1
modis,2006,Al-Sulaimaniyah,rest,29,27,0,0,29,572.7,8,21,
modis,2006,Kirkuk,harvest,61,61,865,26,35,1062.3,17,11,7
modis,2006,Kirkuk,rest,230,227,1674,58,172,4628.0,136,16,20
modis,2006,Ninawa,harvest,22,22,0,0,22,1620.0,15,3,4
modis,2006,Ninawa,rest,17,15,0,0,17,543.6,13,2,2
modis,2007,Dohuk,harvest,19,18,0,0,19,1071.6,12,7,
modis,2007,Dohuk,rest,107,101,0,0,107,3988.2,16,87,4
modis,2007,Erbil,harvest,19,19,0,0,19,1089.1,14,3,2
modis,2007,Erbil,rest,89,86,0,0,89,2650.0,30,59,
modis,2007,Al-Sulaimaniyah,harvest,90,88,0,0,90,2552.1,19,69,2
modis,2007,Al-Sulaimaniyah,rest,133,130,0,0,133,3199.1,41,92,
modis,2007,Kirkuk,harvest,37,37,368,6,31,1019.3,16,11,4
modis,2007,Kirkuk,rest,242,232,1688,79,163,3986.2,111,37,15
modis,2007,Ninawa,harvest,48,48,0,0,48,1925.0,37,10,1
modis,2007,Ninawa,rest,46,46,0,0,46,1156.0,33,13,
modis,2008,Dohuk,harvest,80,79,0,0,80,2244.1,,80,
modis,2008,Dohuk,rest,45,43,0,0,45,844.4,4,41,
modis,2008,Erbil,harvest,5,5,0,0,5,115.1,1,3,1
modis,2008,Erbil,rest,24,22,0,0,24,577.2,8,15,1
modis,2008,Al-Sulaimaniyah,harvest,13,13,0,0,13,333.8,,13,
modis,2008,Al-Sulaimaniyah,rest,22,21,0,2,20,482.9,1,16,3
modis,2008,Kirkuk,harvest,18,18,1143,6,12,178.9,2,5,5
modis,2008,Kirkuk,rest,148,143,2716,28,120,1663.1,63,32,25
modis,2008,Ninawa,harvest,18,17,0,0,18,678.5,,18,
modis,2008,Ninawa,rest,61,58,0,0,61,1344.8,4,57,
modis,2009,Dohuk,harvest,7,7,0,0,7,314.4,1,5,1
modis,2009,Dohuk,rest,13,12,0,0,13,182.4,6,7,
modis,2009,Erbil,harvest,3,3,0,0,3,70.8,,3,
modis,2009,Erbil,rest,41,37,0,13,28,979.0,11,14,3
modis,2009,Al-Sulaimaniyah,harvest,43,41,0,0,43,1372.7,24,18,1
modis,2009,Al-Sulaimaniyah,rest,68,67,0,0,68,1931.7,28,39,1
modis,2009,Kirkuk,harvest,40,40,1072,25,15,467.7,7,4,4
modis,2009,Kirkuk,rest,149,142,3047,67,82,1808.6,50,23,9
modis,2009,Ninawa,harvest,2,2,0,0,2,46.4,,1,1
modis,2009,Ninawa,rest,15,15,0,2,13,439.8,3,10,0
modis,2010,Dohuk,harvest,101,99,0,0,101,4969.4,47,53,1
modis,2010,Dohuk,rest,138,130,0,0,138,4442.6,56,81,1
modis,2010,Erbil,harvest,114,113,0,1,113,6489.9,36,72,5
modis,2010,Erbil,rest,108,103,0,16,92,2265.6,46,42,4
modis,2010,Al-Sulaimaniyah,harvest,248,241,5,0,248,10835.7,112,135,1
modis,2010,Al-Sulaimaniyah,rest,250,240,127,0,250,7366.6,54,193,3
modis,2010,Kirkuk,harvest,57,56,1490,3,54,1539.7,43,7,4
modis,2010,Kirkuk,rest,74,71,4020,22,52,1296.6,35,9,8
modis,2010,Ninawa,harvest,285,280,0,0,285,22013.7,245,39,1
modis,2010,Ninawa,rest,123,123,0,0,123,2672.4,110,12,1
modis,2011,Dohuk,harvest,12,12,0,0,12,413.6,2,10,
modis,2011,Dohuk,rest,60,57,0,3,57,1467.8,12,45,
modis,2011,Erbil,harvest,44,43,105,2,42,2072.2,16,21,5
modis,2011,Erbil,rest,67,67,162,0,67,1869.3,19,47,1
modis,2011,Al-Sulaimaniyah,harvest,91,90,71,0,91,3147.9,20,71,
modis,2011,Al-Sulaimaniyah,rest,46,44,131,0,46,783.8,6,40,
modis,2011,Kirkuk,harvest,24,23,1458,7,17,345.1,11,4,2
modis,2011,Kirkuk,rest,101,96,4240,41,60,1243.7,33,16,11
modis,2011,Ninawa,harvest,27,27,0,0,27,814.3,21,5,1
modis,2011,Ninawa,rest,84,80,0,0,84,1706.1,30,51,3
modis,2012,Dohuk,harvest,34,33,0,3,31,986.9,,31,
modis,2012,Dohuk,rest,74,71,0,0,74,2430.9,5,68,1
modis,2012,Erbil,harvest,26,25,89,2,24,1232.1,9,14,1
modis,2012,Erbil,rest,70,68,389,5,65,1044.9,27,28,10
modis,2012,Al-Sulaimaniyah,harvest,38,37,44,4,34,994.9,7,27,
modis,2012,Al-Sulaimaniyah,rest,61,57,76,11,50,1069.7,3,45,2
modis,2012,Kirkuk,harvest,53,50,1559,37,16,541.9,14,2,0
modis,2012,Kirkuk,rest,77,74,3242,32,45,955.9,22,15,8
modis,2012,Ninawa,harvest,11,11,0,0,11,253.2,,10,1
modis,2012,Ninawa,rest,24,23,0,0,24,445.2,6,18,
modis,2013,Dohuk,harvest,26,24,0,0,26,760.8,5,21,
modis,2013,Dohuk,rest,70,69,0,0,70,2242.1,26,38,6
modis,2013,Erbil,harvest,68,64,391,6,62,1578.1,22,39,1
modis,2013,Erbil,rest,147,143,871,2,145,3147.8,79,57,9
modis,2013,Al-Sulaimaniyah,harvest,47,47,90,0,47,1258.7,10,36,1
modis,2013,Al-Sulaimaniyah,rest,51,48,215,0,51,2093.0,9,42,
modis,2013,Kirkuk,harvest,108,105,776,15,93,2761.7,87,2,4
modis,2013,Kirkuk,rest,213,199,2503,114,99,2287.0,75,13,11
modis,2013,Ninawa,harvest,82,81,14,0,82,2886.3,65,11,6
modis,2013,Ninawa,rest,98,96,98,2,96,2372.9,76,17,3
modis,2014,Dohuk,harvest,55,55,0,0,55,2461.1,17,37,1
modis,2014,Dohuk,rest,117,113,0,0,117,3109.8,33,80,4
modis,2014,Erbil,harvest,68,65,330,4,64,1325.2,15,48,1
modis,2014,Erbil,rest,129,124,876,20,109,2243.7,39,54,16
modis,2014,Al-Sulaimaniyah,harvest,121,118,13,1,120,4104.4,72,48,
modis,2014,Al-Sulaimaniyah,rest,118,116,68,10,108,2471.5,67,40,1
modis,2014,Kirkuk,harvest,135,133,103,15,120,4035.8,106,6,8
modis,2014,Kirkuk,rest,139,131,1043,55,84,1665.1,62,15,7
modis,2014,Ninawa,harvest,133,132,0,1,132,7094.2,113,17,2
modis,2014,Ninawa,rest,135,130,0,43,92,4175.1,68,22,2
modis,2015,Dohuk,harvest,133,128,0,0,133,4645.3,28,102,3
modis,2015,Dohuk,rest,171,169,0,0,171,5803.7,25,144,2
modis,2015,Erbil,harvest,128,121,235,8,120,3378.5,47,61,12
modis,2015,Erbil,rest,164,161,543,36,128,2975.6,55,62,11
modis,2015,Al-Sulaimaniyah,harvest,295,282,0,1,294,13168.8,81,211,2
modis,2015,Al-Sulaimaniyah,rest,211,205,0,2,209,6971.1,46,163,
modis,2015,Kirkuk,harvest,147,144,1156,22,125,3896.0,102,21,2
modis,2015,Kirkuk,rest,127,119,2567,23,104,2413.1,61,17,26
modis,2015,Ninawa,harvest,687,673,1,11,676,39401.5,578,96,2
modis,2015,Ninawa,rest,225,221,10,28,197,5909.7,93,98,6
modis,2016,Dohuk,harvest,76,74,0,0,76,2774.7,14,61,1
modis,2016,Dohuk,rest,210,204,0,0,210,6556.3,36,167,7
modis,2016,Erbil,harvest,114,111,125,23,91,2767.8,55,35,1
modis,2016,Erbil,rest,229,218,428,65,164,4163.1,83,72,9
modis,2016,Al-Sulaimaniyah,harvest,134,128,0,4,130,3703.9,51,72,7
modis,2016,Al-Sulaimaniyah,rest,170,167,0,1,169,4040.5,47,119,3
modis,2016,Kirkuk,harvest,429,422,1236,50,379,11935.6,200,18,161
modis,2016,Kirkuk,rest,345,335,3538,177,168,7742.6,94,56,18
modis,2016,Ninawa,harvest,658,641,1,273,385,22947.5,317,63,5
modis,2016,Ninawa,rest,2128,1843,8,1771,357,56510.7,213,115,29
modis,2017,Dohuk,harvest,26,25,0,4,22,554.1,2,20,
modis,2017,Dohuk,rest,93,91,0,3,90,2873.8,7,79,4
modis,2017,Erbil,harvest,92,90,47,5,87,2175.7,54,31,2
modis,2017,Erbil,rest,131,126,220,26,105,2130.0,62,35,8
modis,2017,Al-Sulaimaniyah,harvest,104,96,0,0,104,4659.3,55,48,1
modis,2017,Al-Sulaimaniyah,rest,98,98,0,1,97,2412.9,39,57,1
modis,2017,Kirkuk,harvest,226,219,2008,48,178,8012.9,141,30,7
modis,2017,Kirkuk,rest,521,505,3596,266,255,13374.5,142,84,29
modis,2017,Ninawa,harvest,126,125,0,9,117,4779.9,90,22,5
modis,2017,Ninawa,rest,84,75,403,28,56,1702.2,34,18,4
modis,2018,Dohuk,harvest,27,27,3,3,24,1108.7,1,22,1
modis,2018,Dohuk,rest,106,100,9,11,95,2952.0,1,92,2
modis,2018,Erbil,harvest,132,127,366,23,109,2706.9,43,63,3
modis,2018,Erbil,rest,206,201,669,41,165,4008.0,48,109,8
modis,2018,Al-Sulaimaniyah,harvest,66,65,3,0,66,2162.9,26,39,1
modis,2018,Al-Sulaimaniyah,rest,43,40,0,1,42,964.3,9,32,1
modis,2018,Kirkuk,harvest,48,47,311,8,40,1120.6,30,5,5
modis,2018,Kirkuk,rest,80,79,1214,20,60,1338.0,49,0,11
modis,2018,Ninawa,harvest,9,9,1,2,7,101.2,6,1,0
modis,2018,Ninawa,rest,39,38,1,14,25,907.4,3,22,0
modis,2019,Dohuk,harvest,152,148,5,17,135,3428.5,17,111,7
modis,2019,Dohuk,rest,224,219,58,23,201,5239.9,66,127,8
modis,2019,Erbil,harvest,290,284,564,35,255,13161.6,184,63,8
modis,2019,Erbil,rest,818,804,998,64,754,22658.1,659,83,12
modis,2019,Al-Sulaimaniyah,harvest,148,146,5,0,148,7082.5,40,104,4
modis,2019,Al-Sulaimaniyah,rest,185,181,2,1,184,4446.2,57,118,9
modis,2019,Kirkuk,harvest,975,963,1438,143,832,60096.3,620,97,115
modis,2019,Kirkuk,rest,1117,1103,2798,371,746,29831.6,494,125,127
modis,2019,Ninawa,harvest,1178,1163,53,14,1164,158369.2,1053,95,16
modis,2019,Ninawa,rest,1602,1578,10,48,1554,53006.3,1453,92,9
modis,2020,Dohuk,harvest,101,98,11,4,97,2447.5,19,74,4
modis,2020,Dohuk,rest,205,197,49,18,187,5368.8,46,139,2
modis,2020,Erbil,harvest,229,222,335,11,218,11148.0,157,54,7
modis,2020,Erbil,rest,479,470,761,27,452,10355.0,325,116,11
modis,2020,Al-Sulaimaniyah,harvest,170,166,7,0,170,6534.5,73,89,8
modis,2020,Al-Sulaimaniyah,rest,264,253,3,0,264,7361.4,111,149,4
modis,2020,Kirkuk,harvest,483,475,837,8,475,20824.5,331,97,47
modis,2020,Kirkuk,rest,270,263,3280,60,210,5280.3,157,35,18
modis,2020,Ninawa,harvest,757,746,31,1,756,54620.5,643,108,5
modis,2020,Ninawa,rest,391,383,53,1,390,8232.1,301,82,7
modis,2021,Dohuk,harvest,217,200,4,2,215,4315.6,2,208,5
modis,2021,Dohuk,rest,177,169,17,4,173,4270.6,22,151,
modis,2021,Erbil,harvest,86,84,176,9,77,1485.9,19,55,3
modis,2021,Erbil,rest,98,97,341,13,85,1388.1,34,49,2
modis,2021,Al-Sulaimaniyah,harvest,74,72,1,1,73,1908.4,14,46,13
modis,2021,Al-Sulaimaniyah,rest,79,76,0,3,76,1309.2,8,60,8
modis,2021,Kirkuk,harvest,106,102,1495,47,59,1773.7,47,8,4
modis,2021,Kirkuk,rest,225,211,3746,94,131,3206.9,89,29,13
modis,2021,Ninawa,harvest,52,52,25,6,46,1210.7,5,41,
modis,2021,Ninawa,rest,112,106,101,12,100,2257.5,18,80,2
modis,2022,Dohuk,harvest,10,10,0,1,9,205.6,1,7,1
modis,2022,Dohuk,rest,43,39,1,6,37,990.4,5,32,0
modis,2022,Erbil,harvest,47,46,54,15,32,868.7,17,11,4
modis,2022,Erbil,rest,91,91,244,39,52,1255.1,30,20,2
modis,2022,Al-Sulaimaniyah,harvest,16,16,1,0,16,593.8,8,3,5
modis,2022,Al-Sulaimaniyah,rest,14,13,0,0,14,192.2,4,9,1
modis,2022,Kirkuk,harvest,37,36,1112,3,34,790.8,33,0,1
modis,2022,Kirkuk,rest,71,67,2542,6,65,1025.3,54,3,8
modis,2022,Ninawa,harvest,16,16,27,6,10,328.4,7,3,
modis,2022,Ninawa,rest,27,25,80,6,21,302.4,12,7,2
modis,2023,Dohuk,harvest,62,59,1,3,59,1522.3,15,42,2
modis,2023,Dohuk,rest,163,159,4,10,153,4229.6,43,105,5
modis,2023,Erbil,harvest,106,104,33,6,100,3004.7,79,21,0
modis,2023,Erbil,rest,278,264,203,20,258,6372.6,167,83,8
modis,2023,Al-Sulaimaniyah,harvest,189,181,10,0,189,6214.1,101,68,20
modis,2023,Al-Sulaimaniyah,rest,414,397,1,0,414,12234.2,238,167,9
modis,2023,Kirkuk,harvest,220,217,812,7,213,7713.3,194,14,5
modis,2023,Kirkuk,rest,256,246,1794,41,215,5208.2,168,30,17
modis,2023,Ninawa,harvest,56,56,3,0,56,1362.8,51,5,
modis,2023,Ninawa,rest,127,123,44,0,127,3120.3,118,8,1
modis,2024,Dohuk,harvest,148,146,2,3,145,4595.2,45,93,7
modis,2024,Dohuk,rest,312,305,4,10,302,7990.3,146,153,3
modis,2024,Erbil,harvest,252,246,18,13,239,10687.6,199,29,11
modis,2024,Erbil,rest,646,629,12,53,593,13018.3,495,90,8
modis,2024,Al-Sulaimaniyah,harvest,296,289,23,1,295,10969.9,161,115,19
modis,2024,Al-Sulaimaniyah,rest,225,219,3,0,225,4412.7,142,66,17
modis,2024,Kirkuk,harvest,345,341,1109,9,336,14315.6,278,46,12
modis,2024,Kirkuk,rest,353,347,3117,47,306,6778.8,202,83,21
modis,2024,Ninawa,harvest,492,486,16,27,465,34341.2,425,37,3
modis,2024,Ninawa,rest,612,595,13,67,545,12909.6,471,72,2
viirs-jpss1,2018,Dohuk,harvest,172,152,769,71,101,924.3,12,81,8
viirs-jpss1,2018,Dohuk,rest,894,807,1301,489,405,4082.3,12,388,5
viirs-jpss1,2018,Erbil,harvest,513,434,1980,28,485,2858.2,131,318,36
viirs-jpss1,2018,Erbil,rest,678,601,3262,85,593,4237.5,127,439,27
viirs-jpss1,2018,Al-Sulaimaniyah,harvest,416,370,342,33,383,2491.8,105,275,3
viirs-jpss1,2018,Al-Sulaimaniyah,rest,360,329,625,33,327,2264.2,71,250,6
viirs-jpss1,2018,Kirkuk,harvest,219,158,3226,11,208,1616.3,171,22,15
viirs-jpss1,2018,Kirkuk,rest,265,220,6000,36,229,1290.3,167,40,22
viirs-jpss1,2018,Ninawa,harvest,121,102,531,59,62,313.2,44,16,2
viirs-jpss1,2018,Ninawa,rest,230,205,918,78,152,999.5,28,122,2
viirs-jpss1,2019,Dohuk,harvest,1381,1254,1146,747,634,5613.5,62,562,10
viirs-jpss1,2019,Dohuk,rest,1413,1278,2540,465,948,7274.5,329,613,6
viirs-jpss1,2019,Erbil,harvest,1103,845,2390,39,1064,14979.2,496,495,73
viirs-jpss1,2019,Erbil,rest,2619,2218,5243,78,2541,18740.7,2094,403,44
viirs-jpss1,2019,Al-Sulaimaniyah,harvest,804,683,577,53,751,8335.2,239,492,20
viirs-jpss1,2019,Al-Sulaimaniyah,rest,975,871,1086,50,925,6661.7,325,573,27
viirs-jpss1,2019,Kirkuk,harvest,2694,2003,5078,66,2628,43360.3,1739,380,509
viirs-jpss1,2019,Kirkuk,rest,2372,1878,10299,57,2315,20188.8,1612,321,382
viirs-jpss1,2019,Ninawa,harvest,4822,3828,604,64,4758,119501.6,4210,443,105
viirs-jpss1,2019,Ninawa,rest,7122,5810,1288,106,7016,65751.1,6537,401,78
viirs-jpss1,2020,Dohuk,harvest,886,775,942,271,615,4417.9,87,519,9
viirs-jpss1,2020,Dohuk,rest,1668,1519,1944,518,1150,9694.1,209,934,7
viirs-jpss1,2020,Erbil,harvest,961,757,2337,76,885,12202.4,556,277,52
viirs-jpss1,2020,Erbil,rest,2039,1667,5494,134,1905,11465.6,1248,604,53
viirs-jpss1,2020,Al-Sulaimaniyah,harvest,953,785,411,69,884,6815.1,347,527,10
viirs-jpss1,2020,Al-Sulaimaniyah,rest,1216,1087,1065,23,1193,9062.5,453,721,19
viirs-jpss1,2020,Kirkuk,harvest,1728,1321,4006,39,1689,17647.9,1108,377,204
viirs-jpss1,2020,Kirkuk,rest,1129,922,10031,61,1068,7830.6,701,263,104
viirs-jpss1,2020,Ninawa,harvest,3715,2835,537,28,3687,51781.0,3050,567,70
viirs-jpss1,2020,Ninawa,rest,2915,2332,1274,98,2817,17456.5,2179,593,45
viirs-jpss1,2021,Dohuk,harvest,1471,1266,1190,77,1394,8263.4,15,1375,4
viirs-jpss1,2021,Dohuk,rest,1304,1145,2274,247,1057,7140.7,83,971,3
viirs-jpss1,2021,Erbil,harvest,768,656,2280,243,525,3287.0,55,440,30
viirs-jpss1,2021,Erbil,rest,1053,986,5402,459,594,4343.9,167,413,14
viirs-jpss1,2021,Al-Sulaimaniyah,harvest,627,507,549,13,614,5411.7,134,474,6
viirs-jpss1,2021,Al-Sulaimaniyah,rest,419,377,1215,56,363,1814.2,50,294,19
viirs-jpss1,2021,Kirkuk,harvest,426,301,4592,83,343,2606.5,209,98,36
viirs-jpss1,2021,Kirkuk,rest,679,597,11461,214,465,3662.7,312,117,36
viirs-jpss1,2021,Ninawa,harvest,447,406,618,125,322,2545.6,50,264,8
viirs-jpss1,2021,Ninawa,rest,814,758,1508,247,567,3402.3,105,452,10
viirs-jpss1,2022,Dohuk,harvest,193,173,1074,127,66,562.1,11,53,2
viirs-jpss1,2022,Dohuk,rest,594,552,2431,354,240,1920.4,14,224,2
viirs-jpss1,2022,Erbil,harvest,234,179,2059,103,131,795.2,63,55,13
viirs-jpss1,2022,Erbil,rest,723,677,5151,410,313,2267.1,175,122,16
viirs-jpss1,2022,Al-Sulaimaniyah,harvest,96,80,474,28,68,445.1,37,27,4
viirs-jpss1,2022,Al-Sulaimaniyah,rest,168,153,1168,46,122,544.7,34,75,13
viirs-jpss1,2022,Kirkuk,harvest,248,177,4396,17,231,1639.2,176,41,14
viirs-jpss1,2022,Kirkuk,rest,502,448,9864,72,430,2574.0,286,79,65
viirs-jpss1,2022,Ninawa,harvest,177,169,611,143,34,385.9,15,18,1
viirs-jpss1,2022,Ninawa,rest,550,540,1504,380,170,1039.3,93,66,11
viirs-jpss1,2023,Dohuk,harvest,276,207,255,2,274,2423.2,53,218,3
viirs-jpss1,2023,Dohuk,rest,926,759,1249,67,859,6405.5,185,666,8
viirs-jpss1,2023,Erbil,harvest,415,289,1274,22,393,2900.8,178,182,33
viirs-jpss1,2023,Erbil,rest,1024,882,3878,122,902,6263.1,591,291,20
viirs-jpss1,2023,Al-Sulaimaniyah,harvest,732,628,578,63,669,10746.6,432,224,13
viirs-jpss1,2023,Al-Sulaimaniyah,rest,1828,1613,1429,178,1650,13320.5,959,664,27
viirs-jpss1,2023,Kirkuk,harvest,686,511,3874,19,667,5723.7,541,92,34
viirs-jpss1,2023,Kirkuk,rest,956,803,9777,51,905,6659.4,651,161,93
viirs-jpss1,2023,Ninawa,harvest,324,278,196,113,211,1942.7,166,37,8
viirs-jpss1,2023,Ninawa,rest,904,796,1353,263,641,4929.1,526,101,14
viirs-jpss1,2024,Dohuk,harvest,778,664,746,14,764,5648.2,167,587,10
viirs-jpss1,2024,Dohuk,rest,1520,1329,1838,65,1455,10711.1,670,772,13
viirs-jpss1,2024,Erbil,harvest,746,615,1203,148,598,7503.5,406,159,33
viirs-jpss1,2024,Erbil,rest,2393,2015,3116,284,2109,16095.5,1704,366,39
viirs-jpss1,2024,Al-Sulaimaniyah,harvest,1066,884,587,16,1050,9671.8,509,522,19
viirs-jpss1,2024,Al-Sulaimaniyah,rest,1051,894,1356,47,1004,5625.5,644,344,16
viirs-jpss1,2024,Kirkuk,harvest,1062,815,4598,93,969,10646.0,699,205,65
viirs-jpss1,2024,Kirkuk,rest,1411,1214,11687,140,1271,8237.9,787,368,116
viirs-jpss1,2024,Ninawa,harvest,1577,1243,696,43,1534,26570.0,1348,170,16
viirs-jpss1,2024,Ninawa,rest,2729,2307,1608,115,2614,15787.8,2257,336,21
viirs-snpp,2012,Dohuk,harvest,218,159,14,9,209,1469.3,10,199,
viirs-snpp,2012,Dohuk,rest,342,307,17,114,228,2492.0,29,199,0
viirs-snpp,2012,Erbil,harvest,166,136,720,10,156,1014.8,27,121,8
viirs-snpp,2012,Erbil,rest,231,208,1921,72,159,1036.2,50,98,11
viirs-snpp,2012,Al-Sulaimaniyah,harvest,173,114,809,0,173,1205.1,18,149,6
viirs-snpp,2012,Al-Sulaimaniyah,rest,144,121,1823,4,140,762.2,23,107,10
viirs-snpp,2012,Kirkuk,harvest,168,118,6868,46,122,761.9,70,46,6
viirs-snpp,2012,Kirkuk,rest,205,183,13188,41,164,880.6,87,57,20
viirs-snpp,2012,Ninawa,harvest,69,65,146,30,39,281.5,7,28,4
viirs-snpp,2012,Ninawa,rest,232,223,373,87,145,934.6,28,108,9
viirs-snpp,2013,Dohuk,harvest,131,118,24,12,119,956.6,28,87,4
viirs-snpp,2013,Dohuk,rest,237,199,39,12,225,2276.9,59,157,9
viirs-snpp,2013,Erbil,harvest,345,276,938,65,280,2020.2,97,165,18
viirs-snpp,2013,Erbil,rest,689,624,2257,135,554,4143.1,274,252,28
viirs-snpp,2013,Al-Sulaimaniyah,harvest,450,355,850,13,437,3112.6,131,299,7
viirs-snpp,2013,Al-Sulaimaniyah,rest,563,502,2110,219,344,2898.2,90,241,13
viirs-snpp,2013,Kirkuk,harvest,237,188,4986,16,221,1543.8,185,23,13
viirs-snpp,2013,Kirkuk,rest,532,471,13524,70,462,2727.1,382,45,35
viirs-snpp,2013,Ninawa,harvest,425,344,130,93,332,5659.3,287,30,15
viirs-snpp,2013,Ninawa,rest,889,802,414,411,478,5312.4,349,120,9
viirs-snpp,2014,Dohuk,harvest,316,249,61,0,316,3384.8,68,244,4
viirs-snpp,2014,Dohuk,rest,590,499,66,19,571,3597.3,104,459,8
viirs-snpp,2014,Erbil,harvest,491,436,1005,187,304,2092.1,115,166,23
viirs-snpp,2014,Erbil,rest,918,860,2620,463,455,3353.5,157,261,37
viirs-snpp,2014,Al-Sulaimaniyah,harvest,662,548,665,20,642,6447.5,370,264,8
viirs-snpp,2014,Al-Sulaimaniyah,rest,679,527,1508,30,649,4612.3,365,260,24
viirs-snpp,2014,Kirkuk,harvest,355,251,2654,19,336,2553.0,304,12,20
viirs-snpp,2014,Kirkuk,rest,795,728,8432,434,361,4950.2,251,82,28
viirs-snpp,2014,Ninawa,harvest,1041,864,35,398,643,7914.9,552,80,11
viirs-snpp,2014,Ninawa,rest,1105,992,450,549,556,5363.8,394,157,5
viirs-snpp,2015,Dohuk,harvest,502,427,40,16,486,4610.6,111,369,6
viirs-snpp,2015,Dohuk,rest,866,773,61,118,748,6743.2,133,609,6
viirs-snpp,2015,Erbil,harvest,768,681,930,265,503,4647.7,180,300,23
viirs-snpp,2015,Erbil,rest,1340,1219,2344,618,722,6057.0,282,389,51
viirs-snpp,2015,Al-Sulaimaniyah,harvest,1432,1221,453,36,1396,12557.9,362,1017,17
viirs-snpp,2015,Al-Sulaimaniyah,rest,897,779,991,56,841,7357.0,229,603,9
viirs-snpp,2015,Kirkuk,harvest,581,485,4673,132,449,3234.6,361,65,23
viirs-snpp,2015,Kirkuk,rest,985,904,10856,407,578,6050.6,393,98,87
viirs-snpp,2015,Ninawa,harvest,3123,2586,267,298,2825,39120.8,2354,429,42
viirs-snpp,2015,Ninawa,rest,1347,1159,740,386,961,8246.0,468,471,22
viirs-snpp,2016,Dohuk,harvest,606,499,0,109,497,3729.6,100,386,11
viirs-snpp,2016,Dohuk,rest,1470,1319,5,348,1122,8432.4,199,911,12
viirs-snpp,2016,Erbil,harvest,629,530,1043,194,435,4070.3,174,243,18
viirs-snpp,2016,Erbil,rest,1356,1244,2480,534,822,6405.9,381,416,25
viirs-snpp,2016,Al-Sulaimaniyah,harvest,749,649,357,54,695,5072.0,329,349,17
viirs-snpp,2016,Al-Sulaimaniyah,rest,778,698,947,71,707,5002.6,199,498,10
viirs-snpp,2016,Kirkuk,harvest,1229,1062,4947,124,1105,10468.3,609,104,392
viirs-snpp,2016,Kirkuk,rest,1145,1066,12140,305,840,8694.0,314,452,74
viirs-snpp,2016,Ninawa,harvest,2568,2157,521,1029,1539,26305.6,1265,236,38
viirs-snpp,2016,Ninawa,rest,10377,9927,910,8859,1518,73300.7,723,688,107
viirs-snpp,2017,Dohuk,harvest,279,252,258,147,132,1466.1,33,94,5
viirs-snpp,2017,Dohuk,rest,1230,1160,378,713,517,5210.4,65,443,9
viirs-snpp,2017,Erbil,harvest,781,691,907,466,315,3425.8,146,161,8
viirs-snpp,2017,Erbil,rest,1673,1591,2512,1154,519,5847.8,265,225,29
viirs-snpp,2017,Al-Sulaimaniyah,harvest,708,596,344,83,625,7126.8,244,369,12
viirs-snpp,2017,Al-Sulaimaniyah,rest,654,589,682,186,468,3223.2,125,338,5
viirs-snpp,2017,Kirkuk,harvest,1160,884,5888,310,850,9905.5,658,126,66
viirs-snpp,2017,Kirkuk,rest,1169,1069,10857,642,527,9996.2,319,139,69
viirs-snpp,2017,Ninawa,harvest,1013,823,436,269,744,8616.5,576,121,47
viirs-snpp,2017,Ninawa,rest,2322,2226,904,2006,316,13992.9,188,98,30
viirs-snpp,2018,Dohuk,harvest,836,782,233,717,119,3150.0,9,108,2
viirs-snpp,2018,Dohuk,rest,2113,2019,649,1707,406,7617.0,17,385,4
viirs-snpp,2018,Erbil,harvest,1630,1484,1227,1175,455,8365.7,120,316,19
viirs-snpp,2018,Erbil,rest,2480,2317,2894,1902,578,10927.4,126,428,24
viirs-snpp,2018,Al-Sulaimaniyah,harvest,360,319,341,17,343,2289.4,95,244,4
viirs-snpp,2018,Al-Sulaimaniyah,rest,461,417,652,117,344,2272.8,82,257,5
viirs-snpp,2018,Kirkuk,harvest,256,219,3413,105,151,1127.9,128,6,17
viirs-snpp,2018,Kirkuk,rest,359,322,7938,105,254,1601.3,174,42,38
viirs-snpp,2018,Ninawa,harvest,255,237,543,162,93,799.2,61,26,6
viirs-snpp,2018,Ninawa,rest,465,451,991,312,153,1346.4,24,128,1
viirs-snpp,2019,Dohuk,harvest,1669,1535,809,1087,582,7164.9,58,511,13
viirs-snpp,2019,Dohuk,rest,2554,2414,1719,1528,1026,8809.2,351,664,11
viirs-snpp,2019,Erbil,harvest,1711,1454,1911,641,1070,20768.1,548,474,48
viirs-snpp,2019,Erbil,rest,3135,2736,5568,567,2568,20841.8,2122,398,48
viirs-snpp,2019,Al-Sulaimaniyah,harvest,899,765,484,116,783,7561.6,238,536,9
viirs-snpp,2019,Al-Sulaimaniyah,rest,1168,1066,908,221,947,7275.3,369,564,14
viirs-snpp,2019,Kirkuk,harvest,3251,2469,5256,35,3216,57776.0,2137,500,579
viirs-snpp,2019,Kirkuk,rest,2568,2092,10882,77,2491,23619.7,1772,330,389
viirs-snpp,2019,Ninawa,harvest,5567,4504,481,179,5388,137413.1,4791,491,106
viirs-snpp,2019,Ninawa,rest,7239,5918,1198,210,7029,62539.3,6552,401,76
viirs-snpp,2020,Dohuk,harvest,846,755,1011,246,600,4416.9,87,499,14
viirs-snpp,2020,Dohuk,rest,1802,1637,2061,595,1207,9529.0,238,967,2
viirs-snpp,2020,Erbil,harvest,1049,835,2699,92,957,11555.4,646,268,43
viirs-snpp,2020,Erbil,rest,2009,1681,6088,163,1846,12176.9,1196,608,42
viirs-snpp,2020,Al-Sulaimaniyah,harvest,981,833,452,36,945,8901.8,424,509,12
viirs-snpp,2020,Al-Sulaimaniyah,rest,1177,1036,1049,52,1125,7166.5,423,690,12
viirs-snpp,2020,Kirkuk,harvest,2015,1577,4406,48,1967,21792.8,1212,491,264
viirs-snpp,2020,Kirkuk,rest,1165,982,11044,92,1073,7041.4,728,243,102
viirs-snpp,2020,Ninawa,harvest,4201,3248,582,42,4159,53853.3,3408,655,96
viirs-snpp,2020,Ninawa,rest,2818,2353,1425,116,2702,15963.2,2054,610,38
viirs-snpp,2021,Dohuk,harvest,1503,1256,1229,102,1401,8597.5,26,1371,4
viirs-snpp,2021,Dohuk,rest,1222,1090,2379,216,1006,7533.2,64,939,3
viirs-snpp,2021,Erbil,harvest,808,662,2520,308,500,3428.0,64,428,8
viirs-snpp,2021,Erbil,rest,1168,1097,5536,639,529,3698.2,134,383,12
viirs-snpp,2021,Al-Sulaimaniyah,harvest,584,490,552,13,571,3569.6,96,467,8
viirs-snpp,2021,Al-Sulaimaniyah,rest,398,362,1195,52,346,1674.7,39,294,13
viirs-snpp,2021,Kirkuk,harvest,413,306,5070,74,339,3061.5,238,81,20
viirs-snpp,2021,Kirkuk,rest,613,548,12110,146,467,3883.4,335,93,39
viirs-snpp,2021,Ninawa,harvest,472,403,661,141,331,3129.4,52,266,13
viirs-snpp,2021,Ninawa,rest,783,721,1607,280,503,3261.0,61,429,13
viirs-snpp,2022,Dohuk,harvest,165,158,1008,113,52,469.3,7,44,1
viirs-snpp,2022,Dohuk,rest,489,467,2360,306,183,1931.3,20,161,2
viirs-snpp,2022,Erbil,harvest,219,188,1997,136,83,591.1,28,42,13
viirs-snpp,2022,Erbil,rest,735,695,4953,441,294,2149.8,166,114,14
viirs-snpp,2022,Al-Sulaimaniyah,harvest,58,49,410,19,39,250.0,15,21,3
viirs-snpp,2022,Al-Sulaimaniyah,rest,166,158,1039,53,113,484.9,36,74,3
viirs-snpp,2022,Kirkuk,harvest,238,183,4610,23,215,1511.9,180,25,10
viirs-snpp,2022,Kirkuk,rest,463,420,9901,76,387,2363.7,307,40,40
viirs-snpp,2022,Ninawa,harvest,181,174,592,111,70,673.2,39,28,3
viirs-snpp,2022,Ninawa,rest,436,429,1470,306,130,845.3,86,41,3
viirs-snpp,2023,Dohuk,harvest,331,299,279,7,324,1898.4,61,258,5
viirs-snpp,2023,Dohuk,rest,838,736,1257,56,782,5998.1,152,624,6
viirs-snpp,2023,Erbil,harvest,442,323,1356,39,403,2348.3,155,194,54
viirs-snpp,2023,Erbil,rest,996,873,4085,220,776,5246.9,526,230,20
viirs-snpp,2023,Al-Sulaimaniyah,harvest,780,686,610,71,709,8499.1,401,295,13
viirs-snpp,2023,Al-Sulaimaniyah,rest,1921,1703,1415,186,1735,14733.4,1030,675,30
viirs-snpp,2023,Kirkuk,harvest,699,551,4142,34,665,6628.3,545,89,31
viirs-snpp,2023,Kirkuk,rest,933,776,10577,59,874,6184.4,690,136,48
viirs-snpp,2023,Ninawa,harvest,321,266,165,92,229,2525.4,168,43,18
viirs-snpp,2023,Ninawa,rest,858,781,1261,252,606,4667.0,520,71,15
viirs-snpp,2024,Dohuk,harvest,545,465,622,32,513,4956.1,133,371,9
viirs-snpp,2024,Dohuk,rest,1492,1302,1867,87,1405,10372.0,694,704,7
viirs-snpp,2024,Erbil,harvest,624,519,997,129,495,5813.4,310,149,36
viirs-snpp,2024,Erbil,rest,2347,2036,3111,394,1953,14215.9,1564,355,34
viirs-snpp,2024,Al-Sulaimaniyah,harvest,872,782,450,30,842,6374.6,422,408,12
viirs-snpp,2024,Al-Sulaimaniyah,rest,937,797,1294,52,885,4943.7,561,299,25
viirs-snpp,2024,Kirkuk,harvest,1087,831,3888,115,972,9011.1,635,265,72
viirs-snpp,2024,Kirkuk,rest,1233,1065,12218,87,1146,9159.8,723,314,109
viirs-snpp,2024,Ninawa,harvest,1401,1089,548,45,1356,22346.9,1169,163,24
viirs-snpp,2024,Ninawa,rest,2542,2162,1596,137,2405,15906.8,2090,297,18
