sensor,governorate,date,crop_fire_estimate
modis,Al-Sulaimaniyah,2019-05-12,1
modis,Al-Sulaimaniyah,2019-05-14,1
modis,Al-Sulaimaniyah,2019-05-19,1
modis,Al-Sulaimaniyah,2019-05-23,1
modis,Al-Sulaimaniyah,2019-06-01,1
modis,Al-Sulaimaniyah,2019-06-03,1
modis,Al-Sulaimaniyah,2019-06-07,3
modis,Al-Sulaimaniyah,2019-06-12,12
modis,Al-Sulaimaniyah,2019-06-14,1
modis,Al-Sulaimaniyah,2019-06-16,4
modis,Al-Sulaimaniyah,2019-06-18,4
modis,Al-Sulaimaniyah,2019-06-20,1
modis,Al-Sulaimaniyah,2019-06-21,1
modis,Al-Sulaimaniyah,2019-06-23,2
modis,Al-Sulaimaniyah,2019-06-24,2
modis,Al-Sulaimaniyah,2019-06-25,1
modis,Al-Sulaimaniyah,2019-06-26,13
modis,Al-Sulaimaniyah,2019-06-28,1
modis,Al-Sulaimaniyah,2019-06-29,6
modis,Al-Sulaimaniyah,2019-06-30,7
modis,Al-Sulaimaniyah,2019-07-01,6
modis,Al-Sulaimaniyah,2019-07-02,7
modis,Al-Sulaimaniyah,2019-07-03,1
modis,Al-Sulaimaniyah,2019-07-04,3
modis,Al-Sulaimaniyah,2019-07-06,5
modis,Al-Sulaimaniyah,2019-07-07,2
modis,Al-Sulaimaniyah,2019-07-08,13
modis,Al-Sulaimaniyah,2019-07-10,3
modis,Al-Sulaimaniyah,2019-07-11,1
modis,Al-Sulaimaniyah,2019-07-17,2
modis,Al-Sulaimaniyah,2019-07-18,1
modis,Al-Sulaimaniyah,2019-07-19,6
modis,Al-Sulaimaniyah,2019-07-20,5
modis,Al-Sulaimaniyah,2019-07-21,2
modis,Al-Sulaimaniyah,2019-07-22,5
modis,Al-Sulaimaniyah,2019-07-24,2
modis,Al-Sulaimaniyah,2019-07-26,2
modis,Al-Sulaimaniyah,2019-07-28,12
modis,Al-Sulaimaniyah,2019-07-29,1
modis,Al-Sulaimaniyah,2019-07-31,5
modis,Al-Sulaimaniyah,2024-05-09,3
modis,Al-Sulaimaniyah,2024-05-14,3
modis,Al-Sulaimaniyah,2024-05-17,2
modis,Al-Sulaimaniyah,2024-05-19,1
modis,Al-Sulaimaniyah,2024-05-24,2
modis,Al-Sulaimaniyah,2024-05-29,3
modis,Al-Sulaimaniyah,2024-05-31,5
modis,Al-Sulaimaniyah,2024-06-02,3
modis,Al-Sulaimaniyah,2024-06-03,2
modis,Al-Sulaimaniyah,2024-06-05,5
modis,Al-Sulaimaniyah,2024-06-06,4
modis,Al-Sulaimaniyah,2024-06-07,6
modis,Al-Sulaimaniyah,2024-06-09,8
modis,Al-Sulaimaniyah,2024-06-10,5
modis,Al-Sulaimaniyah,2024-06-11,5
modis,Al-Sulaimaniyah,2024-06-12,15
modis,Al-Sulaimaniyah,2024-06-13,8
modis,Al-Sulaimaniyah,2024-06-14,9
modis,Al-Sulaimaniyah,2024-06-15,12
modis,Al-Sulaimaniyah,2024-06-16,1
modis,Al-Sulaimaniyah,2024-06-17,2
modis,Al-Sulaimaniyah,2024-06-19,26
modis,Al-Sulaimaniyah,2024-06-20,12
modis,Al-Sulaimaniyah,2024-06-21,3
modis,Al-Sulaimaniyah,2024-06-22,3
modis,Al-Sulaimaniyah,2024-06-24,9
modis,Al-Sulaimaniyah,2024-06-25,5
modis,Al-Sulaimaniyah,2024-06-26,3
modis,Al-Sulaimaniyah,2024-06-27,10
modis,Al-Sulaimaniyah,2024-06-28,4
modis,Al-Sulaimaniyah,2024-06-29,1
modis,Al-Sulaimaniyah,2024-06-30,4
modis,Al-Sulaimaniyah,2024-07-01,2
modis,Al-Sulaimaniyah,2024-07-02,4
modis,Al-Sulaimaniyah,2024-07-04,2
modis,Al-Sulaimaniyah,2024-07-05,6
modis,Al-Sulaimaniyah,2024-07-06,4
modis,Al-Sulaimaniyah,2024-07-08,2
modis,Al-Sulaimaniyah,2024-07-09,2
modis,Al-Sulaimaniyah,2024-07-11,10
modis,Al-Sulaimaniyah,2024-07-12,5
modis,Al-Sulaimaniyah,2024-07-13,12
modis,Al-Sulaimaniyah,2024-07-14,7
modis,Al-Sulaimaniyah,2024-07-16,1
modis,Al-Sulaimaniyah,2024-07-19,2
modis,Al-Sulaimaniyah,2024-07-20,2
modis,Al-Sulaimaniyah,2024-07-22,1
modis,Al-Sulaimaniyah,2024-07-23,2
modis,Al-Sulaimaniyah,2024-07-24,3
modis,Al-Sulaimaniyah,2024-07-25,10
modis,Al-Sulaimaniyah,2024-07-26,12
modis,Al-Sulaimaniyah,2024-07-27,2
modis,Al-Sulaimaniyah,2024-07-29,13
modis,Al-Sulaimaniyah,2024-07-30,1
modis,Al-Sulaimaniyah,2024-07-31,6
modis,Dohuk,2019-05-05,2
modis,Dohuk,2019-05-07,1
modis,Dohuk,2019-05-08,1
modis,Dohuk,2019-05-09,1
modis,Dohuk,2019-05-12,6
modis,Dohuk,2019-05-21,1
modis,Dohuk,2019-05-25,2
modis,Dohuk,2019-05-26,1
modis,Dohuk,2019-05-27,2
modis,Dohuk,2019-05-28,3
modis,Dohuk,2019-05-29,3
modis,Dohuk,2019-05-30,3
modis,Dohuk,2019-06-01,1
modis,Dohuk,2019-06-02,6
modis,Dohuk,2019-06-03,0
modis,Dohuk,2019-06-05,1
modis,Dohuk,2019-06-08,1
modis,Dohuk,2019-06-13,1
modis,Dohuk,2019-06-15,4
modis,Dohuk,2019-06-18,4
modis,Dohuk,2019-06-22,1
modis,Dohuk,2019-06-23,1
modis,Dohuk,2019-06-24,2
modis,Dohuk,2019-06-25,3
modis,Dohuk,2019-06-27,3
modis,Dohuk,2019-06-29,2
modis,Dohuk,2019-07-01,11
modis,Dohuk,2019-07-02,8
modis,Dohuk,2019-07-03,1
modis,Dohuk,2019-07-04,4
modis,Dohuk,2019-07-05,5
modis,Dohuk,2019-07-06,3
modis,Dohuk,2019-07-07,8
modis,Dohuk,2019-07-11,3
modis,Dohuk,2019-07-12,1
modis,Dohuk,2019-07-17,1
modis,Dohuk,2019-07-18,2
modis,Dohuk,2019-07-19,2
modis,Dohuk,2019-07-20,4
modis,Dohuk,2019-07-21,1
modis,Dohuk,2019-07-22,6
modis,Dohuk,2019-07-24,4
modis,Dohuk,2019-07-25,1
modis,Dohuk,2019-07-26,1
modis,Dohuk,2019-07-27,4
modis,Dohuk,2019-07-28,5
modis,Dohuk,2019-07-31,4
modis,Dohuk,2024-05-09,1
modis,Dohuk,2024-05-14,1
modis,Dohuk,2024-05-17,2
modis,Dohuk,2024-05-19,4
modis,Dohuk,2024-05-27,1
modis,Dohuk,2024-06-01,1
modis,Dohuk,2024-06-07,1
modis,Dohuk,2024-06-08,2
modis,Dohuk,2024-06-10,1
modis,Dohuk,2024-06-11,9
modis,Dohuk,2024-06-12,1
modis,Dohuk,2024-06-14,2
modis,Dohuk,2024-06-15,2
modis,Dohuk,2024-06-17,1
modis,Dohuk,2024-06-18,3
modis,Dohuk,2024-06-20,2
modis,Dohuk,2024-06-21,0
modis,Dohuk,2024-06-22,2
modis,Dohuk,2024-06-25,3
modis,Dohuk,2024-06-26,1
modis,Dohuk,2024-06-27,3
modis,Dohuk,2024-06-28,1
modis,Dohuk,2024-06-29,6
modis,Dohuk,2024-07-02,1
modis,Dohuk,2024-07-04,1
modis,Dohuk,2024-07-05,3
modis,Dohuk,2024-07-06,8
modis,Dohuk,2024-07-07,6
modis,Dohuk,2024-07-09,3
modis,Dohuk,2024-07-12,2
modis,Dohuk,2024-07-14,2
modis,Dohuk,2024-07-16,1
modis,Dohuk,2024-07-17,2
modis,Dohuk,2024-07-18,7
modis,Dohuk,2024-07-19,14
modis,Dohuk,2024-07-20,2
modis,Dohuk,2024-07-22,1
modis,Dohuk,2024-07-23,2
modis,Dohuk,2024-07-24,8
modis,Dohuk,2024-07-25,7
modis,Dohuk,2024-07-26,8
modis,Dohuk,2024-07-27,2
modis,Dohuk,2024-07-28,1
modis,Dohuk,2024-07-29,3
modis,Dohuk,2024-07-30,5
modis,Dohuk,2024-07-31,6
modis,Erbil,2019-05-05,2
modis,Erbil,2019-05-08,1
modis,Erbil,2019-05-12,0
modis,Erbil,2019-05-14,2
modis,Erbil,2019-05-20,2
modis,Erbil,2019-05-23,0
modis,Erbil,2019-05-24,1
modis,Erbil,2019-05-25,1
modis,Erbil,2019-05-28,2
modis,Erbil,2019-05-30,3
modis,Erbil,2019-05-31,1
modis,Erbil,2019-06-01,4
modis,Erbil,2019-06-02,1
modis,Erbil,2019-06-03,3
modis,Erbil,2019-06-04,3
modis,Erbil,2019-06-05,5
modis,Erbil,2019-06-06,1
modis,Erbil,2019-06-09,0
modis,Erbil,2019-06-10,0
modis,Erbil,2019-06-12,1
modis,Erbil,2019-06-13,8
modis,Erbil,2019-06-15,4
modis,Erbil,2019-06-16,4
modis,Erbil,2019-06-17,13
modis,Erbil,2019-06-18,3
modis,Erbil,2019-06-20,5
modis,Erbil,2019-06-21,5
modis,Erbil,2019-06-22,7
modis,Erbil,2019-06-23,6
modis,Erbil,2019-06-24,10
modis,Erbil,2019-06-25,17
modis,Erbil,2019-06-26,6
modis,Erbil,2019-06-27,11
modis,Erbil,2019-06-28,1
modis,Erbil,2019-06-29,7
modis,Erbil,2019-07-01,10
modis,Erbil,2019-07-03,2
modis,Erbil,2019-07-04,3
modis,Erbil,2019-07-05,2
modis,Erbil,2019-07-06,8
modis,Erbil,2019-07-08,2
modis,Erbil,2019-07-09,16
modis,Erbil,2019-07-10,2
modis,Erbil,2019-07-11,13
modis,Erbil,2019-07-13,3
modis,Erbil,2019-07-15,2
modis,Erbil,2019-07-16,1
modis,Erbil,2019-07-17,1
modis,Erbil,2019-07-19,5
modis,Erbil,2019-07-20,12
modis,Erbil,2019-07-21,2
modis,Erbil,2019-07-22,2
modis,Erbil,2019-07-25,1
modis,Erbil,2019-07-26,1
modis,Erbil,2019-07-27,4
modis,Erbil,2019-07-28,5
modis,Erbil,2019-07-29,4
modis,Erbil,2019-07-30,3
modis,Erbil,2019-07-31,11
modis,Erbil,2024-05-01,0
modis,Erbil,2024-05-04,0
modis,Erbil,2024-05-05,2
modis,Erbil,2024-05-09,4
modis,Erbil,2024-05-10,0
modis,Erbil,2024-05-11,1
modis,Erbil,2024-05-14,2
modis,Erbil,2024-05-17,1
modis,Erbil,2024-05-19,3
modis,Erbil,2024-05-24,4
modis,Erbil,2024-05-26,1
modis,Erbil,2024-05-31,3
modis,Erbil,2024-06-02,1
modis,Erbil,2024-06-03,3
modis,Erbil,2024-06-04,1
modis,Erbil,2024-06-05,7
modis,Erbil,2024-06-06,4
modis,Erbil,2024-06-07,2
modis,Erbil,2024-06-08,1
modis,Erbil,2024-06-09,7
modis,Erbil,2024-06-11,1
modis,Erbil,2024-06-12,10
modis,Erbil,2024-06-13,1
modis,Erbil,2024-06-14,4
modis,Erbil,2024-06-15,2
modis,Erbil,2024-06-17,5
modis,Erbil,2024-06-18,8
modis,Erbil,2024-06-19,9
modis,Erbil,2024-06-20,5
modis,Erbil,2024-06-21,1
modis,Erbil,2024-06-22,3
modis,Erbil,2024-06-23,2
modis,Erbil,2024-06-24,3
modis,Erbil,2024-06-25,2
modis,Erbil,2024-06-27,4
modis,Erbil,2024-06-28,2
modis,Erbil,2024-06-29,9
modis,Erbil,2024-06-30,2
modis,Erbil,2024-07-01,1
modis,Erbil,2024-07-02,6
modis,Erbil,2024-07-03,1
modis,Erbil,2024-07-04,5
modis,Erbil,2024-07-05,8
modis,Erbil,2024-07-06,12
modis,Erbil,2024-07-07,8
modis,Erbil,2024-07-09,6
modis,Erbil,2024-07-10,4
modis,Erbil,2024-07-11,2
modis,Erbil,2024-07-12,11
modis,Erbil,2024-07-14,2
modis,Erbil,2024-07-15,2
modis,Erbil,2024-07-16,2
modis,Erbil,2024-07-17,1
modis,Erbil,2024-07-18,8
modis,Erbil,2024-07-19,4
modis,Erbil,2024-07-21,5
modis,Erbil,2024-07-23,3
modis,Erbil,2024-07-24,3
modis,Erbil,2024-07-26,8
modis,Erbil,2024-07-28,8
modis,Erbil,2024-07-31,9
modis,Kirkuk,2019-05-01,1
modis,Kirkuk,2019-05-02,0
modis,Kirkuk,2019-05-05,0
modis,Kirkuk,2019-05-07,0
modis,Kirkuk,2019-05-08,0
modis,Kirkuk,2019-05-09,0
modis,Kirkuk,2019-05-11,0
modis,Kirkuk,2019-05-12,1
modis,Kirkuk,2019-05-13,0
modis,Kirkuk,2019-05-14,2
modis,Kirkuk,2019-05-15,7
modis,Kirkuk,2019-05-16,8
modis,Kirkuk,2019-05-17,10
modis,Kirkuk,2019-05-18,23
modis,Kirkuk,2019-05-19,9
modis,Kirkuk,2019-05-20,4
modis,Kirkuk,2019-05-21,8
modis,Kirkuk,2019-05-22,1
modis,Kirkuk,2019-05-23,2
modis,Kirkuk,2019-05-24,1
modis,Kirkuk,2019-05-27,9
modis,Kirkuk,2019-05-28,0
modis,Kirkuk,2019-05-29,9
modis,Kirkuk,2019-05-30,17
modis,Kirkuk,2019-05-31,16
modis,Kirkuk,2019-06-01,4
modis,Kirkuk,2019-06-02,8
modis,Kirkuk,2019-06-03,5
modis,Kirkuk,2019-06-04,23
modis,Kirkuk,2019-06-05,10
modis,Kirkuk,2019-06-06,6
modis,Kirkuk,2019-06-07,13
modis,Kirkuk,2019-06-08,7
modis,Kirkuk,2019-06-09,1
modis,Kirkuk,2019-06-10,5
modis,Kirkuk,2019-06-11,2
modis,Kirkuk,2019-06-12,31
modis,Kirkuk,2019-06-13,15
modis,Kirkuk,2019-06-14,5
modis,Kirkuk,2019-06-15,10
modis,Kirkuk,2019-06-16,14
modis,Kirkuk,2019-06-17,19
modis,Kirkuk,2019-06-18,18
modis,Kirkuk,2019-06-19,6
modis,Kirkuk,2019-06-20,28
modis,Kirkuk,2019-06-21,25
modis,Kirkuk,2019-06-22,21
modis,Kirkuk,2019-06-23,7
modis,Kirkuk,2019-06-24,24
modis,Kirkuk,2019-06-25,31
modis,Kirkuk,2019-06-26,20
modis,Kirkuk,2019-06-27,39
modis,Kirkuk,2019-06-28,7
modis,Kirkuk,2019-06-29,11
modis,Kirkuk,2019-06-30,10
modis,Kirkuk,2019-07-01,17
modis,Kirkuk,2019-07-02,11
modis,Kirkuk,2019-07-03,30
modis,Kirkuk,2019-07-04,9
modis,Kirkuk,2019-07-05,12
modis,Kirkuk,2019-07-06,20
modis,Kirkuk,2019-07-07,5
modis,Kirkuk,2019-07-08,10
modis,Kirkuk,2019-07-09,12
modis,Kirkuk,2019-07-10,6
modis,Kirkuk,2019-07-11,15
modis,Kirkuk,2019-07-12,5
modis,Kirkuk,2019-07-13,10
modis,Kirkuk,2019-07-14,6
modis,Kirkuk,2019-07-15,11
modis,Kirkuk,2019-07-16,9
modis,Kirkuk,2019-07-17,9
modis,Kirkuk,2019-07-18,0
modis,Kirkuk,2019-07-19,5
modis,Kirkuk,2019-07-20,15
modis,Kirkuk,2019-07-21,8
modis,Kirkuk,2019-07-22,8
modis,Kirkuk,2019-07-23,7
modis,Kirkuk,2019-07-24,6
modis,Kirkuk,2019-07-25,8
modis,Kirkuk,2019-07-26,9
modis,Kirkuk,2019-07-28,4
modis,Kirkuk,2019-07-29,1
modis,Kirkuk,2019-07-30,4
modis,Kirkuk,2019-07-31,7
modis,Kirkuk,2024-05-04,0
modis,Kirkuk,2024-05-05,1
modis,Kirkuk,2024-05-06,1
modis,Kirkuk,2024-05-07,1
modis,Kirkuk,2024-05-09,1
modis,Kirkuk,2024-05-11,0
modis,Kirkuk,2024-05-14,2
modis,Kirkuk,2024-05-20,1
modis,Kirkuk,2024-05-21,0
modis,Kirkuk,2024-05-26,3
modis,Kirkuk,2024-05-27,1
modis,Kirkuk,2024-05-28,1
modis,Kirkuk,2024-05-29,1
modis,Kirkuk,2024-05-30,3
modis,Kirkuk,2024-06-02,9
modis,Kirkuk,2024-06-03,6
modis,Kirkuk,2024-06-04,4
modis,Kirkuk,2024-06-05,10
modis,Kirkuk,2024-06-06,2
modis,Kirkuk,2024-06-07,20
modis,Kirkuk,2024-06-08,10
modis,Kirkuk,2024-06-09,19
modis,Kirkuk,2024-06-10,2
modis,Kirkuk,2024-06-11,10
modis,Kirkuk,2024-06-12,25
modis,Kirkuk,2024-06-13,9
modis,Kirkuk,2024-06-14,14
modis,Kirkuk,2024-06-15,4
modis,Kirkuk,2024-06-16,0
modis,Kirkuk,2024-06-17,2
modis,Kirkuk,2024-06-18,6
modis,Kirkuk,2024-06-19,25
modis,Kirkuk,2024-06-20,16
modis,Kirkuk,2024-06-21,12
modis,Kirkuk,2024-06-22,9
modis,Kirkuk,2024-06-23,3
modis,Kirkuk,2024-06-24,14
modis,Kirkuk,2024-06-25,11
modis,Kirkuk,2024-06-26,4
modis,Kirkuk,2024-06-27,6
modis,Kirkuk,2024-06-28,1
modis,Kirkuk,2024-06-29,11
modis,Kirkuk,2024-06-30,6
modis,Kirkuk,2024-07-01,3
modis,Kirkuk,2024-07-02,2
modis,Kirkuk,2024-07-03,2
modis,Kirkuk,2024-07-04,1
modis,Kirkuk,2024-07-06,4
modis,Kirkuk,2024-07-07,3
modis,Kirkuk,2024-07-09,3
modis,Kirkuk,2024-07-11,1
modis,Kirkuk,2024-07-14,1
modis,Kirkuk,2024-07-16,2
modis,Kirkuk,2024-07-17,4
modis,Kirkuk,2024-07-18,1
modis,Kirkuk,2024-07-19,4
modis,Kirkuk,2024-07-21,2
modis,Kirkuk,2024-07-22,1
modis,Kirkuk,2024-07-23,4
modis,Kirkuk,2024-07-24,1
modis,Kirkuk,2024-07-26,7
modis,Kirkuk,2024-07-28,3
modis,Kirkuk,2024-07-29,1
modis,Ninawa,2019-05-14,0
modis,Ninawa,2019-05-16,0
modis,Ninawa,2019-05-21,1
modis,Ninawa,2019-05-22,2
modis,Ninawa,2019-05-24,1
modis,Ninawa,2019-05-28,1
modis,Ninawa,2019-05-29,1
modis,Ninawa,2019-05-30,2
modis,Ninawa,2019-06-02,1
modis,Ninawa,2019-06-03,1
modis,Ninawa,2019-06-04,10
modis,Ninawa,2019-06-05,9
modis,Ninawa,2019-06-06,1
modis,Ninawa,2019-06-08,3
modis,Ninawa,2019-06-10,1
modis,Ninawa,2019-06-11,30
modis,Ninawa,2019-06-12,8
modis,Ninawa,2019-06-13,1
modis,Ninawa,2019-06-14,12
modis,Ninawa,2019-06-15,15
modis,Ninawa,2019-06-16,5
modis,Ninawa,2019-06-17,16
modis,Ninawa,2019-06-19,11
modis,Ninawa,2019-06-20,4
modis,Ninawa,2019-06-21,9
modis,Ninawa,2019-06-23,31
modis,Ninawa,2019-06-24,74
modis,Ninawa,2019-06-25,32
modis,Ninawa,2019-06-26,55
modis,Ninawa,2019-06-27,45
modis,Ninawa,2019-06-28,59
modis,Ninawa,2019-06-29,40
modis,Ninawa,2019-06-30,34
modis,Ninawa,2019-07-01,12
modis,Ninawa,2019-07-02,22
modis,Ninawa,2019-07-03,18
modis,Ninawa,2019-07-04,9
modis,Ninawa,2019-07-05,1
modis,Ninawa,2019-07-06,18
modis,Ninawa,2019-07-07,9
modis,Ninawa,2019-07-08,26
modis,Ninawa,2019-07-09,36
modis,Ninawa,2019-07-10,19
modis,Ninawa,2019-07-11,13
modis,Ninawa,2019-07-12,73
modis,Ninawa,2019-07-13,19
modis,Ninawa,2019-07-14,33
modis,Ninawa,2019-07-15,77
modis,Ninawa,2019-07-16,28
modis,Ninawa,2019-07-17,10
modis,Ninawa,2019-07-18,41
modis,Ninawa,2019-07-19,6
modis,Ninawa,2019-07-20,11
modis,Ninawa,2019-07-21,3
modis,Ninawa,2019-07-22,2
modis,Ninawa,2019-07-23,17
modis,Ninawa,2019-07-24,20
modis,Ninawa,2019-07-25,32
modis,Ninawa,2019-07-26,25
modis,Ninawa,2019-07-27,5
modis,Ninawa,2019-07-28,25
modis,Ninawa,2019-07-29,12
modis,Ninawa,2019-07-30,2
modis,Ninawa,2019-07-31,25
modis,Ninawa,2024-05-05,0
modis,Ninawa,2024-05-09,0
modis,Ninawa,2024-05-10,1
modis,Ninawa,2024-05-17,3
modis,Ninawa,2024-05-19,4
modis,Ninawa,2024-05-21,0
modis,Ninawa,2024-05-24,0
modis,Ninawa,2024-05-26,0
modis,Ninawa,2024-05-27,0
modis,Ninawa,2024-05-28,5
modis,Ninawa,2024-05-30,1
modis,Ninawa,2024-05-31,0
modis,Ninawa,2024-06-02,2
modis,Ninawa,2024-06-03,12
modis,Ninawa,2024-06-04,2
modis,Ninawa,2024-06-05,1
modis,Ninawa,2024-06-06,3
modis,Ninawa,2024-06-07,15
modis,Ninawa,2024-06-08,28
modis,Ninawa,2024-06-09,43
modis,Ninawa,2024-06-10,19
modis,Ninawa,2024-06-11,5
modis,Ninawa,2024-06-12,7
modis,Ninawa,2024-06-13,7
modis,Ninawa,2024-06-14,4
modis,Ninawa,2024-06-15,2
modis,Ninawa,2024-06-16,4
modis,Ninawa,2024-06-17,6
modis,Ninawa,2024-06-18,6
modis,Ninawa,2024-06-19,8
modis,Ninawa,2024-06-20,7
modis,Ninawa,2024-06-21,7
modis,Ninawa,2024-06-22,7
modis,Ninawa,2024-06-24,11
modis,Ninawa,2024-06-25,10
modis,Ninawa,2024-06-26,2
modis,Ninawa,2024-06-27,13
modis,Ninawa,2024-06-28,6
modis,Ninawa,2024-06-29,9
modis,Ninawa,2024-06-30,6
modis,Ninawa,2024-07-01,5
modis,Ninawa,2024-07-02,10
modis,Ninawa,2024-07-03,6
modis,Ninawa,2024-07-04,15
modis,Ninawa,2024-07-05,22
modis,Ninawa,2024-07-06,15
modis,Ninawa,2024-07-07,14
modis,Ninawa,2024-07-08,10
modis,Ninawa,2024-07-09,4
modis,Ninawa,2024-07-10,3
modis,Ninawa,2024-07-11,2
modis,Ninawa,2024-07-12,12
modis,Ninawa,2024-07-14,2
modis,Ninawa,2024-07-15,0
modis,Ninawa,2024-07-16,5
modis,Ninawa,2024-07-17,5
modis,Ninawa,2024-07-18,5
modis,Ninawa,2024-07-19,12
modis,Ninawa,2024-07-20,4
modis,Ninawa,2024-07-21,12
modis,Ninawa,2024-07-22,5
modis,Ninawa,2024-07-23,9
modis,Ninawa,2024-07-24,1
modis,Ninawa,2024-07-25,6
modis,Ninawa,2024-07-26,4
modis,Ninawa,2024-07-28,1
modis,Ninawa,2024-07-29,6
modis,Ninawa,2024-07-30,0
modis,Ninawa,2024-07-31,4
viirs-jpss1,Al-Sulaimaniyah,2019-05-05,0
viirs-jpss1,Al-Sulaimaniyah,2019-05-11,1
viirs-jpss1,Al-Sulaimaniyah,2019-05-12,1
viirs-jpss1,Al-Sulaimaniyah,2019-05-16,2
viirs-jpss1,Al-Sulaimaniyah,2019-05-17,4
viirs-jpss1,Al-Sulaimaniyah,2019-05-18,2
viirs-jpss1,Al-Sulaimaniyah,2019-05-19,0
viirs-jpss1,Al-Sulaimaniyah,2019-05-20,0
viirs-jpss1,Al-Sulaimaniyah,2019-05-21,3
viirs-jpss1,Al-Sulaimaniyah,2019-05-22,0
viirs-jpss1,Al-Sulaimaniyah,2019-05-23,2
viirs-jpss1,Al-Sulaimaniyah,2019-05-24,2
viirs-jpss1,Al-Sulaimaniyah,2019-05-26,0
viirs-jpss1,Al-Sulaimaniyah,2019-05-28,3
viirs-jpss1,Al-Sulaimaniyah,2019-05-29,1
viirs-jpss1,Al-Sulaimaniyah,2019-05-30,2
viirs-jpss1,Al-Sulaimaniyah,2019-05-31,2
viirs-jpss1,Al-Sulaimaniyah,2019-06-01,0
viirs-jpss1,Al-Sulaimaniyah,2019-06-02,6
viirs-jpss1,Al-Sulaimaniyah,2019-06-03,1
viirs-jpss1,Al-Sulaimaniyah,2019-06-06,1
viirs-jpss1,Al-Sulaimaniyah,2019-06-07,12
viirs-jpss1,Al-Sulaimaniyah,2019-06-08,2
viirs-jpss1,Al-Sulaimaniyah,2019-06-09,4
viirs-jpss1,Al-Sulaimaniyah,2019-06-10,3
viirs-jpss1,Al-Sulaimaniyah,2019-06-12,12
viirs-jpss1,Al-Sulaimaniyah,2019-06-13,13
viirs-jpss1,Al-Sulaimaniyah,2019-06-14,14
viirs-jpss1,Al-Sulaimaniyah,2019-06-15,6
viirs-jpss1,Al-Sulaimaniyah,2019-06-16,11
viirs-jpss1,Al-Sulaimaniyah,2019-06-17,16
viirs-jpss1,Al-Sulaimaniyah,2019-06-18,18
viirs-jpss1,Al-Sulaimaniyah,2019-06-19,10
viirs-jpss1,Al-Sulaimaniyah,2019-06-20,5
viirs-jpss1,Al-Sulaimaniyah,2019-06-21,1
viirs-jpss1,Al-Sulaimaniyah,2019-06-23,17
viirs-jpss1,Al-Sulaimaniyah,2019-06-24,21
viirs-jpss1,Al-Sulaimaniyah,2019-06-25,38
viirs-jpss1,Al-Sulaimaniyah,2019-06-26,47
viirs-jpss1,Al-Sulaimaniyah,2019-06-27,4
viirs-jpss1,Al-Sulaimaniyah,2019-06-28,2
viirs-jpss1,Al-Sulaimaniyah,2019-06-29,17
viirs-jpss1,Al-Sulaimaniyah,2019-06-30,36
viirs-jpss1,Al-Sulaimaniyah,2019-07-01,30
viirs-jpss1,Al-Sulaimaniyah,2019-07-02,17
viirs-jpss1,Al-Sulaimaniyah,2019-07-03,5
viirs-jpss1,Al-Sulaimaniyah,2019-07-04,5
viirs-jpss1,Al-Sulaimaniyah,2019-07-05,4
viirs-jpss1,Al-Sulaimaniyah,2019-07-06,24
viirs-jpss1,Al-Sulaimaniyah,2019-07-07,14
viirs-jpss1,Al-Sulaimaniyah,2019-07-08,41
viirs-jpss1,Al-Sulaimaniyah,2019-07-09,23
viirs-jpss1,Al-Sulaimaniyah,2019-07-10,17
viirs-jpss1,Al-Sulaimaniyah,2019-07-11,2
viirs-jpss1,Al-Sulaimaniyah,2019-07-12,2
viirs-jpss1,Al-Sulaimaniyah,2019-07-13,1
viirs-jpss1,Al-Sulaimaniyah,2019-07-14,1
viirs-jpss1,Al-Sulaimaniyah,2019-07-15,5
viirs-jpss1,Al-Sulaimaniyah,2019-07-16,2
viirs-jpss1,Al-Sulaimaniyah,2019-07-17,11
viirs-jpss1,Al-Sulaimaniyah,2019-07-18,8
viirs-jpss1,Al-Sulaimaniyah,2019-07-19,18
viirs-jpss1,Al-Sulaimaniyah,2019-07-20,20
viirs-jpss1,Al-Sulaimaniyah,2019-07-21,12
viirs-jpss1,Al-Sulaimaniyah,2019-07-22,10
viirs-jpss1,Al-Sulaimaniyah,2019-07-23,11
viirs-jpss1,Al-Sulaimaniyah,2019-07-24,24
viirs-jpss1,Al-Sulaimaniyah,2019-07-25,9
viirs-jpss1,Al-Sulaimaniyah,2019-07-26,8
viirs-jpss1,Al-Sulaimaniyah,2019-07-27,15
viirs-jpss1,Al-Sulaimaniyah,2019-07-28,38
viirs-jpss1,Al-Sulaimaniyah,2019-07-29,4
viirs-jpss1,Al-Sulaimaniyah,2019-07-30,2
viirs-jpss1,Al-Sulaimaniyah,2019-07-31,26
viirs-jpss1,Al-Sulaimaniyah,2024-05-07,1
viirs-jpss1,Al-Sulaimaniyah,2024-05-08,1
viirs-jpss1,Al-Sulaimaniyah,2024-05-10,1
viirs-jpss1,Al-Sulaimaniyah,2024-05-11,1
viirs-jpss1,Al-Sulaimaniyah,2024-05-18,1
viirs-jpss1,Al-Sulaimaniyah,2024-05-19,3
viirs-jpss1,Al-Sulaimaniyah,2024-05-20,0
viirs-jpss1,Al-Sulaimaniyah,2024-05-23,6
viirs-jpss1,Al-Sulaimaniyah,2024-05-24,3
viirs-jpss1,Al-Sulaimaniyah,2024-05-26,1
viirs-jpss1,Al-Sulaimaniyah,2024-05-27,1
viirs-jpss1,Al-Sulaimaniyah,2024-05-28,0
viirs-jpss1,Al-Sulaimaniyah,2024-05-29,5
viirs-jpss1,Al-Sulaimaniyah,2024-05-31,8
viirs-jpss1,Al-Sulaimaniyah,2024-06-01,1
viirs-jpss1,Al-Sulaimaniyah,2024-06-02,9
viirs-jpss1,Al-Sulaimaniyah,2024-06-03,2
viirs-jpss1,Al-Sulaimaniyah,2024-06-04,8
viirs-jpss1,Al-Sulaimaniyah,2024-06-05,4
viirs-jpss1,Al-Sulaimaniyah,2024-06-06,9
viirs-jpss1,Al-Sulaimaniyah,2024-06-07,19
viirs-jpss1,Al-Sulaimaniyah,2024-06-08,5
viirs-jpss1,Al-Sulaimaniyah,2024-06-09,51
viirs-jpss1,Al-Sulaimaniyah,2024-06-10,33
viirs-jpss1,Al-Sulaimaniyah,2024-06-11,16
viirs-jpss1,Al-Sulaimaniyah,2024-06-12,34
viirs-jpss1,Al-Sulaimaniyah,2024-06-13,48
viirs-jpss1,Al-Sulaimaniyah,2024-06-14,39
viirs-jpss1,Al-Sulaimaniyah,2024-06-15,18
viirs-jpss1,Al-Sulaimaniyah,2024-06-16,26
viirs-jpss1,Al-Sulaimaniyah,2024-06-17,40
viirs-jpss1,Al-Sulaimaniyah,2024-06-18,14
viirs-jpss1,Al-Sulaimaniyah,2024-06-19,35
viirs-jpss1,Al-Sulaimaniyah,2024-06-20,18
viirs-jpss1,Al-Sulaimaniyah,2024-06-21,13
viirs-jpss1,Al-Sulaimaniyah,2024-06-22,4
viirs-jpss1,Al-Sulaimaniyah,2024-06-23,13
viirs-jpss1,Al-Sulaimaniyah,2024-06-24,26
viirs-jpss1,Al-Sulaimaniyah,2024-06-25,13
viirs-jpss1,Al-Sulaimaniyah,2024-06-26,9
viirs-jpss1,Al-Sulaimaniyah,2024-06-27,19
viirs-jpss1,Al-Sulaimaniyah,2024-06-28,11
viirs-jpss1,Al-Sulaimaniyah,2024-06-29,13
viirs-jpss1,Al-Sulaimaniyah,2024-06-30,16
viirs-jpss1,Al-Sulaimaniyah,2024-07-01,12
viirs-jpss1,Al-Sulaimaniyah,2024-07-02,9
viirs-jpss1,Al-Sulaimaniyah,2024-07-03,6
viirs-jpss1,Al-Sulaimaniyah,2024-07-04,4
viirs-jpss1,Al-Sulaimaniyah,2024-07-05,16
viirs-jpss1,Al-Sulaimaniyah,2024-07-06,13
viirs-jpss1,Al-Sulaimaniyah,2024-07-07,3
viirs-jpss1,Al-Sulaimaniyah,2024-07-08,11
viirs-jpss1,Al-Sulaimaniyah,2024-07-09,6
viirs-jpss1,Al-Sulaimaniyah,2024-07-10,3
viirs-jpss1,Al-Sulaimaniyah,2024-07-11,22
viirs-jpss1,Al-Sulaimaniyah,2024-07-12,34
viirs-jpss1,Al-Sulaimaniyah,2024-07-13,66
viirs-jpss1,Al-Sulaimaniyah,2024-07-14,3
viirs-jpss1,Al-Sulaimaniyah,2024-07-15,10
viirs-jpss1,Al-Sulaimaniyah,2024-07-16,7
viirs-jpss1,Al-Sulaimaniyah,2024-07-17,6
viirs-jpss1,Al-Sulaimaniyah,2024-07-19,7
viirs-jpss1,Al-Sulaimaniyah,2024-07-20,5
viirs-jpss1,Al-Sulaimaniyah,2024-07-21,3
viirs-jpss1,Al-Sulaimaniyah,2024-07-22,18
viirs-jpss1,Al-Sulaimaniyah,2024-07-23,7
viirs-jpss1,Al-Sulaimaniyah,2024-07-24,19
viirs-jpss1,Al-Sulaimaniyah,2024-07-25,50
viirs-jpss1,Al-Sulaimaniyah,2024-07-26,19
viirs-jpss1,Al-Sulaimaniyah,2024-07-27,4
viirs-jpss1,Al-Sulaimaniyah,2024-07-28,8
viirs-jpss1,Al-Sulaimaniyah,2024-07-29,64
viirs-jpss1,Al-Sulaimaniyah,2024-07-30,7
viirs-jpss1,Al-Sulaimaniyah,2024-07-31,10
viirs-jpss1,Dohuk,2019-05-01,0
viirs-jpss1,Dohuk,2019-05-02,0
viirs-jpss1,Dohuk,2019-05-04,1
viirs-jpss1,Dohuk,2019-05-05,6
viirs-jpss1,Dohuk,2019-05-06,1
viirs-jpss1,Dohuk,2019-05-07,7
viirs-jpss1,Dohuk,2019-05-08,0
viirs-jpss1,Dohuk,2019-05-09,1
viirs-jpss1,Dohuk,2019-05-10,0
viirs-jpss1,Dohuk,2019-05-12,6
viirs-jpss1,Dohuk,2019-05-13,0
viirs-jpss1,Dohuk,2019-05-14,0
viirs-jpss1,Dohuk,2019-05-15,0
viirs-jpss1,Dohuk,2019-05-16,1
viirs-jpss1,Dohuk,2019-05-17,0
viirs-jpss1,Dohuk,2019-05-18,1
viirs-jpss1,Dohuk,2019-05-19,0
viirs-jpss1,Dohuk,2019-05-20,0
viirs-jpss1,Dohuk,2019-05-21,3
viirs-jpss1,Dohuk,2019-05-22,1
viirs-jpss1,Dohuk,2019-05-23,0
viirs-jpss1,Dohuk,2019-05-24,1
viirs-jpss1,Dohuk,2019-05-25,0
viirs-jpss1,Dohuk,2019-05-26,9
viirs-jpss1,Dohuk,2019-05-27,1
viirs-jpss1,Dohuk,2019-05-28,0
viirs-jpss1,Dohuk,2019-05-29,0
viirs-jpss1,Dohuk,2019-05-30,2
viirs-jpss1,Dohuk,2019-05-31,2
viirs-jpss1,Dohuk,2019-06-01,0
viirs-jpss1,Dohuk,2019-06-02,6
viirs-jpss1,Dohuk,2019-06-03,0
viirs-jpss1,Dohuk,2019-06-04,0
viirs-jpss1,Dohuk,2019-06-05,5
viirs-jpss1,Dohuk,2019-06-06,2
viirs-jpss1,Dohuk,2019-06-07,0
viirs-jpss1,Dohuk,2019-06-08,3
viirs-jpss1,Dohuk,2019-06-10,2
viirs-jpss1,Dohuk,2019-06-11,1
viirs-jpss1,Dohuk,2019-06-12,1
viirs-jpss1,Dohuk,2019-06-13,3
viirs-jpss1,Dohuk,2019-06-14,2
viirs-jpss1,Dohuk,2019-06-15,0
viirs-jpss1,Dohuk,2019-06-16,0
viirs-jpss1,Dohuk,2019-06-17,4
viirs-jpss1,Dohuk,2019-06-18,39
viirs-jpss1,Dohuk,2019-06-19,7
viirs-jpss1,Dohuk,2019-06-20,2
viirs-jpss1,Dohuk,2019-06-21,4
viirs-jpss1,Dohuk,2019-06-22,10
viirs-jpss1,Dohuk,2019-06-23,0
viirs-jpss1,Dohuk,2019-06-24,5
viirs-jpss1,Dohuk,2019-06-25,0
viirs-jpss1,Dohuk,2019-06-26,1
viirs-jpss1,Dohuk,2019-06-27,29
viirs-jpss1,Dohuk,2019-06-28,23
viirs-jpss1,Dohuk,2019-06-29,4
viirs-jpss1,Dohuk,2019-06-30,6
viirs-jpss1,Dohuk,2019-07-01,46
viirs-jpss1,Dohuk,2019-07-02,29
viirs-jpss1,Dohuk,2019-07-03,25
viirs-jpss1,Dohuk,2019-07-04,18
viirs-jpss1,Dohuk,2019-07-05,21
viirs-jpss1,Dohuk,2019-07-06,19
viirs-jpss1,Dohuk,2019-07-07,27
viirs-jpss1,Dohuk,2019-07-08,9
viirs-jpss1,Dohuk,2019-07-09,4
viirs-jpss1,Dohuk,2019-07-10,3
viirs-jpss1,Dohuk,2019-07-11,7
viirs-jpss1,Dohuk,2019-07-12,2
viirs-jpss1,Dohuk,2019-07-13,6
viirs-jpss1,Dohuk,2019-07-14,5
viirs-jpss1,Dohuk,2019-07-15,8
viirs-jpss1,Dohuk,2019-07-16,0
viirs-jpss1,Dohuk,2019-07-17,1
viirs-jpss1,Dohuk,2019-07-18,5
viirs-jpss1,Dohuk,2019-07-19,4
viirs-jpss1,Dohuk,2019-07-20,23
viirs-jpss1,Dohuk,2019-07-21,32
viirs-jpss1,Dohuk,2019-07-22,22
viirs-jpss1,Dohuk,2019-07-23,12
viirs-jpss1,Dohuk,2019-07-24,8
viirs-jpss1,Dohuk,2019-07-25,14
viirs-jpss1,Dohuk,2019-07-26,17
viirs-jpss1,Dohuk,2019-07-27,26
viirs-jpss1,Dohuk,2019-07-28,9
viirs-jpss1,Dohuk,2019-07-29,5
viirs-jpss1,Dohuk,2019-07-30,8
viirs-jpss1,Dohuk,2019-07-31,17
viirs-jpss1,Dohuk,2024-05-05,2
viirs-jpss1,Dohuk,2024-05-06,1
viirs-jpss1,Dohuk,2024-05-17,0
viirs-jpss1,Dohuk,2024-05-22,1
viirs-jpss1,Dohuk,2024-05-23,1
viirs-jpss1,Dohuk,2024-05-27,1
viirs-jpss1,Dohuk,2024-05-31,1
viirs-jpss1,Dohuk,2024-06-04,3
viirs-jpss1,Dohuk,2024-06-05,4
viirs-jpss1,Dohuk,2024-06-06,2
viirs-jpss1,Dohuk,2024-06-07,1
viirs-jpss1,Dohuk,2024-06-08,4
viirs-jpss1,Dohuk,2024-06-09,2
viirs-jpss1,Dohuk,2024-06-10,23
viirs-jpss1,Dohuk,2024-06-11,3
viirs-jpss1,Dohuk,2024-06-12,4
viirs-jpss1,Dohuk,2024-06-13,0
viirs-jpss1,Dohuk,2024-06-14,7
viirs-jpss1,Dohuk,2024-06-15,21
viirs-jpss1,Dohuk,2024-06-16,1
viirs-jpss1,Dohuk,2024-06-17,3
viirs-jpss1,Dohuk,2024-06-18,22
viirs-jpss1,Dohuk,2024-06-19,6
viirs-jpss1,Dohuk,2024-06-21,7
viirs-jpss1,Dohuk,2024-06-22,4
viirs-jpss1,Dohuk,2024-06-23,19
viirs-jpss1,Dohuk,2024-06-24,5
viirs-jpss1,Dohuk,2024-06-25,28
viirs-jpss1,Dohuk,2024-06-26,14
viirs-jpss1,Dohuk,2024-06-27,7
viirs-jpss1,Dohuk,2024-06-28,20
viirs-jpss1,Dohuk,2024-06-29,10
viirs-jpss1,Dohuk,2024-06-30,13
viirs-jpss1,Dohuk,2024-07-01,2
viirs-jpss1,Dohuk,2024-07-02,1
viirs-jpss1,Dohuk,2024-07-03,1
viirs-jpss1,Dohuk,2024-07-04,11
viirs-jpss1,Dohuk,2024-07-05,10
viirs-jpss1,Dohuk,2024-07-06,28
viirs-jpss1,Dohuk,2024-07-07,22
viirs-jpss1,Dohuk,2024-07-08,8
viirs-jpss1,Dohuk,2024-07-09,3
viirs-jpss1,Dohuk,2024-07-10,4
viirs-jpss1,Dohuk,2024-07-11,5
viirs-jpss1,Dohuk,2024-07-12,16
viirs-jpss1,Dohuk,2024-07-13,5
viirs-jpss1,Dohuk,2024-07-14,7
viirs-jpss1,Dohuk,2024-07-15,2
viirs-jpss1,Dohuk,2024-07-16,12
viirs-jpss1,Dohuk,2024-07-17,14
viirs-jpss1,Dohuk,2024-07-18,25
viirs-jpss1,Dohuk,2024-07-19,30
viirs-jpss1,Dohuk,2024-07-20,33
viirs-jpss1,Dohuk,2024-07-21,9
viirs-jpss1,Dohuk,2024-07-22,11
viirs-jpss1,Dohuk,2024-07-23,15
viirs-jpss1,Dohuk,2024-07-24,56
viirs-jpss1,Dohuk,2024-07-25,69
viirs-jpss1,Dohuk,2024-07-26,16
viirs-jpss1,Dohuk,2024-07-27,53
viirs-jpss1,Dohuk,2024-07-28,25
viirs-jpss1,Dohuk,2024-07-29,15
viirs-jpss1,Dohuk,2024-07-30,7
viirs-jpss1,Dohuk,2024-07-31,9
viirs-jpss1,Erbil,2019-05-01,0
viirs-jpss1,Erbil,2019-05-04,1
viirs-jpss1,Erbil,2019-05-05,1
viirs-jpss1,Erbil,2019-05-06,1
viirs-jpss1,Erbil,2019-05-07,0
viirs-jpss1,Erbil,2019-05-08,1
viirs-jpss1,Erbil,2019-05-10,0
viirs-jpss1,Erbil,2019-05-11,2
viirs-jpss1,Erbil,2019-05-12,2
viirs-jpss1,Erbil,2019-05-13,1
viirs-jpss1,Erbil,2019-05-14,5
viirs-jpss1,Erbil,2019-05-15,6
viirs-jpss1,Erbil,2019-05-16,1
viirs-jpss1,Erbil,2019-05-17,1
viirs-jpss1,Erbil,2019-05-18,1
viirs-jpss1,Erbil,2019-05-20,10
viirs-jpss1,Erbil,2019-05-21,3
viirs-jpss1,Erbil,2019-05-22,0
viirs-jpss1,Erbil,2019-05-23,9
viirs-jpss1,Erbil,2019-05-24,1
viirs-jpss1,Erbil,2019-05-26,2
viirs-jpss1,Erbil,2019-05-27,4
viirs-jpss1,Erbil,2019-05-28,6
viirs-jpss1,Erbil,2019-05-29,1
viirs-jpss1,Erbil,2019-05-30,9
viirs-jpss1,Erbil,2019-05-31,6
viirs-jpss1,Erbil,2019-06-01,9
viirs-jpss1,Erbil,2019-06-02,14
viirs-jpss1,Erbil,2019-06-03,23
viirs-jpss1,Erbil,2019-06-04,10
viirs-jpss1,Erbil,2019-06-05,19
viirs-jpss1,Erbil,2019-06-06,22
viirs-jpss1,Erbil,2019-06-07,9
viirs-jpss1,Erbil,2019-06-08,9
viirs-jpss1,Erbil,2019-06-09,4
viirs-jpss1,Erbil,2019-06-10,10
viirs-jpss1,Erbil,2019-06-12,9
viirs-jpss1,Erbil,2019-06-13,12
viirs-jpss1,Erbil,2019-06-14,10
viirs-jpss1,Erbil,2019-06-15,3
viirs-jpss1,Erbil,2019-06-16,2
viirs-jpss1,Erbil,2019-06-17,21
viirs-jpss1,Erbil,2019-06-18,12
viirs-jpss1,Erbil,2019-06-19,22
viirs-jpss1,Erbil,2019-06-20,11
viirs-jpss1,Erbil,2019-06-21,34
viirs-jpss1,Erbil,2019-06-22,9
viirs-jpss1,Erbil,2019-06-23,29
viirs-jpss1,Erbil,2019-06-24,45
viirs-jpss1,Erbil,2019-06-25,60
viirs-jpss1,Erbil,2019-06-26,23
viirs-jpss1,Erbil,2019-06-27,24
viirs-jpss1,Erbil,2019-06-28,8
viirs-jpss1,Erbil,2019-06-29,40
viirs-jpss1,Erbil,2019-06-30,12
viirs-jpss1,Erbil,2019-07-01,15
viirs-jpss1,Erbil,2019-07-02,11
viirs-jpss1,Erbil,2019-07-03,13
viirs-jpss1,Erbil,2019-07-04,11
viirs-jpss1,Erbil,2019-07-05,4
viirs-jpss1,Erbil,2019-07-06,21
viirs-jpss1,Erbil,2019-07-07,15
viirs-jpss1,Erbil,2019-07-08,7
viirs-jpss1,Erbil,2019-07-09,28
viirs-jpss1,Erbil,2019-07-10,42
viirs-jpss1,Erbil,2019-07-11,68
viirs-jpss1,Erbil,2019-07-12,6
viirs-jpss1,Erbil,2019-07-13,5
viirs-jpss1,Erbil,2019-07-14,14
viirs-jpss1,Erbil,2019-07-15,19
viirs-jpss1,Erbil,2019-07-16,18
viirs-jpss1,Erbil,2019-07-17,4
viirs-jpss1,Erbil,2019-07-18,5
viirs-jpss1,Erbil,2019-07-19,16
viirs-jpss1,Erbil,2019-07-20,33
viirs-jpss1,Erbil,2019-07-21,11
viirs-jpss1,Erbil,2019-07-22,4
viirs-jpss1,Erbil,2019-07-23,10
viirs-jpss1,Erbil,2019-07-24,3
viirs-jpss1,Erbil,2019-07-25,9
viirs-jpss1,Erbil,2019-07-26,4
viirs-jpss1,Erbil,2019-07-27,8
viirs-jpss1,Erbil,2019-07-28,8
viirs-jpss1,Erbil,2019-07-29,4
viirs-jpss1,Erbil,2019-07-30,5
viirs-jpss1,Erbil,2019-07-31,54
viirs-jpss1,Erbil,2024-05-01,1
viirs-jpss1,Erbil,2024-05-06,0
viirs-jpss1,Erbil,2024-05-07,1
viirs-jpss1,Erbil,2024-05-09,1
viirs-jpss1,Erbil,2024-05-14,1
viirs-jpss1,Erbil,2024-05-16,2
viirs-jpss1,Erbil,2024-05-17,1
viirs-jpss1,Erbil,2024-05-19,1
viirs-jpss1,Erbil,2024-05-20,1
viirs-jpss1,Erbil,2024-05-24,1
viirs-jpss1,Erbil,2024-05-25,0
viirs-jpss1,Erbil,2024-05-27,6
viirs-jpss1,Erbil,2024-05-28,10
viirs-jpss1,Erbil,2024-05-30,1
viirs-jpss1,Erbil,2024-05-31,0
viirs-jpss1,Erbil,2024-06-01,2
viirs-jpss1,Erbil,2024-06-02,0
viirs-jpss1,Erbil,2024-06-03,5
viirs-jpss1,Erbil,2024-06-04,5
viirs-jpss1,Erbil,2024-06-05,8
viirs-jpss1,Erbil,2024-06-06,7
viirs-jpss1,Erbil,2024-06-07,2
viirs-jpss1,Erbil,2024-06-08,1
viirs-jpss1,Erbil,2024-06-09,28
viirs-jpss1,Erbil,2024-06-10,5
viirs-jpss1,Erbil,2024-06-11,9
viirs-jpss1,Erbil,2024-06-12,9
viirs-jpss1,Erbil,2024-06-13,12
viirs-jpss1,Erbil,2024-06-14,8
viirs-jpss1,Erbil,2024-06-15,9
viirs-jpss1,Erbil,2024-06-16,3
viirs-jpss1,Erbil,2024-06-17,6
viirs-jpss1,Erbil,2024-06-18,12
viirs-jpss1,Erbil,2024-06-19,8
viirs-jpss1,Erbil,2024-06-20,12
viirs-jpss1,Erbil,2024-06-21,8
viirs-jpss1,Erbil,2024-06-22,9
viirs-jpss1,Erbil,2024-06-23,4
viirs-jpss1,Erbil,2024-06-24,5
viirs-jpss1,Erbil,2024-06-25,2
viirs-jpss1,Erbil,2024-06-26,1
viirs-jpss1,Erbil,2024-06-27,2
viirs-jpss1,Erbil,2024-06-28,2
viirs-jpss1,Erbil,2024-06-29,15
viirs-jpss1,Erbil,2024-06-30,5
viirs-jpss1,Erbil,2024-07-01,7
viirs-jpss1,Erbil,2024-07-02,11
viirs-jpss1,Erbil,2024-07-03,0
viirs-jpss1,Erbil,2024-07-04,4
viirs-jpss1,Erbil,2024-07-05,30
viirs-jpss1,Erbil,2024-07-06,7
viirs-jpss1,Erbil,2024-07-07,13
viirs-jpss1,Erbil,2024-07-08,9
viirs-jpss1,Erbil,2024-07-09,29
viirs-jpss1,Erbil,2024-07-10,15
viirs-jpss1,Erbil,2024-07-11,8
viirs-jpss1,Erbil,2024-07-12,24
viirs-jpss1,Erbil,2024-07-13,6
viirs-jpss1,Erbil,2024-07-14,11
viirs-jpss1,Erbil,2024-07-15,4
viirs-jpss1,Erbil,2024-07-16,20
viirs-jpss1,Erbil,2024-07-17,24
viirs-jpss1,Erbil,2024-07-18,12
viirs-jpss1,Erbil,2024-07-19,11
viirs-jpss1,Erbil,2024-07-20,1
viirs-jpss1,Erbil,2024-07-21,14
viirs-jpss1,Erbil,2024-07-22,8
viirs-jpss1,Erbil,2024-07-23,6
viirs-jpss1,Erbil,2024-07-24,7
viirs-jpss1,Erbil,2024-07-25,4
viirs-jpss1,Erbil,2024-07-26,25
viirs-jpss1,Erbil,2024-07-27,21
viirs-jpss1,Erbil,2024-07-28,20
viirs-jpss1,Erbil,2024-07-29,8
viirs-jpss1,Erbil,2024-07-30,0
viirs-jpss1,Erbil,2024-07-31,8
viirs-jpss1,Kirkuk,2019-05-02,3
viirs-jpss1,Kirkuk,2019-05-05,0
viirs-jpss1,Kirkuk,2019-05-06,1
viirs-jpss1,Kirkuk,2019-05-07,4
viirs-jpss1,Kirkuk,2019-05-08,0
viirs-jpss1,Kirkuk,2019-05-09,0
viirs-jpss1,Kirkuk,2019-05-10,0
viirs-jpss1,Kirkuk,2019-05-11,2
viirs-jpss1,Kirkuk,2019-05-12,1
viirs-jpss1,Kirkuk,2019-05-13,0
viirs-jpss1,Kirkuk,2019-05-15,13
viirs-jpss1,Kirkuk,2019-05-16,14
viirs-jpss1,Kirkuk,2019-05-17,22
viirs-jpss1,Kirkuk,2019-05-18,74
viirs-jpss1,Kirkuk,2019-05-19,29
viirs-jpss1,Kirkuk,2019-05-20,17
viirs-jpss1,Kirkuk,2019-05-21,4
viirs-jpss1,Kirkuk,2019-05-22,22
viirs-jpss1,Kirkuk,2019-05-23,43
viirs-jpss1,Kirkuk,2019-05-24,7
viirs-jpss1,Kirkuk,2019-05-25,7
viirs-jpss1,Kirkuk,2019-05-26,0
viirs-jpss1,Kirkuk,2019-05-27,37
viirs-jpss1,Kirkuk,2019-05-28,8
viirs-jpss1,Kirkuk,2019-05-29,26
viirs-jpss1,Kirkuk,2019-05-30,24
viirs-jpss1,Kirkuk,2019-05-31,42
viirs-jpss1,Kirkuk,2019-06-01,22
viirs-jpss1,Kirkuk,2019-06-02,35
viirs-jpss1,Kirkuk,2019-06-03,61
viirs-jpss1,Kirkuk,2019-06-04,100
viirs-jpss1,Kirkuk,2019-06-05,32
viirs-jpss1,Kirkuk,2019-06-06,11
viirs-jpss1,Kirkuk,2019-06-07,4
viirs-jpss1,Kirkuk,2019-06-08,43
viirs-jpss1,Kirkuk,2019-06-09,14
viirs-jpss1,Kirkuk,2019-06-10,8
viirs-jpss1,Kirkuk,2019-06-11,3
viirs-jpss1,Kirkuk,2019-06-12,81
viirs-jpss1,Kirkuk,2019-06-13,38
viirs-jpss1,Kirkuk,2019-06-14,22
viirs-jpss1,Kirkuk,2019-06-15,13
viirs-jpss1,Kirkuk,2019-06-16,32
viirs-jpss1,Kirkuk,2019-06-17,37
viirs-jpss1,Kirkuk,2019-06-18,91
viirs-jpss1,Kirkuk,2019-06-19,19
viirs-jpss1,Kirkuk,2019-06-20,71
viirs-jpss1,Kirkuk,2019-06-21,40
viirs-jpss1,Kirkuk,2019-06-22,37
viirs-jpss1,Kirkuk,2019-06-23,37
viirs-jpss1,Kirkuk,2019-06-24,120
viirs-jpss1,Kirkuk,2019-06-25,120
viirs-jpss1,Kirkuk,2019-06-26,42
viirs-jpss1,Kirkuk,2019-06-27,121
viirs-jpss1,Kirkuk,2019-06-28,41
viirs-jpss1,Kirkuk,2019-06-29,55
viirs-jpss1,Kirkuk,2019-06-30,52
viirs-jpss1,Kirkuk,2019-07-01,34
viirs-jpss1,Kirkuk,2019-07-02,14
viirs-jpss1,Kirkuk,2019-07-03,73
viirs-jpss1,Kirkuk,2019-07-04,26
viirs-jpss1,Kirkuk,2019-07-05,83
viirs-jpss1,Kirkuk,2019-07-06,39
viirs-jpss1,Kirkuk,2019-07-07,26
viirs-jpss1,Kirkuk,2019-07-08,18
viirs-jpss1,Kirkuk,2019-07-09,33
viirs-jpss1,Kirkuk,2019-07-10,44
viirs-jpss1,Kirkuk,2019-07-11,51
viirs-jpss1,Kirkuk,2019-07-12,25
viirs-jpss1,Kirkuk,2019-07-14,19
viirs-jpss1,Kirkuk,2019-07-15,11
viirs-jpss1,Kirkuk,2019-07-16,46
viirs-jpss1,Kirkuk,2019-07-17,19
viirs-jpss1,Kirkuk,2019-07-18,6
viirs-jpss1,Kirkuk,2019-07-19,5
viirs-jpss1,Kirkuk,2019-07-20,41
viirs-jpss1,Kirkuk,2019-07-21,13
viirs-jpss1,Kirkuk,2019-07-22,17
viirs-jpss1,Kirkuk,2019-07-23,9
viirs-jpss1,Kirkuk,2019-07-24,11
viirs-jpss1,Kirkuk,2019-07-25,20
viirs-jpss1,Kirkuk,2019-07-26,44
viirs-jpss1,Kirkuk,2019-07-27,13
viirs-jpss1,Kirkuk,2019-07-28,18
viirs-jpss1,Kirkuk,2019-07-29,10
viirs-jpss1,Kirkuk,2019-07-30,30
viirs-jpss1,Kirkuk,2019-07-31,28
viirs-jpss1,Kirkuk,2024-05-01,0
viirs-jpss1,Kirkuk,2024-05-06,1
viirs-jpss1,Kirkuk,2024-05-07,7
viirs-jpss1,Kirkuk,2024-05-08,1
viirs-jpss1,Kirkuk,2024-05-09,5
viirs-jpss1,Kirkuk,2024-05-10,0
viirs-jpss1,Kirkuk,2024-05-11,3
viirs-jpss1,Kirkuk,2024-05-12,1
viirs-jpss1,Kirkuk,2024-05-14,2
viirs-jpss1,Kirkuk,2024-05-15,0
viirs-jpss1,Kirkuk,2024-05-17,1
viirs-jpss1,Kirkuk,2024-05-18,3
viirs-jpss1,Kirkuk,2024-05-19,0
viirs-jpss1,Kirkuk,2024-05-20,0
viirs-jpss1,Kirkuk,2024-05-21,0
viirs-jpss1,Kirkuk,2024-05-22,0
viirs-jpss1,Kirkuk,2024-05-23,1
viirs-jpss1,Kirkuk,2024-05-24,6
viirs-jpss1,Kirkuk,2024-05-25,2
viirs-jpss1,Kirkuk,2024-05-26,1
viirs-jpss1,Kirkuk,2024-05-28,0
viirs-jpss1,Kirkuk,2024-05-30,5
viirs-jpss1,Kirkuk,2024-05-31,1
viirs-jpss1,Kirkuk,2024-06-01,0
viirs-jpss1,Kirkuk,2024-06-03,19
viirs-jpss1,Kirkuk,2024-06-04,23
viirs-jpss1,Kirkuk,2024-06-05,11
viirs-jpss1,Kirkuk,2024-06-06,13
viirs-jpss1,Kirkuk,2024-06-07,38
viirs-jpss1,Kirkuk,2024-06-08,64
viirs-jpss1,Kirkuk,2024-06-09,81
viirs-jpss1,Kirkuk,2024-06-10,5
viirs-jpss1,Kirkuk,2024-06-11,28
viirs-jpss1,Kirkuk,2024-06-12,32
viirs-jpss1,Kirkuk,2024-06-13,41
viirs-jpss1,Kirkuk,2024-06-14,33
viirs-jpss1,Kirkuk,2024-06-15,21
viirs-jpss1,Kirkuk,2024-06-16,8
viirs-jpss1,Kirkuk,2024-06-17,1
viirs-jpss1,Kirkuk,2024-06-18,28
viirs-jpss1,Kirkuk,2024-06-19,33
viirs-jpss1,Kirkuk,2024-06-20,29
viirs-jpss1,Kirkuk,2024-06-21,13
viirs-jpss1,Kirkuk,2024-06-22,9
viirs-jpss1,Kirkuk,2024-06-23,6
viirs-jpss1,Kirkuk,2024-06-24,21
viirs-jpss1,Kirkuk,2024-06-25,15
viirs-jpss1,Kirkuk,2024-06-26,12
viirs-jpss1,Kirkuk,2024-06-27,6
viirs-jpss1,Kirkuk,2024-06-28,13
viirs-jpss1,Kirkuk,2024-06-29,39
viirs-jpss1,Kirkuk,2024-06-30,56
viirs-jpss1,Kirkuk,2024-07-01,22
viirs-jpss1,Kirkuk,2024-07-02,10
viirs-jpss1,Kirkuk,2024-07-03,4
viirs-jpss1,Kirkuk,2024-07-04,6
viirs-jpss1,Kirkuk,2024-07-05,29
viirs-jpss1,Kirkuk,2024-07-06,17
viirs-jpss1,Kirkuk,2024-07-07,10
viirs-jpss1,Kirkuk,2024-07-08,7
viirs-jpss1,Kirkuk,2024-07-09,4
viirs-jpss1,Kirkuk,2024-07-10,11
viirs-jpss1,Kirkuk,2024-07-11,11
viirs-jpss1,Kirkuk,2024-07-12,6
viirs-jpss1,Kirkuk,2024-07-13,1
viirs-jpss1,Kirkuk,2024-07-15,11
viirs-jpss1,Kirkuk,2024-07-16,3
viirs-jpss1,Kirkuk,2024-07-17,17
viirs-jpss1,Kirkuk,2024-07-18,2
viirs-jpss1,Kirkuk,2024-07-19,2
viirs-jpss1,Kirkuk,2024-07-20,2
viirs-jpss1,Kirkuk,2024-07-21,5
viirs-jpss1,Kirkuk,2024-07-22,13
viirs-jpss1,Kirkuk,2024-07-23,5
viirs-jpss1,Kirkuk,2024-07-24,2
viirs-jpss1,Kirkuk,2024-07-25,9
viirs-jpss1,Kirkuk,2024-07-26,4
viirs-jpss1,Kirkuk,2024-07-27,6
viirs-jpss1,Kirkuk,2024-07-28,5
viirs-jpss1,Kirkuk,2024-07-29,7
viirs-jpss1,Kirkuk,2024-07-30,0
viirs-jpss1,Kirkuk,2024-07-31,0
viirs-jpss1,Ninawa,2019-05-05,0
viirs-jpss1,Ninawa,2019-05-08,1
viirs-jpss1,Ninawa,2019-05-10,1
viirs-jpss1,Ninawa,2019-05-12,2
viirs-jpss1,Ninawa,2019-05-15,1
viirs-jpss1,Ninawa,2019-05-16,0
viirs-jpss1,Ninawa,2019-05-17,3
viirs-jpss1,Ninawa,2019-05-18,4
viirs-jpss1,Ninawa,2019-05-20,3
viirs-jpss1,Ninawa,2019-05-21,1
viirs-jpss1,Ninawa,2019-05-22,3
viirs-jpss1,Ninawa,2019-05-23,3
viirs-jpss1,Ninawa,2019-05-24,2
viirs-jpss1,Ninawa,2019-05-25,11
viirs-jpss1,Ninawa,2019-05-26,10
viirs-jpss1,Ninawa,2019-05-27,11
viirs-jpss1,Ninawa,2019-05-28,4
viirs-jpss1,Ninawa,2019-05-29,15
viirs-jpss1,Ninawa,2019-05-30,11
viirs-jpss1,Ninawa,2019-05-31,8
viirs-jpss1,Ninawa,2019-06-01,4
viirs-jpss1,Ninawa,2019-06-02,7
viirs-jpss1,Ninawa,2019-06-03,9
viirs-jpss1,Ninawa,2019-06-04,37
viirs-jpss1,Ninawa,2019-06-05,31
viirs-jpss1,Ninawa,2019-06-06,3
viirs-jpss1,Ninawa,2019-06-07,9
viirs-jpss1,Ninawa,2019-06-08,14
viirs-jpss1,Ninawa,2019-06-09,26
viirs-jpss1,Ninawa,2019-06-10,50
viirs-jpss1,Ninawa,2019-06-11,44
viirs-jpss1,Ninawa,2019-06-12,30
viirs-jpss1,Ninawa,2019-06-13,18
viirs-jpss1,Ninawa,2019-06-14,240
viirs-jpss1,Ninawa,2019-06-15,29
viirs-jpss1,Ninawa,2019-06-16,5
viirs-jpss1,Ninawa,2019-06-17,18
viirs-jpss1,Ninawa,2019-06-18,19
viirs-jpss1,Ninawa,2019-06-19,47
viirs-jpss1,Ninawa,2019-06-20,11
viirs-jpss1,Ninawa,2019-06-21,28
viirs-jpss1,Ninawa,2019-06-22,5
viirs-jpss1,Ninawa,2019-06-23,115
viirs-jpss1,Ninawa,2019-06-24,387
viirs-jpss1,Ninawa,2019-06-25,182
viirs-jpss1,Ninawa,2019-06-26,108
viirs-jpss1,Ninawa,2019-06-27,141
viirs-jpss1,Ninawa,2019-06-28,181
viirs-jpss1,Ninawa,2019-06-29,133
viirs-jpss1,Ninawa,2019-06-30,129
viirs-jpss1,Ninawa,2019-07-01,54
viirs-jpss1,Ninawa,2019-07-02,76
viirs-jpss1,Ninawa,2019-07-03,44
viirs-jpss1,Ninawa,2019-07-04,25
viirs-jpss1,Ninawa,2019-07-05,23
viirs-jpss1,Ninawa,2019-07-06,24
viirs-jpss1,Ninawa,2019-07-07,31
viirs-jpss1,Ninawa,2019-07-08,67
viirs-jpss1,Ninawa,2019-07-09,212
viirs-jpss1,Ninawa,2019-07-10,97
viirs-jpss1,Ninawa,2019-07-11,49
viirs-jpss1,Ninawa,2019-07-12,282
viirs-jpss1,Ninawa,2019-07-13,52
viirs-jpss1,Ninawa,2019-07-14,197
viirs-jpss1,Ninawa,2019-07-15,408
viirs-jpss1,Ninawa,2019-07-16,123
viirs-jpss1,Ninawa,2019-07-17,25
viirs-jpss1,Ninawa,2019-07-18,47
viirs-jpss1,Ninawa,2019-07-19,18
viirs-jpss1,Ninawa,2019-07-20,37
viirs-jpss1,Ninawa,2019-07-21,27
viirs-jpss1,Ninawa,2019-07-22,13
viirs-jpss1,Ninawa,2019-07-23,63
viirs-jpss1,Ninawa,2019-07-24,81
viirs-jpss1,Ninawa,2019-07-25,149
viirs-jpss1,Ninawa,2019-07-26,102
viirs-jpss1,Ninawa,2019-07-27,35
viirs-jpss1,Ninawa,2019-07-28,81
viirs-jpss1,Ninawa,2019-07-29,12
viirs-jpss1,Ninawa,2019-07-30,34
viirs-jpss1,Ninawa,2019-07-31,116
viirs-jpss1,Ninawa,2024-05-02,0
viirs-jpss1,Ninawa,2024-05-03,0
viirs-jpss1,Ninawa,2024-05-04,0
viirs-jpss1,Ninawa,2024-05-06,0
viirs-jpss1,Ninawa,2024-05-08,0
viirs-jpss1,Ninawa,2024-05-09,0
viirs-jpss1,Ninawa,2024-05-12,0
viirs-jpss1,Ninawa,2024-05-13,0
viirs-jpss1,Ninawa,2024-05-14,0
viirs-jpss1,Ninawa,2024-05-16,1
viirs-jpss1,Ninawa,2024-05-17,0
viirs-jpss1,Ninawa,2024-05-18,1
viirs-jpss1,Ninawa,2024-05-20,2
viirs-jpss1,Ninawa,2024-05-22,0
viirs-jpss1,Ninawa,2024-05-25,0
viirs-jpss1,Ninawa,2024-05-26,5
viirs-jpss1,Ninawa,2024-05-27,6
viirs-jpss1,Ninawa,2024-05-28,41
viirs-jpss1,Ninawa,2024-05-29,8
viirs-jpss1,Ninawa,2024-05-30,26
viirs-jpss1,Ninawa,2024-05-31,1
viirs-jpss1,Ninawa,2024-06-01,2
viirs-jpss1,Ninawa,2024-06-03,17
viirs-jpss1,Ninawa,2024-06-04,54
viirs-jpss1,Ninawa,2024-06-05,3
viirs-jpss1,Ninawa,2024-06-06,13
viirs-jpss1,Ninawa,2024-06-07,54
viirs-jpss1,Ninawa,2024-06-08,51
viirs-jpss1,Ninawa,2024-06-09,113
viirs-jpss1,Ninawa,2024-06-10,42
viirs-jpss1,Ninawa,2024-06-11,25
viirs-jpss1,Ninawa,2024-06-12,5
viirs-jpss1,Ninawa,2024-06-13,4
viirs-jpss1,Ninawa,2024-06-14,7
viirs-jpss1,Ninawa,2024-06-15,8
viirs-jpss1,Ninawa,2024-06-16,2
viirs-jpss1,Ninawa,2024-06-17,8
viirs-jpss1,Ninawa,2024-06-18,18
viirs-jpss1,Ninawa,2024-06-19,13
viirs-jpss1,Ninawa,2024-06-20,10
viirs-jpss1,Ninawa,2024-06-21,18
viirs-jpss1,Ninawa,2024-06-22,8
viirs-jpss1,Ninawa,2024-06-23,6
viirs-jpss1,Ninawa,2024-06-24,22
viirs-jpss1,Ninawa,2024-06-25,30
viirs-jpss1,Ninawa,2024-06-26,19
viirs-jpss1,Ninawa,2024-06-27,85
viirs-jpss1,Ninawa,2024-06-28,33
viirs-jpss1,Ninawa,2024-06-29,39
viirs-jpss1,Ninawa,2024-06-30,24
viirs-jpss1,Ninawa,2024-07-01,36
viirs-jpss1,Ninawa,2024-07-02,19
viirs-jpss1,Ninawa,2024-07-03,5
viirs-jpss1,Ninawa,2024-07-04,19
viirs-jpss1,Ninawa,2024-07-05,106
viirs-jpss1,Ninawa,2024-07-06,76
viirs-jpss1,Ninawa,2024-07-07,23
viirs-jpss1,Ninawa,2024-07-08,8
viirs-jpss1,Ninawa,2024-07-09,34
viirs-jpss1,Ninawa,2024-07-10,16
viirs-jpss1,Ninawa,2024-07-11,30
viirs-jpss1,Ninawa,2024-07-12,30
viirs-jpss1,Ninawa,2024-07-13,6
viirs-jpss1,Ninawa,2024-07-14,3
viirs-jpss1,Ninawa,2024-07-15,18
viirs-jpss1,Ninawa,2024-07-16,7
viirs-jpss1,Ninawa,2024-07-17,15
viirs-jpss1,Ninawa,2024-07-18,10
viirs-jpss1,Ninawa,2024-07-19,7
viirs-jpss1,Ninawa,2024-07-20,26
viirs-jpss1,Ninawa,2024-07-21,15
viirs-jpss1,Ninawa,2024-07-22,25
viirs-jpss1,Ninawa,2024-07-23,8
viirs-jpss1,Ninawa,2024-07-24,2
viirs-jpss1,Ninawa,2024-07-25,57
viirs-jpss1,Ninawa,2024-07-26,41
viirs-jpss1,Ninawa,2024-07-27,18
viirs-jpss1,Ninawa,2024-07-28,12
viirs-jpss1,Ninawa,2024-07-29,16
viirs-jpss1,Ninawa,2024-07-30,6
viirs-jpss1,Ninawa,2024-07-31,16
viirs-snpp,Al-Sulaimaniyah,2019-05-01,0
viirs-snpp,Al-Sulaimaniyah,2019-05-04,0
viirs-snpp,Al-Sulaimaniyah,2019-05-05,0
viirs-snpp,Al-Sulaimaniyah,2019-05-07,0
viirs-snpp,Al-Sulaimaniyah,2019-05-08,0
viirs-snpp,Al-Sulaimaniyah,2019-05-09,0
viirs-snpp,Al-Sulaimaniyah,2019-05-10,0
viirs-snpp,Al-Sulaimaniyah,2019-05-11,0
viirs-snpp,Al-Sulaimaniyah,2019-05-12,0
viirs-snpp,Al-Sulaimaniyah,2019-05-13,0
viirs-snpp,Al-Sulaimaniyah,2019-05-14,0
viirs-snpp,Al-Sulaimaniyah,2019-05-15,0
viirs-snpp,Al-Sulaimaniyah,2019-05-16,0
viirs-snpp,Al-Sulaimaniyah,2019-05-17,0
viirs-snpp,Al-Sulaimaniyah,2019-05-18,0
viirs-snpp,Al-Sulaimaniyah,2019-05-19,0
viirs-snpp,Al-Sulaimaniyah,2019-05-20,1
viirs-snpp,Al-Sulaimaniyah,2019-05-21,0
viirs-snpp,Al-Sulaimaniyah,2019-05-22,0
viirs-snpp,Al-Sulaimaniyah,2019-05-23,0
viirs-snpp,Al-Sulaimaniyah,2019-05-24,0
viirs-snpp,Al-Sulaimaniyah,2019-05-26,1
viirs-snpp,Al-Sulaimaniyah,2019-05-27,0
viirs-snpp,Al-Sulaimaniyah,2019-05-28,0
viirs-snpp,Al-Sulaimaniyah,2019-05-29,0
viirs-snpp,Al-Sulaimaniyah,2019-05-30,3
viirs-snpp,Al-Sulaimaniyah,2019-05-31,3
viirs-snpp,Al-Sulaimaniyah,2019-06-01,0
viirs-snpp,Al-Sulaimaniyah,2019-06-02,1
viirs-snpp,Al-Sulaimaniyah,2019-06-04,0
viirs-snpp,Al-Sulaimaniyah,2019-06-05,1
viirs-snpp,Al-Sulaimaniyah,2019-06-06,2
viirs-snpp,Al-Sulaimaniyah,2019-06-07,14
viirs-snpp,Al-Sulaimaniyah,2019-06-08,6
viirs-snpp,Al-Sulaimaniyah,2019-06-10,1
viirs-snpp,Al-Sulaimaniyah,2019-06-11,3
viirs-snpp,Al-Sulaimaniyah,2019-06-12,34
viirs-snpp,Al-Sulaimaniyah,2019-06-13,3
viirs-snpp,Al-Sulaimaniyah,2019-06-14,14
viirs-snpp,Al-Sulaimaniyah,2019-06-15,6
viirs-snpp,Al-Sulaimaniyah,2019-06-16,26
viirs-snpp,Al-Sulaimaniyah,2019-06-17,15
viirs-snpp,Al-Sulaimaniyah,2019-06-18,12
viirs-snpp,Al-Sulaimaniyah,2019-06-19,3
viirs-snpp,Al-Sulaimaniyah,2019-06-20,3
viirs-snpp,Al-Sulaimaniyah,2019-06-21,3
viirs-snpp,Al-Sulaimaniyah,2019-06-23,22
viirs-snpp,Al-Sulaimaniyah,2019-06-24,16
viirs-snpp,Al-Sulaimaniyah,2019-06-25,48
viirs-snpp,Al-Sulaimaniyah,2019-06-26,54
viirs-snpp,Al-Sulaimaniyah,2019-06-27,6
viirs-snpp,Al-Sulaimaniyah,2019-06-28,10
viirs-snpp,Al-Sulaimaniyah,2019-06-29,3
viirs-snpp,Al-Sulaimaniyah,2019-06-30,23
viirs-snpp,Al-Sulaimaniyah,2019-07-01,26
viirs-snpp,Al-Sulaimaniyah,2019-07-02,55
viirs-snpp,Al-Sulaimaniyah,2019-07-03,6
viirs-snpp,Al-Sulaimaniyah,2019-07-04,5
viirs-snpp,Al-Sulaimaniyah,2019-07-05,8
viirs-snpp,Al-Sulaimaniyah,2019-07-06,32
viirs-snpp,Al-Sulaimaniyah,2019-07-07,17
viirs-snpp,Al-Sulaimaniyah,2019-07-08,54
viirs-snpp,Al-Sulaimaniyah,2019-07-09,11
viirs-snpp,Al-Sulaimaniyah,2019-07-10,14
viirs-snpp,Al-Sulaimaniyah,2019-07-11,2
viirs-snpp,Al-Sulaimaniyah,2019-07-12,9
viirs-snpp,Al-Sulaimaniyah,2019-07-13,11
viirs-snpp,Al-Sulaimaniyah,2019-07-14,7
viirs-snpp,Al-Sulaimaniyah,2019-07-15,2
viirs-snpp,Al-Sulaimaniyah,2019-07-16,2
viirs-snpp,Al-Sulaimaniyah,2019-07-17,25
viirs-snpp,Al-Sulaimaniyah,2019-07-18,12
viirs-snpp,Al-Sulaimaniyah,2019-07-19,10
viirs-snpp,Al-Sulaimaniyah,2019-07-20,15
viirs-snpp,Al-Sulaimaniyah,2019-07-21,11
viirs-snpp,Al-Sulaimaniyah,2019-07-22,3
viirs-snpp,Al-Sulaimaniyah,2019-07-23,10
viirs-snpp,Al-Sulaimaniyah,2019-07-24,13
viirs-snpp,Al-Sulaimaniyah,2019-07-25,2
viirs-snpp,Al-Sulaimaniyah,2019-07-26,9
viirs-snpp,Al-Sulaimaniyah,2019-07-27,21
viirs-snpp,Al-Sulaimaniyah,2019-07-28,32
viirs-snpp,Al-Sulaimaniyah,2019-07-29,8
viirs-snpp,Al-Sulaimaniyah,2019-07-30,6
viirs-snpp,Al-Sulaimaniyah,2019-07-31,8
viirs-snpp,Al-Sulaimaniyah,2024-05-06,1
viirs-snpp,Al-Sulaimaniyah,2024-05-09,1
viirs-snpp,Al-Sulaimaniyah,2024-05-10,5
viirs-snpp,Al-Sulaimaniyah,2024-05-14,1
viirs-snpp,Al-Sulaimaniyah,2024-05-15,1
viirs-snpp,Al-Sulaimaniyah,2024-05-16,1
viirs-snpp,Al-Sulaimaniyah,2024-05-17,1
viirs-snpp,Al-Sulaimaniyah,2024-05-18,2
viirs-snpp,Al-Sulaimaniyah,2024-05-19,0
viirs-snpp,Al-Sulaimaniyah,2024-05-21,1
viirs-snpp,Al-Sulaimaniyah,2024-05-23,2
viirs-snpp,Al-Sulaimaniyah,2024-05-25,0
viirs-snpp,Al-Sulaimaniyah,2024-05-26,3
viirs-snpp,Al-Sulaimaniyah,2024-05-27,5
viirs-snpp,Al-Sulaimaniyah,2024-05-28,5
viirs-snpp,Al-Sulaimaniyah,2024-05-29,7
viirs-snpp,Al-Sulaimaniyah,2024-06-04,7
viirs-snpp,Al-Sulaimaniyah,2024-06-05,3
viirs-snpp,Al-Sulaimaniyah,2024-06-06,20
viirs-snpp,Al-Sulaimaniyah,2024-06-07,16
viirs-snpp,Al-Sulaimaniyah,2024-06-08,5
viirs-snpp,Al-Sulaimaniyah,2024-06-09,63
viirs-snpp,Al-Sulaimaniyah,2024-06-10,46
viirs-snpp,Al-Sulaimaniyah,2024-06-11,24
viirs-snpp,Al-Sulaimaniyah,2024-06-12,27
viirs-snpp,Al-Sulaimaniyah,2024-06-13,33
viirs-snpp,Al-Sulaimaniyah,2024-06-14,27
viirs-snpp,Al-Sulaimaniyah,2024-06-15,8
viirs-snpp,Al-Sulaimaniyah,2024-06-16,14
viirs-snpp,Al-Sulaimaniyah,2024-06-17,3
viirs-snpp,Al-Sulaimaniyah,2024-06-18,19
viirs-snpp,Al-Sulaimaniyah,2024-06-19,63
viirs-snpp,Al-Sulaimaniyah,2024-06-20,6
viirs-snpp,Al-Sulaimaniyah,2024-06-21,15
viirs-snpp,Al-Sulaimaniyah,2024-06-22,4
viirs-snpp,Al-Sulaimaniyah,2024-06-23,21
viirs-snpp,Al-Sulaimaniyah,2024-06-24,11
viirs-snpp,Al-Sulaimaniyah,2024-06-25,15
viirs-snpp,Al-Sulaimaniyah,2024-06-26,10
viirs-snpp,Al-Sulaimaniyah,2024-06-27,17
viirs-snpp,Al-Sulaimaniyah,2024-06-28,23
viirs-snpp,Al-Sulaimaniyah,2024-06-29,19
viirs-snpp,Al-Sulaimaniyah,2024-06-30,19
viirs-snpp,Al-Sulaimaniyah,2024-07-01,11
viirs-snpp,Al-Sulaimaniyah,2024-07-02,2
viirs-snpp,Al-Sulaimaniyah,2024-07-03,13
viirs-snpp,Al-Sulaimaniyah,2024-07-04,5
viirs-snpp,Al-Sulaimaniyah,2024-07-05,37
viirs-snpp,Al-Sulaimaniyah,2024-07-06,12
viirs-snpp,Al-Sulaimaniyah,2024-07-07,1
viirs-snpp,Al-Sulaimaniyah,2024-07-08,18
viirs-snpp,Al-Sulaimaniyah,2024-07-09,3
viirs-snpp,Al-Sulaimaniyah,2024-07-16,6
viirs-snpp,Al-Sulaimaniyah,2024-07-17,1
viirs-snpp,Al-Sulaimaniyah,2024-07-18,1
viirs-snpp,Al-Sulaimaniyah,2024-07-19,5
viirs-snpp,Al-Sulaimaniyah,2024-07-20,4
viirs-snpp,Al-Sulaimaniyah,2024-07-21,6
viirs-snpp,Al-Sulaimaniyah,2024-07-22,15
viirs-snpp,Al-Sulaimaniyah,2024-07-23,12
viirs-snpp,Al-Sulaimaniyah,2024-07-29,89
viirs-snpp,Al-Sulaimaniyah,2024-07-30,9
viirs-snpp,Al-Sulaimaniyah,2024-07-31,18
viirs-snpp,Dohuk,2019-05-01,0
viirs-snpp,Dohuk,2019-05-03,0
viirs-snpp,Dohuk,2019-05-04,0
viirs-snpp,Dohuk,2019-05-05,1
viirs-snpp,Dohuk,2019-05-07,0
viirs-snpp,Dohuk,2019-05-08,0
viirs-snpp,Dohuk,2019-05-09,1
viirs-snpp,Dohuk,2019-05-10,0
viirs-snpp,Dohuk,2019-05-11,0
viirs-snpp,Dohuk,2019-05-12,6
viirs-snpp,Dohuk,2019-05-13,2
viirs-snpp,Dohuk,2019-05-14,2
viirs-snpp,Dohuk,2019-05-15,0
viirs-snpp,Dohuk,2019-05-16,0
viirs-snpp,Dohuk,2019-05-17,0
viirs-snpp,Dohuk,2019-05-18,0
viirs-snpp,Dohuk,2019-05-19,0
viirs-snpp,Dohuk,2019-05-20,0
viirs-snpp,Dohuk,2019-05-21,0
viirs-snpp,Dohuk,2019-05-22,1
viirs-snpp,Dohuk,2019-05-23,0
viirs-snpp,Dohuk,2019-05-24,0
viirs-snpp,Dohuk,2019-05-25,0
viirs-snpp,Dohuk,2019-05-26,2
viirs-snpp,Dohuk,2019-05-27,0
viirs-snpp,Dohuk,2019-05-28,0
viirs-snpp,Dohuk,2019-05-29,2
viirs-snpp,Dohuk,2019-05-30,12
viirs-snpp,Dohuk,2019-05-31,8
viirs-snpp,Dohuk,2019-06-01,0
viirs-snpp,Dohuk,2019-06-02,4
viirs-snpp,Dohuk,2019-06-03,0
viirs-snpp,Dohuk,2019-06-04,1
viirs-snpp,Dohuk,2019-06-05,16
viirs-snpp,Dohuk,2019-06-06,3
viirs-snpp,Dohuk,2019-06-07,0
viirs-snpp,Dohuk,2019-06-08,1
viirs-snpp,Dohuk,2019-06-09,2
viirs-snpp,Dohuk,2019-06-10,1
viirs-snpp,Dohuk,2019-06-11,1
viirs-snpp,Dohuk,2019-06-12,0
viirs-snpp,Dohuk,2019-06-13,1
viirs-snpp,Dohuk,2019-06-14,1
viirs-snpp,Dohuk,2019-06-15,4
viirs-snpp,Dohuk,2019-06-16,0
viirs-snpp,Dohuk,2019-06-17,5
viirs-snpp,Dohuk,2019-06-18,37
viirs-snpp,Dohuk,2019-06-19,0
viirs-snpp,Dohuk,2019-06-20,4
viirs-snpp,Dohuk,2019-06-21,11
viirs-snpp,Dohuk,2019-06-22,4
viirs-snpp,Dohuk,2019-06-23,0
viirs-snpp,Dohuk,2019-06-24,0
viirs-snpp,Dohuk,2019-06-25,11
viirs-snpp,Dohuk,2019-06-26,7
viirs-snpp,Dohuk,2019-06-27,31
viirs-snpp,Dohuk,2019-06-28,11
viirs-snpp,Dohuk,2019-06-29,5
viirs-snpp,Dohuk,2019-06-30,6
viirs-snpp,Dohuk,2019-07-01,47
viirs-snpp,Dohuk,2019-07-02,26
viirs-snpp,Dohuk,2019-07-03,15
viirs-snpp,Dohuk,2019-07-04,14
viirs-snpp,Dohuk,2019-07-05,32
viirs-snpp,Dohuk,2019-07-06,14
viirs-snpp,Dohuk,2019-07-07,32
viirs-snpp,Dohuk,2019-07-08,2
viirs-snpp,Dohuk,2019-07-09,4
viirs-snpp,Dohuk,2019-07-10,1
viirs-snpp,Dohuk,2019-07-11,4
viirs-snpp,Dohuk,2019-07-12,4
viirs-snpp,Dohuk,2019-07-13,4
viirs-snpp,Dohuk,2019-07-14,3
viirs-snpp,Dohuk,2019-07-15,0
viirs-snpp,Dohuk,2019-07-16,0
viirs-snpp,Dohuk,2019-07-17,4
viirs-snpp,Dohuk,2019-07-18,12
viirs-snpp,Dohuk,2019-07-19,3
viirs-snpp,Dohuk,2019-07-20,13
viirs-snpp,Dohuk,2019-07-21,25
viirs-snpp,Dohuk,2019-07-22,21
viirs-snpp,Dohuk,2019-07-23,11
viirs-snpp,Dohuk,2019-07-24,11
viirs-snpp,Dohuk,2019-07-25,8
viirs-snpp,Dohuk,2019-07-26,5
viirs-snpp,Dohuk,2019-07-27,21
viirs-snpp,Dohuk,2019-07-28,10
viirs-snpp,Dohuk,2019-07-29,4
viirs-snpp,Dohuk,2019-07-30,11
viirs-snpp,Dohuk,2019-07-31,17
viirs-snpp,Dohuk,2024-05-01,0
viirs-snpp,Dohuk,2024-05-04,1
viirs-snpp,Dohuk,2024-05-09,3
viirs-snpp,Dohuk,2024-05-24,0
viirs-snpp,Dohuk,2024-05-25,3
viirs-snpp,Dohuk,2024-05-26,0
viirs-snpp,Dohuk,2024-05-27,4
viirs-snpp,Dohuk,2024-05-28,1
viirs-snpp,Dohuk,2024-05-29,0
viirs-snpp,Dohuk,2024-06-04,1
viirs-snpp,Dohuk,2024-06-05,2
viirs-snpp,Dohuk,2024-06-06,1
viirs-snpp,Dohuk,2024-06-08,3
viirs-snpp,Dohuk,2024-06-09,1
viirs-snpp,Dohuk,2024-06-10,4
viirs-snpp,Dohuk,2024-06-11,10
viirs-snpp,Dohuk,2024-06-12,4
viirs-snpp,Dohuk,2024-06-14,11
viirs-snpp,Dohuk,2024-06-15,10
viirs-snpp,Dohuk,2024-06-16,9
viirs-snpp,Dohuk,2024-06-17,2
viirs-snpp,Dohuk,2024-06-18,10
viirs-snpp,Dohuk,2024-06-19,1
viirs-snpp,Dohuk,2024-06-21,3
viirs-snpp,Dohuk,2024-06-22,18
viirs-snpp,Dohuk,2024-06-23,20
viirs-snpp,Dohuk,2024-06-24,2
viirs-snpp,Dohuk,2024-06-25,12
viirs-snpp,Dohuk,2024-06-26,10
viirs-snpp,Dohuk,2024-06-27,2
viirs-snpp,Dohuk,2024-06-28,15
viirs-snpp,Dohuk,2024-06-29,13
viirs-snpp,Dohuk,2024-06-30,23
viirs-snpp,Dohuk,2024-07-01,2
viirs-snpp,Dohuk,2024-07-02,1
viirs-snpp,Dohuk,2024-07-03,3
viirs-snpp,Dohuk,2024-07-04,7
viirs-snpp,Dohuk,2024-07-05,22
viirs-snpp,Dohuk,2024-07-06,25
viirs-snpp,Dohuk,2024-07-07,20
viirs-snpp,Dohuk,2024-07-08,20
viirs-snpp,Dohuk,2024-07-09,5
viirs-snpp,Dohuk,2024-07-16,10
viirs-snpp,Dohuk,2024-07-17,14
viirs-snpp,Dohuk,2024-07-18,32
viirs-snpp,Dohuk,2024-07-19,45
viirs-snpp,Dohuk,2024-07-20,25
viirs-snpp,Dohuk,2024-07-21,7
viirs-snpp,Dohuk,2024-07-22,5
viirs-snpp,Dohuk,2024-07-23,8
viirs-snpp,Dohuk,2024-07-24,1
viirs-snpp,Dohuk,2024-07-29,19
viirs-snpp,Dohuk,2024-07-30,15
viirs-snpp,Dohuk,2024-07-31,28
viirs-snpp,Erbil,2019-05-01,1
viirs-snpp,Erbil,2019-05-03,0
viirs-snpp,Erbil,2019-05-04,0
viirs-snpp,Erbil,2019-05-05,0
viirs-snpp,Erbil,2019-05-06,0
viirs-snpp,Erbil,2019-05-07,3
viirs-snpp,Erbil,2019-05-08,0
viirs-snpp,Erbil,2019-05-09,2
viirs-snpp,Erbil,2019-05-10,0
viirs-snpp,Erbil,2019-05-11,0
viirs-snpp,Erbil,2019-05-12,1
viirs-snpp,Erbil,2019-05-13,0
viirs-snpp,Erbil,2019-05-14,11
viirs-snpp,Erbil,2019-05-15,0
viirs-snpp,Erbil,2019-05-16,0
viirs-snpp,Erbil,2019-05-18,0
viirs-snpp,Erbil,2019-05-19,1
viirs-snpp,Erbil,2019-05-20,5
viirs-snpp,Erbil,2019-05-21,0
viirs-snpp,Erbil,2019-05-22,0
viirs-snpp,Erbil,2019-05-23,2
viirs-snpp,Erbil,2019-05-24,1
viirs-snpp,Erbil,2019-05-25,0
viirs-snpp,Erbil,2019-05-26,1
viirs-snpp,Erbil,2019-05-27,0
viirs-snpp,Erbil,2019-05-28,6
viirs-snpp,Erbil,2019-05-29,0
viirs-snpp,Erbil,2019-05-30,10
viirs-snpp,Erbil,2019-05-31,7
viirs-snpp,Erbil,2019-06-01,10
viirs-snpp,Erbil,2019-06-02,10
viirs-snpp,Erbil,2019-06-03,27
viirs-snpp,Erbil,2019-06-04,3
viirs-snpp,Erbil,2019-06-05,25
viirs-snpp,Erbil,2019-06-06,34
viirs-snpp,Erbil,2019-06-07,9
viirs-snpp,Erbil,2019-06-08,7
viirs-snpp,Erbil,2019-06-09,4
viirs-snpp,Erbil,2019-06-10,2
viirs-snpp,Erbil,2019-06-11,0
viirs-snpp,Erbil,2019-06-12,9
viirs-snpp,Erbil,2019-06-13,11
viirs-snpp,Erbil,2019-06-14,3
viirs-snpp,Erbil,2019-06-15,11
viirs-snpp,Erbil,2019-06-16,4
viirs-snpp,Erbil,2019-06-17,41
viirs-snpp,Erbil,2019-06-18,5
viirs-snpp,Erbil,2019-06-19,2
viirs-snpp,Erbil,2019-06-20,4
viirs-snpp,Erbil,2019-06-21,44
viirs-snpp,Erbil,2019-06-22,12
viirs-snpp,Erbil,2019-06-23,33
viirs-snpp,Erbil,2019-06-24,32
viirs-snpp,Erbil,2019-06-25,95
viirs-snpp,Erbil,2019-06-26,41
viirs-snpp,Erbil,2019-06-27,85
viirs-snpp,Erbil,2019-06-28,17
viirs-snpp,Erbil,2019-06-29,26
viirs-snpp,Erbil,2019-06-30,5
viirs-snpp,Erbil,2019-07-01,45
viirs-snpp,Erbil,2019-07-02,12
viirs-snpp,Erbil,2019-07-03,9
viirs-snpp,Erbil,2019-07-04,10
viirs-snpp,Erbil,2019-07-05,6
viirs-snpp,Erbil,2019-07-06,14
viirs-snpp,Erbil,2019-07-07,11
viirs-snpp,Erbil,2019-07-08,15
viirs-snpp,Erbil,2019-07-09,35
viirs-snpp,Erbil,2019-07-10,17
viirs-snpp,Erbil,2019-07-11,25
viirs-snpp,Erbil,2019-07-12,7
viirs-snpp,Erbil,2019-07-13,3
viirs-snpp,Erbil,2019-07-14,9
viirs-snpp,Erbil,2019-07-15,27
viirs-snpp,Erbil,2019-07-16,22
viirs-snpp,Erbil,2019-07-17,10
viirs-snpp,Erbil,2019-07-18,10
viirs-snpp,Erbil,2019-07-19,17
viirs-snpp,Erbil,2019-07-20,22
viirs-snpp,Erbil,2019-07-21,5
viirs-snpp,Erbil,2019-07-22,1
viirs-snpp,Erbil,2019-07-23,4
viirs-snpp,Erbil,2019-07-24,4
viirs-snpp,Erbil,2019-07-25,3
viirs-snpp,Erbil,2019-07-26,2
viirs-snpp,Erbil,2019-07-27,6
viirs-snpp,Erbil,2019-07-28,12
viirs-snpp,Erbil,2019-07-29,19
viirs-snpp,Erbil,2019-07-30,2
viirs-snpp,Erbil,2019-07-31,24
viirs-snpp,Erbil,2024-05-04,8
viirs-snpp,Erbil,2024-05-05,1
viirs-snpp,Erbil,2024-05-06,1
viirs-snpp,Erbil,2024-05-08,1
viirs-snpp,Erbil,2024-05-09,4
viirs-snpp,Erbil,2024-05-13,1
viirs-snpp,Erbil,2024-05-15,1
viirs-snpp,Erbil,2024-05-16,1
viirs-snpp,Erbil,2024-05-20,1
viirs-snpp,Erbil,2024-05-21,1
viirs-snpp,Erbil,2024-05-22,1
viirs-snpp,Erbil,2024-05-24,5
viirs-snpp,Erbil,2024-05-25,6
viirs-snpp,Erbil,2024-05-26,3
viirs-snpp,Erbil,2024-05-27,10
viirs-snpp,Erbil,2024-05-29,4
viirs-snpp,Erbil,2024-06-04,8
viirs-snpp,Erbil,2024-06-05,4
viirs-snpp,Erbil,2024-06-06,6
viirs-snpp,Erbil,2024-06-07,19
viirs-snpp,Erbil,2024-06-08,3
viirs-snpp,Erbil,2024-06-09,12
viirs-snpp,Erbil,2024-06-10,1
viirs-snpp,Erbil,2024-06-11,11
viirs-snpp,Erbil,2024-06-12,17
viirs-snpp,Erbil,2024-06-13,8
viirs-snpp,Erbil,2024-06-14,5
viirs-snpp,Erbil,2024-06-15,0
viirs-snpp,Erbil,2024-06-16,1
viirs-snpp,Erbil,2024-06-17,10
viirs-snpp,Erbil,2024-06-18,37
viirs-snpp,Erbil,2024-06-19,13
viirs-snpp,Erbil,2024-06-20,5
viirs-snpp,Erbil,2024-06-21,6
viirs-snpp,Erbil,2024-06-22,11
viirs-snpp,Erbil,2024-06-23,11
viirs-snpp,Erbil,2024-06-24,8
viirs-snpp,Erbil,2024-06-25,5
viirs-snpp,Erbil,2024-06-26,6
viirs-snpp,Erbil,2024-06-27,4
viirs-snpp,Erbil,2024-06-28,3
viirs-snpp,Erbil,2024-06-29,2
viirs-snpp,Erbil,2024-06-30,7
viirs-snpp,Erbil,2024-07-01,8
viirs-snpp,Erbil,2024-07-02,3
viirs-snpp,Erbil,2024-07-03,4
viirs-snpp,Erbil,2024-07-04,5
viirs-snpp,Erbil,2024-07-05,37
viirs-snpp,Erbil,2024-07-06,10
viirs-snpp,Erbil,2024-07-07,12
viirs-snpp,Erbil,2024-07-08,4
viirs-snpp,Erbil,2024-07-09,14
viirs-snpp,Erbil,2024-07-16,7
viirs-snpp,Erbil,2024-07-17,25
viirs-snpp,Erbil,2024-07-18,18
viirs-snpp,Erbil,2024-07-19,18
viirs-snpp,Erbil,2024-07-20,14
viirs-snpp,Erbil,2024-07-21,14
viirs-snpp,Erbil,2024-07-22,4
viirs-snpp,Erbil,2024-07-23,5
viirs-snpp,Erbil,2024-07-24,1
viirs-snpp,Erbil,2024-07-29,8
viirs-snpp,Erbil,2024-07-30,1
viirs-snpp,Erbil,2024-07-31,11
viirs-snpp,Kirkuk,2019-05-01,1
viirs-snpp,Kirkuk,2019-05-03,2
viirs-snpp,Kirkuk,2019-05-05,1
viirs-snpp,Kirkuk,2019-05-07,7
viirs-snpp,Kirkuk,2019-05-08,2
viirs-snpp,Kirkuk,2019-05-09,1
viirs-snpp,Kirkuk,2019-05-10,0
viirs-snpp,Kirkuk,2019-05-11,2
viirs-snpp,Kirkuk,2019-05-12,5
viirs-snpp,Kirkuk,2019-05-13,0
viirs-snpp,Kirkuk,2019-05-14,2
viirs-snpp,Kirkuk,2019-05-15,23
viirs-snpp,Kirkuk,2019-05-16,37
viirs-snpp,Kirkuk,2019-05-17,22
viirs-snpp,Kirkuk,2019-05-18,45
viirs-snpp,Kirkuk,2019-05-19,35
viirs-snpp,Kirkuk,2019-05-20,42
viirs-snpp,Kirkuk,2019-05-21,22
viirs-snpp,Kirkuk,2019-05-22,26
viirs-snpp,Kirkuk,2019-05-23,16
viirs-snpp,Kirkuk,2019-05-24,23
viirs-snpp,Kirkuk,2019-05-25,22
viirs-snpp,Kirkuk,2019-05-26,1
viirs-snpp,Kirkuk,2019-05-27,30
viirs-snpp,Kirkuk,2019-05-28,2
viirs-snpp,Kirkuk,2019-05-29,25
viirs-snpp,Kirkuk,2019-05-30,57
viirs-snpp,Kirkuk,2019-05-31,114
viirs-snpp,Kirkuk,2019-06-01,51
viirs-snpp,Kirkuk,2019-06-02,26
viirs-snpp,Kirkuk,2019-06-03,76
viirs-snpp,Kirkuk,2019-06-04,112
viirs-snpp,Kirkuk,2019-06-05,58
viirs-snpp,Kirkuk,2019-06-06,46
viirs-snpp,Kirkuk,2019-06-07,31
viirs-snpp,Kirkuk,2019-06-08,19
viirs-snpp,Kirkuk,2019-06-09,15
viirs-snpp,Kirkuk,2019-06-10,17
viirs-snpp,Kirkuk,2019-06-11,12
viirs-snpp,Kirkuk,2019-06-12,102
viirs-snpp,Kirkuk,2019-06-13,25
viirs-snpp,Kirkuk,2019-06-14,23
viirs-snpp,Kirkuk,2019-06-15,42
viirs-snpp,Kirkuk,2019-06-16,87
viirs-snpp,Kirkuk,2019-06-17,68
viirs-snpp,Kirkuk,2019-06-18,48
viirs-snpp,Kirkuk,2019-06-19,16
viirs-snpp,Kirkuk,2019-06-20,73
viirs-snpp,Kirkuk,2019-06-21,89
viirs-snpp,Kirkuk,2019-06-22,76
viirs-snpp,Kirkuk,2019-06-23,23
viirs-snpp,Kirkuk,2019-06-24,49
viirs-snpp,Kirkuk,2019-06-25,62
viirs-snpp,Kirkuk,2019-06-26,100
viirs-snpp,Kirkuk,2019-06-27,240
viirs-snpp,Kirkuk,2019-06-28,47
viirs-snpp,Kirkuk,2019-06-29,41
viirs-snpp,Kirkuk,2019-06-30,58
viirs-snpp,Kirkuk,2019-07-01,49
viirs-snpp,Kirkuk,2019-07-02,43
viirs-snpp,Kirkuk,2019-07-03,86
viirs-snpp,Kirkuk,2019-07-04,35
viirs-snpp,Kirkuk,2019-07-05,50
viirs-snpp,Kirkuk,2019-07-06,33
viirs-snpp,Kirkuk,2019-07-07,52
viirs-snpp,Kirkuk,2019-07-08,29
viirs-snpp,Kirkuk,2019-07-09,42
viirs-snpp,Kirkuk,2019-07-10,10
viirs-snpp,Kirkuk,2019-07-11,39
viirs-snpp,Kirkuk,2019-07-12,52
viirs-snpp,Kirkuk,2019-07-13,56
viirs-snpp,Kirkuk,2019-07-14,25
viirs-snpp,Kirkuk,2019-07-15,11
viirs-snpp,Kirkuk,2019-07-16,17
viirs-snpp,Kirkuk,2019-07-17,23
viirs-snpp,Kirkuk,2019-07-18,14
viirs-snpp,Kirkuk,2019-07-19,25
viirs-snpp,Kirkuk,2019-07-20,33
viirs-snpp,Kirkuk,2019-07-21,14
viirs-snpp,Kirkuk,2019-07-22,15
viirs-snpp,Kirkuk,2019-07-23,14
viirs-snpp,Kirkuk,2019-07-24,17
viirs-snpp,Kirkuk,2019-07-25,12
viirs-snpp,Kirkuk,2019-07-26,33
viirs-snpp,Kirkuk,2019-07-27,8
viirs-snpp,Kirkuk,2019-07-28,32
viirs-snpp,Kirkuk,2019-07-29,29
viirs-snpp,Kirkuk,2019-07-30,16
viirs-snpp,Kirkuk,2019-07-31,5
viirs-snpp,Kirkuk,2024-05-03,0
viirs-snpp,Kirkuk,2024-05-04,2
viirs-snpp,Kirkuk,2024-05-05,0
viirs-snpp,Kirkuk,2024-05-06,6
viirs-snpp,Kirkuk,2024-05-07,2
viirs-snpp,Kirkuk,2024-05-08,2
viirs-snpp,Kirkuk,2024-05-09,3
viirs-snpp,Kirkuk,2024-05-11,6
viirs-snpp,Kirkuk,2024-05-14,2
viirs-snpp,Kirkuk,2024-05-16,2
viirs-snpp,Kirkuk,2024-05-17,0
viirs-snpp,Kirkuk,2024-05-18,3
viirs-snpp,Kirkuk,2024-05-19,0
viirs-snpp,Kirkuk,2024-05-22,3
viirs-snpp,Kirkuk,2024-05-23,2
viirs-snpp,Kirkuk,2024-05-24,3
viirs-snpp,Kirkuk,2024-05-25,6
viirs-snpp,Kirkuk,2024-05-26,10
viirs-snpp,Kirkuk,2024-05-27,8
viirs-snpp,Kirkuk,2024-05-28,15
viirs-snpp,Kirkuk,2024-05-29,17
viirs-snpp,Kirkuk,2024-06-04,12
viirs-snpp,Kirkuk,2024-06-05,12
viirs-snpp,Kirkuk,2024-06-06,11
viirs-snpp,Kirkuk,2024-06-07,48
viirs-snpp,Kirkuk,2024-06-08,99
viirs-snpp,Kirkuk,2024-06-09,24
viirs-snpp,Kirkuk,2024-06-10,5
viirs-snpp,Kirkuk,2024-06-11,35
viirs-snpp,Kirkuk,2024-06-12,42
viirs-snpp,Kirkuk,2024-06-13,40
viirs-snpp,Kirkuk,2024-06-14,31
viirs-snpp,Kirkuk,2024-06-15,8
viirs-snpp,Kirkuk,2024-06-16,3
viirs-snpp,Kirkuk,2024-06-17,9
viirs-snpp,Kirkuk,2024-06-18,27
viirs-snpp,Kirkuk,2024-06-19,24
viirs-snpp,Kirkuk,2024-06-20,34
viirs-snpp,Kirkuk,2024-06-21,5
viirs-snpp,Kirkuk,2024-06-22,12
viirs-snpp,Kirkuk,2024-06-23,25
viirs-snpp,Kirkuk,2024-06-24,20
viirs-snpp,Kirkuk,2024-06-25,8
viirs-snpp,Kirkuk,2024-06-26,16
viirs-snpp,Kirkuk,2024-06-27,16
viirs-snpp,Kirkuk,2024-06-28,27
viirs-snpp,Kirkuk,2024-06-29,76
viirs-snpp,Kirkuk,2024-06-30,44
viirs-snpp,Kirkuk,2024-07-01,4
viirs-snpp,Kirkuk,2024-07-02,21
viirs-snpp,Kirkuk,2024-07-03,15
viirs-snpp,Kirkuk,2024-07-04,11
viirs-snpp,Kirkuk,2024-07-05,19
viirs-snpp,Kirkuk,2024-07-06,5
viirs-snpp,Kirkuk,2024-07-07,1
viirs-snpp,Kirkuk,2024-07-08,16
viirs-snpp,Kirkuk,2024-07-09,18
viirs-snpp,Kirkuk,2024-07-17,17
viirs-snpp,Kirkuk,2024-07-18,2
viirs-snpp,Kirkuk,2024-07-19,5
viirs-snpp,Kirkuk,2024-07-20,6
viirs-snpp,Kirkuk,2024-07-21,8
viirs-snpp,Kirkuk,2024-07-22,6
viirs-snpp,Kirkuk,2024-07-23,2
viirs-snpp,Kirkuk,2024-07-29,8
viirs-snpp,Kirkuk,2024-07-30,0
viirs-snpp,Kirkuk,2024-07-31,3
viirs-snpp,Ninawa,2019-05-01,0
viirs-snpp,Ninawa,2019-05-02,0
viirs-snpp,Ninawa,2019-05-05,0
viirs-snpp,Ninawa,2019-05-08,0
viirs-snpp,Ninawa,2019-05-09,1
viirs-snpp,Ninawa,2019-05-10,0
viirs-snpp,Ninawa,2019-05-11,0
viirs-snpp,Ninawa,2019-05-12,0
viirs-snpp,Ninawa,2019-05-13,0
viirs-snpp,Ninawa,2019-05-14,0
viirs-snpp,Ninawa,2019-05-15,0
viirs-snpp,Ninawa,2019-05-16,1
viirs-snpp,Ninawa,2019-05-17,4
viirs-snpp,Ninawa,2019-05-18,0
viirs-snpp,Ninawa,2019-05-19,0
viirs-snpp,Ninawa,2019-05-20,7
viirs-snpp,Ninawa,2019-05-21,5
viirs-snpp,Ninawa,2019-05-22,1
viirs-snpp,Ninawa,2019-05-23,0
viirs-snpp,Ninawa,2019-05-24,2
viirs-snpp,Ninawa,2019-05-25,2
viirs-snpp,Ninawa,2019-05-26,7
viirs-snpp,Ninawa,2019-05-27,2
viirs-snpp,Ninawa,2019-05-28,4
viirs-snpp,Ninawa,2019-05-29,2
viirs-snpp,Ninawa,2019-05-30,9
viirs-snpp,Ninawa,2019-05-31,7
viirs-snpp,Ninawa,2019-06-01,4
viirs-snpp,Ninawa,2019-06-03,6
viirs-snpp,Ninawa,2019-06-04,30
viirs-snpp,Ninawa,2019-06-05,70
viirs-snpp,Ninawa,2019-06-06,18
viirs-snpp,Ninawa,2019-06-07,1
viirs-snpp,Ninawa,2019-06-08,4
viirs-snpp,Ninawa,2019-06-09,10
viirs-snpp,Ninawa,2019-06-10,55
viirs-snpp,Ninawa,2019-06-11,136
viirs-snpp,Ninawa,2019-06-12,34
viirs-snpp,Ninawa,2019-06-13,8
viirs-snpp,Ninawa,2019-06-14,178
viirs-snpp,Ninawa,2019-06-15,50
viirs-snpp,Ninawa,2019-06-16,21
viirs-snpp,Ninawa,2019-06-17,54
viirs-snpp,Ninawa,2019-06-18,1
viirs-snpp,Ninawa,2019-06-19,28
viirs-snpp,Ninawa,2019-06-20,32
viirs-snpp,Ninawa,2019-06-21,70
viirs-snpp,Ninawa,2019-06-22,25
viirs-snpp,Ninawa,2019-06-23,98
viirs-snpp,Ninawa,2019-06-24,171
viirs-snpp,Ninawa,2019-06-25,120
viirs-snpp,Ninawa,2019-06-26,304
viirs-snpp,Ninawa,2019-06-27,252
viirs-snpp,Ninawa,2019-06-28,165
viirs-snpp,Ninawa,2019-06-29,92
viirs-snpp,Ninawa,2019-06-30,153
viirs-snpp,Ninawa,2019-07-01,80
viirs-snpp,Ninawa,2019-07-02,105
viirs-snpp,Ninawa,2019-07-03,83
viirs-snpp,Ninawa,2019-07-04,7
viirs-snpp,Ninawa,2019-07-05,5
viirs-snpp,Ninawa,2019-07-06,71
viirs-snpp,Ninawa,2019-07-07,117
viirs-snpp,Ninawa,2019-07-08,215
viirs-snpp,Ninawa,2019-07-09,122
viirs-snpp,Ninawa,2019-07-10,45
viirs-snpp,Ninawa,2019-07-11,58
viirs-snpp,Ninawa,2019-07-12,522
viirs-snpp,Ninawa,2019-07-13,81
viirs-snpp,Ninawa,2019-07-14,144
viirs-snpp,Ninawa,2019-07-15,216
viirs-snpp,Ninawa,2019-07-16,114
viirs-snpp,Ninawa,2019-07-17,50
viirs-snpp,Ninawa,2019-07-18,206
viirs-snpp,Ninawa,2019-07-19,51
viirs-snpp,Ninawa,2019-07-20,41
viirs-snpp,Ninawa,2019-07-21,7
viirs-snpp,Ninawa,2019-07-22,10
viirs-snpp,Ninawa,2019-07-23,139
viirs-snpp,Ninawa,2019-07-24,113
viirs-snpp,Ninawa,2019-07-25,99
viirs-snpp,Ninawa,2019-07-26,48
viirs-snpp,Ninawa,2019-07-27,51
viirs-snpp,Ninawa,2019-07-28,219
viirs-snpp,Ninawa,2019-07-29,36
viirs-snpp,Ninawa,2019-07-30,21
viirs-snpp,Ninawa,2019-07-31,68
viirs-snpp,Ninawa,2024-05-08,0
viirs-snpp,Ninawa,2024-05-10,1
viirs-snpp,Ninawa,2024-05-12,0
viirs-snpp,Ninawa,2024-05-13,1
viirs-snpp,Ninawa,2024-05-17,5
viirs-snpp,Ninawa,2024-05-20,1
viirs-snpp,Ninawa,2024-05-25,2
viirs-snpp,Ninawa,2024-05-26,10
viirs-snpp,Ninawa,2024-05-27,18
viirs-snpp,Ninawa,2024-05-28,88
viirs-snpp,Ninawa,2024-05-29,11
viirs-snpp,Ninawa,2024-06-04,16
viirs-snpp,Ninawa,2024-06-05,10
viirs-snpp,Ninawa,2024-06-06,10
viirs-snpp,Ninawa,2024-06-07,34
viirs-snpp,Ninawa,2024-06-08,91
viirs-snpp,Ninawa,2024-06-09,131
viirs-snpp,Ninawa,2024-06-10,47
viirs-snpp,Ninawa,2024-06-11,18
viirs-snpp,Ninawa,2024-06-12,13
viirs-snpp,Ninawa,2024-06-13,14
viirs-snpp,Ninawa,2024-06-14,9
viirs-snpp,Ninawa,2024-06-15,5
viirs-snpp,Ninawa,2024-06-16,4
viirs-snpp,Ninawa,2024-06-17,9
viirs-snpp,Ninawa,2024-06-18,41
viirs-snpp,Ninawa,2024-06-19,8
viirs-snpp,Ninawa,2024-06-20,2
viirs-snpp,Ninawa,2024-06-21,5
viirs-snpp,Ninawa,2024-06-22,34
viirs-snpp,Ninawa,2024-06-23,22
viirs-snpp,Ninawa,2024-06-24,45
viirs-snpp,Ninawa,2024-06-25,17
viirs-snpp,Ninawa,2024-06-26,27
viirs-snpp,Ninawa,2024-06-27,71
viirs-snpp,Ninawa,2024-06-28,34
viirs-snpp,Ninawa,2024-06-29,45
viirs-snpp,Ninawa,2024-06-30,23
viirs-snpp,Ninawa,2024-07-01,29
viirs-snpp,Ninawa,2024-07-02,18
viirs-snpp,Ninawa,2024-07-03,14
viirs-snpp,Ninawa,2024-07-04,18
viirs-snpp,Ninawa,2024-07-05,94
viirs-snpp,Ninawa,2024-07-06,44
viirs-snpp,Ninawa,2024-07-07,17
viirs-snpp,Ninawa,2024-07-08,32
viirs-snpp,Ninawa,2024-07-09,18
viirs-snpp,Ninawa,2024-07-16,8
viirs-snpp,Ninawa,2024-07-17,15
viirs-snpp,Ninawa,2024-07-18,13
viirs-snpp,Ninawa,2024-07-19,28
viirs-snpp,Ninawa,2024-07-20,20
viirs-snpp,Ninawa,2024-07-21,19
viirs-snpp,Ninawa,2024-07-22,15
viirs-snpp,Ninawa,2024-07-23,5
viirs-snpp,Ninawa,2024-07-24,1
viirs-snpp,Ninawa,2024-07-29,3
viirs-snpp,Ninawa,2024-07-30,6
viirs-snpp,Ninawa,2024-07-31,17
